shipment_id,date,origin_hub,destination_city,destination_region,product_category,mode,distance_km,avg_speed_kmh,planned_duration_min,actual_duration_min,delay_min,on_time,quantity_tons,capacity_utilization,fuel_liters,co2_kg,cost_mad,temperature_breach,o_lat,o_lon,d_lat,d_lon,lat,lon
CPG100000,2024-11-20,Casablanca,Béni Mellal,Béni Mellal-Khénifra,Beurre,Camion standard,241.2,63.9,201.4,226.6,25.2,0,6.68,0.89,65.83,176.42,940.91,0,33.59191,-7.62882,32.3061,-6.32729,32.3061,-6.32729
CPG100001,2024-10-29,Casablanca,El Jadida,Casablanca-Settat,Beurre,Camion réfrigéré,121.7,61.6,100.3,118.5,18.2,1,12.5,0.66,38.23,102.45,778.19,0,33.55948,-7.56535,33.2534,-8.51445,33.2534,-8.51445
CPG100002,2024-10-17,Marrakech,Kénitra,Rabat-Salé-Kénitra,Beurre,Camion standard,378.5,73.1,295.4,310.9,15.5,1,7.11,0.85,95.55,256.08,1414.82,0,31.61301,-7.96809,34.25758,-6.6054,34.25758,-6.6054
CPG100003,2024-08-30,Marrakech,Béni Mellal,Béni Mellal-Khénifra,Lait UHT,Camion standard,188.7,76.9,140.3,147.3,7.0,1,8.14,0.83,49.73,133.27,739.8,0,31.62009,-7.99388,32.29359,-6.35939,32.29359,-6.35939
CPG100004,2024-09-11,Rabat,Marrakech,Marrakech-Safi,Lait pasteurisé,Camion standard,324.9,63.4,286.1,307.4,21.4,0,7.78,0.62,79.46,212.94,1201.06,0,33.99823,-6.85999,31.62376,-8.01937,31.62376,-8.01937
CPG100005,2024-02-28,Agadir,Nador,Oriental,Lait pasteurisé,Camion standard,950.0,56.8,1003.3,1003.3,0.0,1,7.62,0.58,247.91,664.4,4186.84,0,30.43673,-9.58479,35.16847,-2.91428,35.16847,-2.91428
CPG100006,2024-08-17,Tadla (Fkih Ben Salah),Nador,Oriental,Lait UHT,Camion réfrigéré,542.1,70.1,463.7,463.7,0.0,1,5.02,0.75,183.32,491.3,2872.97,0,32.481,-6.69678,35.14009,-2.93486,35.14009,-2.93486
CPG100007,2024-05-31,Casablanca,Béni Mellal,Béni Mellal-Khénifra,Fromage frais,Camion réfrigéré,194.2,59.7,195.3,195.3,0.0,1,5.88,0.5,63.42,169.96,1145.91,0,33.5898,-7.58266,32.3439,-6.30902,32.3439,-6.30902
CPG100008,2024-03-30,Tadla (Fkih Ben Salah),Tanger,Tanger-Tétouan-Al Hoceïma,Lait pasteurisé,Camion réfrigéré,419.2,58.4,402.4,430.4,28.0,0,6.06,0.56,124.36,333.27,2307.32,0,32.48021,-6.73264,35.84692,-5.82157,35.84692,-5.82157
CPG100009,2024-09-22,Marrakech,Nador,Oriental,Yaourt,Camion réfrigéré,649.5,60.6,643.0,643.0,0.0,1,7.58,0.7,200.36,536.97,3795.08,0,31.61951,-8.0048,35.17201,-2.89922,35.17201,-2.89922
CPG100010,2024-01-12,Agadir,Casablanca,Casablanca-Settat,Crème fraîche,Camion réfrigéré,523.9,78.6,394.1,399.9,5.8,1,7.7,0.95,161.87,433.82,3085.28,0,30.43125,-9.56652,33.53633,-7.62814,33.53633,-7.62814
CPG100011,2024-10-30,Casablanca,Rabat,Rabat-Salé-Kénitra,Beurre,Camionnette réfrigérée,97.4,49.6,100.8,117.9,17.1,1,6.75,0.82,16.31,43.72,418.89,0,33.60233,-7.61194,34.01551,-6.8531,34.01551,-6.8531
CPG100012,2024-02-24,Marrakech,Agadir,Souss-Massa,Lait UHT,Camionnette réfrigérée,222.2,48.4,248.5,275.5,27.0,0,10.24,0.7,45.23,121.23,778.62,0,31.64782,-8.00763,30.40146,-9.60812,30.40146,-9.60812
CPG100013,2024-02-08,Marrakech,Khouribga,Béni Mellal-Khénifra,Beurre,Camion réfrigéré,228.7,55.1,218.9,249.0,30.1,0,4.67,0.4,75.59,202.58,1257.79,0,31.67985,-7.94356,32.88381,-6.89945,32.88381,-6.89945
CPG100014,2024-11-30,Marrakech,Taroudant,Souss-Massa,Lait pasteurisé,Camion réfrigéré,183.4,44.9,189.3,244.8,55.6,0,5.47,0.77,64.91,173.95,956.13,0,31.62761,-8.01625,30.45442,-8.90331,30.45442,-8.90331
CPG100015,2024-03-01,Rabat,Agadir,Souss-Massa,Lait UHT,Camion réfrigéré,508.0,69.9,421.9,436.2,14.3,1,6.65,0.72,180.88,484.77,2325.98,0,33.9934,-6.84636,30.41652,-9.60211,30.41652,-9.60211
CPG100016,2024-08-17,Rabat,Marrakech,Marrakech-Safi,Yaourt,Camion réfrigéré,332.9,73.2,253.7,272.9,19.2,1,9.1,0.79,121.95,326.82,1958.81,0,34.02862,-6.85686,31.6923,-7.9339,31.6923,-7.9339
CPG100017,2024-10-11,Marrakech,Taroudant,Souss-Massa,Lait pasteurisé,Camion standard,183.8,74.7,147.7,147.7,0.0,1,11.34,0.49,49.2,131.87,830.5,0,31.63255,-7.95167,30.4672,-8.88456,30.4672,-8.88456
CPG100018,2024-12-01,Casablanca,Oujda,Oriental,Yaourt,Camion standard,616.9,74.8,487.4,494.9,7.6,1,4.55,0.87,158.35,424.37,2530.07,0,33.58475,-7.55515,34.67137,-1.8696,34.67137,-1.8696
CPG100019,2024-08-12,Casablanca,Laâyoune,Laâyoune-Sakia El Hamra,Lben,Camion standard,975.6,85.4,683.8,685.3,1.5,1,6.59,0.54,243.33,652.12,3909.04,0,33.58772,-7.62124,27.14783,-13.10788,27.14783,-13.10788
CPG100020,2024-09-26,Casablanca,Agadir,Souss-Massa,Yaourt,Camion standard,512.9,66.7,461.6,461.6,0.0,1,7.53,0.85,151.45,405.9,2146.74,0,33.57919,-7.58836,30.44606,-9.66684,30.44606,-9.66684
CPG100021,2024-10-05,Rabat,Khouribga,Béni Mellal-Khénifra,Crème fraîche,Camion réfrigéré,138.9,66.4,124.6,125.4,0.8,1,7.07,0.85,44.17,118.38,903.11,0,34.01795,-6.84465,32.88921,-6.9322,32.88921,-6.9322
CPG100022,2024-05-22,Rabat,Laâyoune,Laâyoune-Sakia El Hamra,Fromage frais,Camion réfrigéré,1197.4,79.8,900.4,900.4,0.0,1,4.28,0.79,432.82,1159.96,6583.94,0,34.0168,-6.88167,27.14192,-13.09267,27.14192,-13.09267
CPG100023,2024-11-16,Rabat,Casablanca,Casablanca-Settat,Crème fraîche,Camion réfrigéré,91.8,52.8,89.3,104.3,15.0,1,5.4,0.8,26.7,71.55,478.14,1,34.03494,-6.83884,33.55895,-7.57602,33.55895,-7.57602
CPG100024,2024-10-23,Rabat,Taroudant,Souss-Massa,Crème fraîche,Camion standard,566.1,79.7,415.2,426.2,11.0,1,6.23,0.92,161.63,433.18,2447.9,0,33.97423,-6.85517,30.43141,-8.92147,30.43141,-8.92147
CPG100025,2024-03-11,Marrakech,Rabat,Rabat-Salé-Kénitra,Fromage frais,Camion réfrigéré,305.4,61.0,274.3,300.2,25.9,0,5.01,0.56,99.17,265.78,1739.41,0,31.66392,-8.00874,34.01016,-6.81749,34.01016,-6.81749
CPG100026,2024-10-13,Rabat,Agadir,Souss-Massa,Fromage frais,Camionnette réfrigérée,600.0,59.7,585.9,603.1,17.2,1,12.32,0.73,104.71,280.64,2028.88,0,34.01404,-6.87114,30.43866,-9.55848,30.43866,-9.55848
CPG100027,2024-08-19,Marrakech,Meknès,Fès-Meknès,Lait UHT,Camion réfrigéré,388.6,85.4,272.9,272.9,0.0,1,5.36,0.68,132.19,354.28,1936.01,0,31.59771,-8.02256,33.90292,-5.5723,33.90292,-5.5723
CPG100028,2024-07-25,Tadla (Fkih Ben Salah),Tétouan,Tanger-Tétouan-Al Hoceïma,Crème fraîche,Camionnette réfrigérée,461.8,57.5,481.9,482.3,0.3,1,4.12,0.82,92.31,247.38,1373.97,0,32.55195,-6.68554,35.54424,-5.36821,35.54424,-5.36821
CPG100029,2024-03-04,Tadla (Fkih Ben Salah),Tanger,Tanger-Tétouan-Al Hoceïma,Lait pasteurisé,Camion réfrigéré,484.8,61.5,472.7,472.7,0.0,1,13.28,0.79,151.67,406.47,2773.31,0,32.49329,-6.72982,35.78757,-5.88894,35.78757,-5.88894
CPG100030,2024-01-16,Marrakech,Fès,Fès-Meknès,Lait UHT,Camion standard,422.4,86.7,292.5,292.5,0.0,1,5.96,0.93,113.84,305.09,1494.62,0,31.64532,-7.97421,34.02108,-5.01038,34.02108,-5.01038
CPG100031,2024-06-20,Agadir,Tanger,Tanger-Tétouan-Al Hoceïma,Lait pasteurisé,Camion réfrigéré,771.2,78.3,590.7,590.9,0.2,1,4.19,0.76,262.15,702.55,4138.53,0,30.41883,-9.58905,35.74865,-5.86223,35.74865,-5.86223
CPG100032,2024-05-22,Marrakech,Rabat,Rabat-Salé-Kénitra,Beurre,Camionnette réfrigérée,342.2,44.1,358.9,466.1,107.2,0,3.02,0.59,61.58,165.03,1291.98,0,31.64275,-7.9734,33.99064,-6.82039,33.99064,-6.82039
CPG100033,2024-05-03,Casablanca,Casablanca,Casablanca-Settat,Fromage frais,Camion réfrigéré,5.0,15.7,4.3,19.1,14.8,1,10.24,0.91,1.74,4.68,181.72,0,33.56004,-7.57883,33.59528,-7.59459,33.59528,-7.59459
CPG100034,2024-11-09,Tadla (Fkih Ben Salah),Laâyoune,Laâyoune-Sakia El Hamra,Yaourt,Camion standard,1021.2,74.7,708.4,820.1,111.8,0,1.88,0.53,301.75,808.68,3877.06,0,32.51429,-6.65005,27.11649,-13.19466,27.11649,-13.19466
CPG100035,2024-12-22,Agadir,Essaouira,Marrakech-Safi,Crème fraîche,Camion standard,156.4,65.4,123.4,143.5,20.1,0,7.16,0.51,46.16,123.71,760.13,0,30.45329,-9.61065,31.52396,-9.77683,31.52396,-9.77683
CPG100036,2024-09-16,Tadla (Fkih Ben Salah),Khouribga,Béni Mellal-Khénifra,Yaourt,Camion standard,49.4,66.3,38.9,44.7,5.8,1,3.59,0.36,13.16,35.26,259.27,0,32.52902,-6.69881,32.88835,-6.92472,32.88835,-6.92472
CPG100037,2024-05-24,Agadir,Meknès,Fès-Meknès,Fromage frais,Camion standard,624.7,89.0,414.3,421.2,6.9,1,8.22,0.46,168.36,451.19,2765.03,0,30.40553,-9.58651,33.88491,-5.553,33.88491,-5.553
CPG100038,2024-04-21,Tadla (Fkih Ben Salah),Salé,Rabat-Salé-Kénitra,Fromage frais,Camion réfrigéré,205.2,44.0,189.1,279.5,90.4,0,5.54,0.71,62.95,168.7,1065.55,0,32.51175,-6.68361,34.10314,-6.83161,34.10314,-6.83161
CPG100039,2024-09-27,Agadir,Laâyoune,Laâyoune-Sakia El Hamra,Lait UHT,Camionnette réfrigérée,579.6,59.6,565.8,583.6,17.8,1,8.79,0.81,119.84,321.17,2112.53,0,30.41352,-9.62444,27.14885,-13.15433,27.14885,-13.15433
CPG100040,2024-10-15,Marrakech,Settat,Casablanca-Settat,Lben,Camion réfrigéré,194.7,65.8,177.6,177.6,0.0,1,4.31,0.37,57.1,153.04,1033.51,0,31.64532,-7.95113,32.98794,-7.63097,32.98794,-7.63097
CPG100041,2024-01-19,Tadla (Fkih Ben Salah),Casablanca,Casablanca-Settat,Lait pasteurisé,Camion réfrigéré,162.2,63.1,131.8,154.3,22.5,0,6.47,0.69,53.07,142.22,875.51,0,32.52098,-6.70952,33.54218,-7.59151,33.54218,-7.59151
CPG100042,2024-02-02,Agadir,Béni Mellal,Béni Mellal-Khénifra,Fromage frais,Camion réfrigéré,447.0,60.1,380.2,446.5,66.4,0,7.75,0.73,130.42,349.52,2136.14,0,30.45036,-9.64371,32.30663,-6.35269,32.30663,-6.35269
CPG100043,2024-03-09,Casablanca,Settat,Casablanca-Settat,Fromage frais,Camion standard,77.7,31.6,64.0,147.6,83.6,0,5.46,0.59,20.22,54.19,410.81,0,33.52815,-7.56977,33.02521,-7.6652,33.02521,-7.6652
CPG100044,2024-04-20,Rabat,Taroudant,Souss-Massa,Fromage frais,Camion réfrigéré,565.9,70.4,460.6,482.1,21.6,0,1.51,0.73,170.46,456.83,3058.04,0,34.00248,-6.8245,30.52386,-8.84292,30.52386,-8.84292
CPG100045,2024-04-25,Marrakech,Khouribga,Béni Mellal-Khénifra,Lait UHT,Camion réfrigéré,216.4,53.8,230.7,241.5,10.8,1,9.0,0.72,77.84,208.62,1344.02,0,31.62974,-7.97704,32.88876,-6.86578,32.88876,-6.86578
CPG100046,2024-10-05,Casablanca,Taroudant,Souss-Massa,Beurre,Camion réfrigéré,456.8,71.5,356.1,383.5,27.4,0,4.13,0.56,146.04,391.39,2481.23,0,33.54809,-7.57958,30.46577,-8.89938,30.46577,-8.89938
CPG100047,2024-10-03,Agadir,Safi,Marrakech-Safi,Yaourt,Camion réfrigéré,271.8,45.4,261.6,359.0,97.4,0,7.26,0.55,82.17,220.21,1361.38,0,30.43214,-9.60214,32.26207,-9.24677,32.26207,-9.24677
CPG100048,2024-06-06,Rabat,Settat,Casablanca-Settat,Yaourt,Camion standard,156.2,40.6,195.5,230.9,35.4,0,5.44,0.61,46.38,124.3,604.59,0,33.98366,-6.84102,32.96614,-7.6801,32.96614,-7.6801
CPG100049,2024-01-09,Marrakech,Tanger,Tanger-Tétouan-Al Hoceïma,Lait pasteurisé,Camion standard,584.6,75.1,440.3,466.8,26.5,0,5.13,0.86,156.93,420.58,2219.71,0,31.66457,-7.98297,35.81665,-5.83293,35.81665,-5.83293
CPG100050,2024-03-30,Tadla (Fkih Ben Salah),Kénitra,Rabat-Salé-Kénitra,Beurre,Camionnette réfrigérée,211.7,51.8,245.4,245.4,0.0,1,4.86,0.71,34.73,93.07,758.38,0,32.51333,-6.70964,34.27375,-6.63831,34.27375,-6.63831
CPG100051,2024-06-29,Marrakech,Oujda,Oriental,Crème fraîche,Camionnette réfrigérée,865.5,46.4,1081.8,1119.8,38.0,0,9.99,0.66,143.98,385.87,3245.17,0,31.62508,-7.98317,34.62264,-1.90897,34.62264,-1.90897
CPG100052,2024-05-20,Agadir,Tétouan,Tanger-Tétouan-Al Hoceïma,Beurre,Camion réfrigéré,851.8,53.4,943.4,956.9,13.5,1,10.95,0.63,253.55,679.52,4943.37,0,30.42157,-9.57711,35.56625,-5.36724,35.56625,-5.36724
CPG100053,2024-11-04,Tadla (Fkih Ben Salah),Kénitra,Rabat-Salé-Kénitra,Crème fraîche,Camionnette réfrigérée,247.7,44.5,301.2,333.7,32.5,0,5.61,0.59,50.02,134.05,954.17,0,32.51111,-6.70244,34.23845,-6.56829,34.23845,-6.56829
CPG100054,2024-11-30,Tadla (Fkih Ben Salah),Tanger,Tanger-Tétouan-Al Hoceïma,Lben,Camion réfrigéré,403.4,77.3,292.2,313.1,20.8,0,6.25,0.86,120.03,321.67,2369.24,0,32.49535,-6.68849,35.75441,-5.82159,35.75441,-5.82159
CPG100055,2024-06-18,Marrakech,Rabat,Rabat-Salé-Kénitra,Beurre,Camion réfrigéré,371.1,65.9,308.9,338.0,29.1,0,10.34,0.65,125.35,335.95,2159.28,0,31.63622,-8.03971,34.02958,-6.85227,34.02958,-6.85227
CPG100056,2024-04-20,Rabat,Marrakech,Marrakech-Safi,Lait pasteurisé,Camion réfrigéré,386.1,74.4,303.5,311.3,7.8,1,7.12,0.81,121.06,324.44,2178.62,0,34.01871,-6.84231,31.63343,-8.01117,31.63343,-8.01117
CPG100057,2024-08-06,Marrakech,Oujda,Oriental,Crème fraîche,Camion réfrigéré,826.2,50.0,895.4,992.3,96.9,0,8.94,0.94,262.15,702.57,4581.77,0,31.59889,-7.97651,34.69471,-1.8947,34.69471,-1.8947
CPG100058,2024-02-29,Rabat,Agadir,Souss-Massa,Lait pasteurisé,Camion réfrigéré,592.5,71.2,482.3,499.4,17.1,1,5.45,0.83,171.58,459.83,2920.0,0,34.02352,-6.82512,30.4508,-9.59446,30.4508,-9.59446
CPG100059,2024-11-10,Marrakech,Settat,Casablanca-Settat,Lait pasteurisé,Camion standard,170.6,64.8,136.8,158.0,21.2,0,5.48,0.39,44.4,118.99,750.26,0,31.63054,-7.98658,32.96965,-7.64723,32.96965,-7.64723
CPG100060,2024-12-14,Marrakech,Laâyoune,Laâyoune-Sakia El Hamra,Fromage frais,Camion réfrigéré,930.5,68.2,741.9,818.6,76.7,0,8.46,0.74,292.86,784.87,4473.91,0,31.6392,-7.99166,27.13138,-13.17751,27.13138,-13.17751
CPG100061,2024-11-03,Rabat,Essaouira,Marrakech-Safi,Yaourt,Camion réfrigéré,466.3,67.1,403.4,417.2,13.8,1,6.07,0.94,164.73,441.47,2683.15,0,34.01682,-6.83941,31.52163,-9.79675,31.52163,-9.79675
CPG100062,2024-08-02,Tadla (Fkih Ben Salah),Casablanca,Casablanca-Settat,Lait UHT,Camion réfrigéré,187.0,50.0,209.1,224.5,15.4,1,14.37,0.63,68.54,183.68,1042.2,0,32.5289,-6.69155,33.54094,-7.57615,33.54094,-7.57615
CPG100063,2024-04-08,Marrakech,Marrakech,Marrakech-Safi,Yaourt,Camion standard,5.0,15.9,4.2,18.9,14.7,1,9.93,0.96,1.46,3.91,170.48,0,31.60154,-8.01197,31.63281,-7.99335,31.63281,-7.99335
CPG100064,2024-04-28,Tadla (Fkih Ben Salah),Tanger,Tanger-Tétouan-Al Hoceïma,Beurre,Camion standard,477.1,76.1,341.9,376.2,34.3,0,3.27,0.68,120.56,323.1,2047.72,0,32.51039,-6.71195,35.77792,-5.81605,35.77792,-5.81605
CPG100065,2024-07-13,Casablanca,Essaouira,Marrakech-Safi,Lait UHT,Camion standard,393.3,85.3,268.3,276.7,8.3,1,4.0,0.68,117.32,314.41,1373.61,0,33.57316,-7.6048,31.47884,-9.74599,31.47884,-9.74599
CPG100066,2024-11-07,Agadir,Nador,Oriental,Lait pasteurisé,Camion réfrigéré,970.5,61.6,922.7,945.0,,0,5.42,0.87,343.42,920.36,4830.94,0,30.42602,-9.59802,35.16995,-2.92758,35.16995,-2.92758
CPG100067,2024-08-26,Casablanca,Laâyoune,Laâyoune-Sakia El Hamra,Lait UHT,Camion réfrigéré,1172.9,64.7,1087.1,1087.1,0.0,1,4.09,1.0,404.45,1083.93,5172.97,1,33.57313,-7.56034,27.14623,-13.15918,27.14623,-13.15918
CPG100068,2024-10-09,Rabat,Taroudant,Souss-Massa,Yaourt,Camion réfrigéré,569.5,71.3,479.2,479.2,0.0,1,4.26,0.81,164.06,439.67,2698.08,0,34.00094,-6.8433,30.41306,-8.88051,30.41306,-8.88051
CPG100069,2024-03-03,Marrakech,Béni Mellal,Béni Mellal-Khénifra,Lait UHT,Camion standard,184.5,51.3,181.7,215.9,34.3,0,2.8,0.65,47.04,126.06,666.71,0,31.64965,-7.98623,32.33307,-6.30385,32.33307,-6.30385
CPG100070,2024-09-09,Casablanca,Essaouira,Marrakech-Safi,Lait UHT,Camionnette réfrigérée,378.2,51.6,439.9,439.9,0.0,1,0.2,0.54,75.77,203.07,1323.45,0,33.61873,-7.58385,31.48713,-9.78589,31.48713,-9.78589
CPG100071,2024-12-29,Agadir,Salé,Rabat-Salé-Kénitra,Beurre,Camion réfrigéré,588.8,56.7,610.2,623.5,13.3,1,4.28,0.72,184.7,495.01,2771.73,0,30.44237,-9.60963,34.02607,-6.78278,34.02607,-6.78278
CPG100072,2024-01-26,Marrakech,El Jadida,Casablanca-Settat,Crème fraîche,Camionnette réfrigérée,232.4,51.0,247.0,273.5,26.5,0,4.27,0.77,43.44,116.42,781.63,0,31.61888,-7.9602,33.22486,-8.45839,33.22486,-8.45839
CPG100073,2024-02-04,Tadla (Fkih Ben Salah),Tétouan,Tanger-Tétouan-Al Hoceïma,Beurre,Camion réfrigéré,442.8,48.2,439.3,551.3,112.0,0,10.8,0.94,141.43,379.04,2664.12,0,32.50195,-6.67408,35.56403,-5.33842,35.56403,-5.33842
CPG100074,2024-06-07,Rabat,Casablanca,Casablanca-Settat,Crème fraîche,Camion réfrigéré,108.5,63.6,86.6,102.3,15.8,1,6.43,1.0,36.14,96.86,607.31,0,34.02817,-6.84596,33.55511,-7.5412,33.55511,-7.5412
CPG100075,2024-06-30,Marrakech,Salé,Rabat-Salé-Kénitra,Fromage frais,Camionnette réfrigérée,322.2,37.5,492.7,516.0,23.3,0,0.2,0.57,58.36,156.4,1012.83,0,31.59799,-7.99433,34.06083,-6.77314,34.06083,-6.77314
CPG100076,2024-12-05,Casablanca,Salé,Rabat-Salé-Kénitra,Lait UHT,Camion réfrigéré,118.8,54.4,130.4,131.0,0.6,1,6.44,0.49,34.59,92.7,688.69,0,33.58118,-7.57849,34.07724,-6.81875,34.07724,-6.81875
CPG100077,2024-02-20,Tadla (Fkih Ben Salah),Meknès,Fès-Meknès,Beurre,Camionnette réfrigérée,220.1,49.9,212.3,265.0,52.7,0,4.27,0.78,36.02,96.53,787.65,0,32.4785,-6.67247,33.91576,-5.60364,33.91576,-5.60364
CPG100078,2024-03-03,Agadir,Laâyoune,Laâyoune-Sakia El Hamra,Crème fraîche,Camion standard,537.5,72.0,429.0,448.0,19.0,1,5.08,0.66,145.04,388.7,2076.2,0,30.44612,-9.60028,27.13511,-13.18447,27.13511,-13.18447
CPG100079,2024-04-23,Rabat,Safi,Marrakech-Safi,Fromage frais,Camion standard,385.0,79.5,290.7,290.7,0.0,1,7.52,0.8,107.69,288.6,1734.09,0,33.99836,-6.81503,32.28801,-9.22589,32.28801,-9.22589
CPG100080,2024-05-19,Agadir,Nador,Oriental,Lait UHT,Camion réfrigéré,952.6,70.9,804.7,806.6,1.9,1,4.98,0.79,290.04,777.3,5528.45,0,30.42451,-9.63314,35.08209,-2.93822,35.08209,-2.93822
CPG100081,2024-12-07,Agadir,Oujda,Oriental,Lait UHT,Camion standard,921.0,73.1,743.7,755.6,11.9,1,5.33,1.0,277.54,743.8,4007.93,0,30.42132,-9.60218,34.63911,-1.87312,34.63911,-1.87312
CPG100082,2024-10-27,Casablanca,Rabat,Rabat-Salé-Kénitra,Yaourt,Camion réfrigéré,109.2,80.6,81.3,81.3,0.0,1,9.08,0.82,32.91,88.21,755.01,0,33.59252,-7.58924,34.08778,-6.81174,34.08778,-6.81174
CPG100083,2024-06-30,Casablanca,Agadir,Souss-Massa,Yaourt,Camion réfrigéré,475.6,65.7,400.5,434.1,33.6,0,7.31,1.0,154.82,414.91,2778.43,0,33.5643,-7.64891,30.43491,-9.6006,30.43491,-9.6006
CPG100084,2024-06-27,Marrakech,Rabat,Rabat-Salé-Kénitra,Crème fraîche,Camion standard,355.6,79.4,242.2,268.7,26.4,0,4.11,0.79,105.89,283.8,1407.9,0,31.6216,-7.95176,34.0362,-6.84476,34.0362,-6.84476
CPG100085,2024-03-19,Agadir,Tétouan,Tanger-Tétouan-Al Hoceïma,Crème fraîche,Camion réfrigéré,885.8,79.8,611.9,665.8,53.9,0,7.76,0.8,317.69,851.4,4913.4,0,30.4503,-9.59837,35.52547,-5.36512,35.52547,-5.36512
CPG100086,2024-05-03,Rabat,Kénitra,Rabat-Salé-Kénitra,Lait UHT,Camion standard,41.1,62.4,39.5,39.5,0.0,1,3.28,0.83,11.22,30.07,218.61,0,34.02747,-6.83803,34.28734,-6.62139,34.28734,-6.62139
CPG100087,2024-03-05,Tadla (Fkih Ben Salah),Kénitra,Rabat-Salé-Kénitra,Lait pasteurisé,Camion réfrigéré,224.3,72.9,184.6,184.6,0.0,1,7.09,0.61,73.55,197.11,1283.23,0,32.45786,-6.69086,34.25465,-6.56524,34.25465,-6.56524
CPG100088,2024-01-26,Marrakech,Laâyoune,Laâyoune-Sakia El Hamra,Lait UHT,Camion réfrigéré,842.4,47.8,1036.0,1056.4,20.3,0,9.25,0.55,249.94,669.85,4051.19,0,31.62573,-7.98959,27.04281,-13.16952,27.04281,-13.16952
CPG100089,2024-12-29,Rabat,Béni Mellal,Béni Mellal-Khénifra,Fromage frais,Camionnette réfrigérée,217.9,39.4,311.4,331.7,20.3,0,2.11,0.61,44.6,119.53,721.13,0,34.0377,-6.83686,32.38279,-6.35763,32.38279,-6.35763
CPG100090,2024-08-10,Casablanca,Oujda,Oriental,Lait UHT,Camion standard,711.2,61.5,691.9,694.3,2.5,1,6.95,0.83,193.59,518.82,2602.99,0,33.58928,-7.59272,34.65954,-1.88545,34.65954,-1.88545
CPG100091,2024-05-18,Marrakech,Agadir,Souss-Massa,Lait UHT,Camion réfrigéré,275.0,66.2,247.6,249.1,1.5,1,1.96,0.37,83.34,223.36,1294.64,0,31.63009,-7.96052,30.38419,-9.63597,30.38419,-9.63597
CPG100092,2024-03-11,Agadir,Tanger,Tanger-Tétouan-Al Hoceïma,Yaourt,Camionnette réfrigérée,808.2,71.0,671.6,682.8,11.2,1,10.04,0.51,137.66,368.93,2753.96,0,30.41321,-9.59054,35.7172,-5.83922,35.7172,-5.83922
CPG100093,2024-11-27,Marrakech,Marrakech,Marrakech-Safi,Lben,Camion réfrigéré,5.0,15.0,3.2,20.0,16.9,1,8.12,0.73,1.75,4.7,144.87,0,31.62445,-7.98195,31.61799,-7.97245,31.61799,-7.97245
CPG100094,2024-02-28,Marrakech,El Jadida,Casablanca-Settat,Fromage frais,Camion standard,214.0,62.0,178.7,206.9,28.3,0,9.23,0.72,59.61,159.76,1003.73,0,31.637,-7.95954,33.18457,-8.46119,33.18457,-8.46119
CPG100095,2024-04-15,Marrakech,Taroudant,Souss-Massa,Lait pasteurisé,Camion standard,189.3,60.3,168.5,188.5,20.0,0,5.84,0.48,56.17,150.54,897.47,0,31.63057,-7.98348,30.48975,-8.92176,30.48975,-8.92176
CPG100096,2024-03-26,Rabat,Settat,Casablanca-Settat,Lait UHT,Camion réfrigéré,180.7,67.4,159.4,160.9,1.5,1,2.03,0.74,56.4,151.15,1011.43,0,34.01885,-6.80563,33.07261,-7.6496,33.07261,-7.6496
CPG100097,2024-08-28,Marrakech,Safi,Marrakech-Safi,Yaourt,Camion réfrigéré,170.6,46.5,138.8,220.2,81.4,0,8.94,0.64,59.37,159.12,934.54,0,31.59949,-8.00161,32.27762,-9.24562,32.27762,-9.24562
CPG100098,2024-01-07,Tadla (Fkih Ben Salah),Nador,Oriental,Lait pasteurisé,Camion réfrigéré,513.3,56.4,532.4,546.5,14.1,1,7.16,1.0,166.29,445.65,2798.22,0,32.5082,-6.69932,35.17345,-2.96617,35.17345,-2.96617
CPG100099,2024-10-23,Rabat,Khouribga,Béni Mellal-Khénifra,Crème fraîche,Camion réfrigéré,167.6,61.1,136.9,164.6,27.7,0,4.64,1.0,49.26,132.02,825.66,0,34.01864,-6.86185,32.81283,-6.88707,32.81283,-6.88707
CPG100100,2024-12-13,Marrakech,Agadir,Souss-Massa,Fromage frais,Camion réfrigéré,246.1,72.8,193.7,202.8,9.2,1,6.81,0.66,75.72,202.93,1463.65,0,31.62768,-7.98172,30.43,-9.59697,30.43,-9.59697
CPG100101,2024-11-08,Marrakech,Taroudant,Souss-Massa,Crème fraîche,Camion réfrigéré,194.3,56.4,185.3,206.7,21.4,0,12.85,0.57,58.05,155.57,1225.99,0,31.61967,-7.96324,30.45299,-8.86759,30.45299,-8.86759
CPG100102,2024-12-30,Agadir,Oujda,Oriental,Yaourt,Camion standard,962.2,67.9,849.7,849.7,0.0,1,9.63,0.76,265.74,712.19,3811.23,0,30.42491,-9.62243,34.64969,-1.94016,34.64969,-1.94016
CPG100103,2024-01-27,Marrakech,Salé,Rabat-Salé-Kénitra,Lben,Camion réfrigéré,346.7,70.7,294.2,294.2,0.0,1,7.27,0.67,120.21,322.15,1622.95,0,31.60983,-7.96734,34.05596,-6.87159,34.05596,-6.87159
CPG100104,2024-09-06,Rabat,Kénitra,Rabat-Salé-Kénitra,Yaourt,Camion standard,44.7,16.8,49.0,159.0,110.0,0,9.19,0.43,11.53,30.89,296.36,0,34.02011,-6.83275,34.2441,-6.59349,34.2441,-6.59349
CPG100105,2024-07-31,Tadla (Fkih Ben Salah),Taroudant,Souss-Massa,Crème fraîche,Camion réfrigéré,400.9,69.1,325.9,348.0,22.1,0,10.86,0.59,144.51,387.29,2355.69,0,32.50968,-6.69522,30.49023,-8.84902,30.49023,-8.84902
CPG100106,2024-12-22,Casablanca,Essaouira,Marrakech-Safi,Beurre,Camion réfrigéré,359.6,58.4,344.0,369.2,25.2,0,2.83,0.41,125.41,336.09,1882.76,0,33.57486,-7.58541,31.52094,-9.74214,31.52094,-9.74214
CPG100107,2024-03-05,Tadla (Fkih Ben Salah),Salé,Rabat-Salé-Kénitra,Lait UHT,Camion standard,211.8,66.9,168.3,190.1,21.8,0,10.46,0.87,64.24,172.17,845.68,0,32.51344,-6.6805,34.06004,-6.80748,34.06004,-6.80748
CPG100108,2024-04-28,Agadir,Settat,Casablanca-Settat,Fromage frais,Camionnette réfrigérée,433.5,39.1,626.1,665.2,39.1,0,1.95,0.83,77.1,206.63,1525.5,0,30.44524,-9.60934,32.98988,-7.60953,32.98988,-7.60953
CPG100109,2024-08-23,Agadir,Tétouan,Tanger-Tétouan-Al Hoceïma,Yaourt,Camion standard,751.4,52.4,857.2,860.5,3.3,1,7.77,0.65,224.41,601.42,3302.38,0,30.39658,-9.58724,35.54659,-5.36241,35.54659,-5.36241
CPG100110,2024-08-29,Marrakech,Settat,Casablanca-Settat,Lben,Camionnette réfrigérée,199.9,46.9,235.3,255.6,20.3,0,9.83,0.26,36.14,96.85,811.51,0,31.60628,-7.98045,32.9971,-7.59803,32.9971,-7.59803
CPG100111,2024-01-28,Marrakech,Nador,Oriental,Lben,Camion standard,700.0,79.8,526.3,526.3,0.0,1,4.08,0.91,180.26,483.11,2978.98,0,31.65208,-7.9822,35.19891,-2.98635,35.19891,-2.98635
CPG100112,2024-09-23,Casablanca,El Jadida,Casablanca-Settat,Lben,Camion réfrigéré,116.2,51.8,134.6,134.6,0.0,1,12.1,0.73,36.11,96.77,739.44,0,33.54761,-7.5879,33.23458,-8.53295,33.23458,-8.53295
CPG100113,2024-11-03,Agadir,Essaouira,Marrakech-Safi,Yaourt,Camion réfrigéré,159.4,58.2,145.2,164.4,19.3,1,6.25,0.66,51.18,137.17,902.05,0,30.42207,-9.60982,31.53574,-9.79558,31.53574,-9.79558
CPG100114,2024-09-26,Agadir,Casablanca,Casablanca-Settat,Lait pasteurisé,Camion réfrigéré,419.2,67.2,361.7,374.2,12.5,1,4.3,0.68,138.01,369.88,2083.71,0,30.4432,-9.63596,33.624,-7.63001,33.624,-7.63001
CPG100115,2024-10-12,Casablanca,Rabat,Rabat-Salé-Kénitra,Beurre,Camion standard,96.7,35.9,86.3,161.6,75.3,0,7.72,0.76,25.7,68.89,532.36,0,33.5924,-7.58804,34.03726,-6.83465,34.03726,-6.83465
CPG100116,2024-11-17,Casablanca,Tanger,Tanger-Tétouan-Al Hoceïma,Lait UHT,Camion réfrigéré,347.4,78.7,253.2,264.8,11.6,1,8.13,0.79,114.02,305.58,2108.63,0,33.54781,-7.55426,35.79516,-5.81523,35.79516,-5.81523
CPG100117,2024-11-09,Agadir,Nador,Oriental,Lben,Camion réfrigéré,986.7,72.7,800.7,814.4,13.7,1,5.2,0.87,337.43,904.32,4714.91,0,30.37576,-9.59399,35.12395,-2.91175,35.12395,-2.91175
CPG100118,2024-02-25,Agadir,Essaouira,Marrakech-Safi,Lait UHT,Camionnette réfrigérée,148.0,47.9,185.4,185.4,0.0,1,14.5,0.77,29.35,78.66,759.37,0,30.40022,-9.61799,31.56599,-9.7824,31.56599,-9.7824
CPG100119,2024-09-17,Marrakech,Meknès,Fès-Meknès,Lait UHT,Camion standard,410.6,63.8,343.5,386.2,42.6,0,2.56,0.42,107.36,287.74,1383.27,0,31.63496,-7.97351,33.85009,-5.49563,33.85009,-5.49563
CPG100120,2024-06-23,Tadla (Fkih Ben Salah),Kénitra,Rabat-Salé-Kénitra,Lait UHT,Camion réfrigéré,211.2,45.0,182.5,281.5,99.0,0,5.19,0.63,73.89,198.02,1222.61,0,32.45688,-6.7083,34.25997,-6.57859,34.25997,-6.57859
CPG100121,2024-06-07,Rabat,Kénitra,Rabat-Salé-Kénitra,Lben,Camion standard,38.8,35.9,41.1,64.7,23.6,0,5.07,0.93,11.66,31.24,205.65,0,34.03832,-6.85769,34.26384,-6.55666,34.26384,-6.55666
CPG100122,2024-08-10,Rabat,Meknès,Fès-Meknès,Crème fraîche,Camion réfrigéré,141.6,59.9,121.4,141.8,20.3,0,4.23,0.73,46.46,124.51,705.97,0,34.02487,-6.83181,33.90839,-5.51996,33.90839,-5.51996
CPG100123,2024-05-30,Agadir,Agadir,Souss-Massa,Beurre,Camion réfrigéré,5.0,14.2,4.3,21.1,16.8,1,6.23,0.67,1.49,3.98,119.17,0,30.47456,-9.60566,30.45985,-9.59516,30.45985,-9.59516
CPG100124,2024-09-20,Tadla (Fkih Ben Salah),Rabat,Rabat-Salé-Kénitra,Fromage frais,Camion réfrigéré,191.4,41.5,196.9,277.0,80.1,0,4.23,0.82,61.89,165.85,933.21,0,32.49271,-6.68745,33.99262,-6.8135,33.99262,-6.8135
CPG100125,2024-06-15,Rabat,Béni Mellal,Béni Mellal-Khénifra,Crème fraîche,Camionnette réfrigérée,208.9,52.5,239.0,239.0,0.0,1,3.09,0.77,36.23,97.1,766.42,1,34.033,-6.81666,32.37633,-6.3308,32.37633,-6.3308
CPG100126,2024-03-09,Agadir,Casablanca,Casablanca-Settat,Beurre,Camionnette réfrigérée,530.9,52.9,559.8,602.0,42.2,0,8.53,0.58,94.82,254.12,1734.91,0,30.43249,-9.63535,33.5619,-7.52617,33.5619,-7.52617
CPG100127,2024-04-05,Casablanca,Oujda,Oriental,Lait pasteurisé,Camion standard,688.4,80.9,505.4,510.6,5.2,1,8.21,0.65,199.74,535.29,3087.25,0,33.55683,-7.60059,34.68182,-1.91505,34.68182,-1.91505
CPG100128,2024-06-27,Casablanca,Rabat,Rabat-Salé-Kénitra,Crème fraîche,Camion standard,108.0,65.0,99.5,99.6,0.1,1,7.16,0.74,,74.53,557.41,0,33.57333,-7.59176,33.99491,-6.84118,33.99491,-6.84118
CPG100129,2024-03-09,Agadir,Casablanca,Casablanca-Settat,Beurre,Camion réfrigéré,523.5,55.5,481.4,566.2,84.9,0,9.14,0.79,152.43,408.52,2947.94,0,30.40933,-9.61898,33.53449,-7.54232,33.53449,-7.54232
CPG100130,2024-02-23,Rabat,Casablanca,Casablanca-Settat,Yaourt,Camion réfrigéré,101.9,53.4,86.1,114.4,28.3,0,0.2,0.6,32.48,87.04,469.65,0,34.01921,-6.8281,33.60807,-7.6209,33.60807,-7.6209
CPG100131,2024-03-04,Tadla (Fkih Ben Salah),Safi,Marrakech-Safi,Yaourt,Camion réfrigéré,257.0,58.5,223.0,263.7,40.7,0,4.97,0.42,85.95,230.36,1324.26,0,32.49089,-6.68167,32.29297,-9.29259,32.29297,-9.29259
CPG100132,2024-11-20,Tadla (Fkih Ben Salah),Salé,Rabat-Salé-Kénitra,Lait UHT,Camion réfrigéré,211.1,75.7,161.8,167.4,5.6,1,9.1,1.0,74.91,200.76,1075.47,1,32.51395,-6.64445,34.06686,-6.78761,34.06686,-6.78761
CPG100133,2024-11-07,Casablanca,Tétouan,Tanger-Tétouan-Al Hoceïma,Yaourt,Camionnette réfrigérée,361.1,57.7,359.0,375.2,16.2,1,6.66,0.79,69.64,186.64,1195.87,0,33.58049,-7.59966,35.49562,-5.38144,35.49562,-5.38144
CPG100134,2024-04-17,Casablanca,Fès,Fès-Meknès,Lait pasteurisé,Camion réfrigéré,274.2,46.1,342.6,357.1,14.5,1,3.97,0.49,82.27,220.48,1247.48,1,33.59826,-7.56699,34.00999,-4.99522,34.00999,-4.99522
CPG100135,2024-12-26,Marrakech,Kénitra,Rabat-Salé-Kénitra,Lait pasteurisé,Camion réfrigéré,409.2,64.2,326.0,382.4,56.4,0,10.71,0.83,137.37,368.15,2395.09,0,31.64638,-7.95151,34.28604,-6.54872,34.28604,-6.54872
CPG100136,2024-10-05,Agadir,El Jadida,Casablanca-Settat,Crème fraîche,Camion standard,380.0,59.8,361.8,381.0,19.2,1,10.64,0.89,105.88,283.76,1418.59,0,30.4308,-9.59162,33.21934,-8.57449,33.21934,-8.57449
CPG100137,2024-03-13,Casablanca,Rabat,Rabat-Salé-Kénitra,Fromage frais,Camion standard,91.2,54.3,76.8,100.7,23.9,0,5.05,0.82,28.06,75.19,429.2,0,33.56601,-7.63858,34.01746,-6.79381,34.01746,-6.79381
CPG100138,2024-12-11,Agadir,Meknès,Fès-Meknès,Yaourt,Camion standard,656.8,67.7,579.4,581.7,2.3,1,5.25,0.87,188.06,504.0,2767.55,0,30.44192,-9.6313,33.89215,-5.60613,33.89215,-5.60613
CPG100139,2024-08-09,Agadir,Casablanca,Casablanca-Settat,Lait UHT,Camion standard,498.6,53.8,527.9,556.5,28.6,0,4.41,0.63,136.18,364.96,2146.98,0,30.42071,-9.64554,33.52368,-7.58108,33.52368,-7.58108
CPG100140,2024-11-24,Tadla (Fkih Ben Salah),Tétouan,Tanger-Tétouan-Al Hoceïma,Lben,Camion réfrigéré,422.2,77.3,300.1,327.5,27.4,0,6.79,0.68,148.7,398.51,1992.99,0,32.50202,-6.66732,35.625,-5.38147,35.625,-5.38147
CPG100141,2024-05-26,Rabat,Kénitra,Rabat-Salé-Kénitra,Lait UHT,Camion standard,43.7,80.4,27.5,32.6,5.1,1,8.79,0.64,10.77,28.87,317.82,0,34.0223,-6.83018,34.29087,-6.58409,34.29087,-6.58409
CPG100142,2024-06-07,Casablanca,Tétouan,Tanger-Tétouan-Al Hoceïma,Lait pasteurisé,Camion standard,325.6,70.2,276.7,278.2,1.5,1,5.27,0.92,87.22,233.75,1354.28,0,33.56101,-7.62665,35.58119,-5.33852,35.58119,-5.33852
CPG100143,2024-11-29,Casablanca,Laâyoune,Laâyoune-Sakia El Hamra,Fromage frais,Camion réfrigéré,1110.2,82.7,789.7,805.0,15.3,1,6.22,0.7,364.78,977.61,5587.91,0,33.57383,-7.63043,27.14283,-13.18973,27.14283,-13.18973
CPG100144,2024-10-24,Rabat,Marrakech,Marrakech-Safi,Lait pasteurisé,Camion réfrigéré,328.2,87.9,224.1,224.1,0.0,1,9.95,0.8,101.42,271.8,1786.32,1,34.03721,-6.85564,31.63639,-7.98117,31.63639,-7.98117
CPG100145,2024-09-04,Marrakech,Taroudant,Souss-Massa,Lait UHT,Camion standard,164.2,77.3,124.3,127.6,3.2,1,10.52,0.8,,125.37,813.5,0,31.64761,-7.98724,30.51595,-8.86624,30.51595,-8.86624
CPG100146,2024-09-24,Rabat,Salé,Rabat-Salé-Kénitra,Lait UHT,Camion réfrigéré,5.9,10.5,4.6,33.8,29.2,0,7.19,0.74,2.02,5.4,134.44,0,33.98489,-6.80374,34.06941,-6.80491,34.06941,-6.80491
CPG100147,2024-02-02,Rabat,Tanger,Tanger-Tétouan-Al Hoceïma,Yaourt,Camion standard,267.6,57.4,237.5,279.8,42.3,0,7.9,0.47,81.05,217.2,1222.33,0,34.0305,-6.83345,35.77793,-5.81506,35.77793,-5.81506
CPG100148,2024-12-28,Tadla (Fkih Ben Salah),Béni Mellal,Béni Mellal-Khénifra,Crème fraîche,Camionnette réfrigérée,47.6,40.9,40.8,69.8,29.0,0,7.06,0.79,8.44,22.63,251.53,0,32.51679,-6.6613,32.3259,-6.41278,32.3259,-6.41278
CPG100149,2024-06-30,Casablanca,Agadir,Souss-Massa,Lait UHT,Camion standard,473.0,61.6,449.9,460.6,10.7,1,7.79,0.87,143.08,383.46,2021.92,0,33.58073,-7.60612,30.43329,-9.6003,30.43329,-9.6003
CPG100150,2024-07-24,Casablanca,Oujda,Oriental,Yaourt,Camionnette réfrigérée,684.0,58.2,677.5,705.0,27.6,0,10.45,0.71,122.94,329.49,2221.68,0,33.5825,-7.57554,34.6564,-1.84384,34.6564,-1.84384
CPG100151,2024-11-22,Rabat,Fès,Fès-Meknès,Lait pasteurisé,Camion réfrigéré,200.1,54.6,194.0,220.0,26.0,0,11.14,0.62,70.46,188.82,1277.72,0,33.98754,-6.82513,34.04292,-5.04773,34.04292,-5.04773
CPG100152,2024-11-06,Casablanca,Agadir,Souss-Massa,Yaourt,Camionnette réfrigérée,448.0,44.4,467.5,605.3,137.8,0,8.43,0.9,73.23,196.25,1540.23,0,33.60242,-7.60614,30.42315,-9.55751,30.42315,-9.55751
CPG100153,2024-07-13,Marrakech,Oujda,Oriental,Lait pasteurisé,Camion réfrigéré,868.6,66.3,737.9,786.6,48.6,0,6.96,0.91,265.88,712.56,4485.91,0,31.61036,-7.95216,34.67876,-1.93768,34.67876,-1.93768
CPG100154,2024-08-04,Agadir,Casablanca,Casablanca-Settat,Lait UHT,Camion standard,466.5,67.2,410.5,416.5,6.0,1,6.44,0.62,130.85,350.67,1776.59,0,30.4368,-9.61827,33.54458,-7.5952,33.54458,-7.5952
CPG100155,2024-03-07,Agadir,Béni Mellal,Béni Mellal-Khénifra,Lait UHT,Camion standard,487.9,81.0,361.6,361.6,0.0,1,1.58,0.68,125.98,337.63,1986.04,0,30.43797,-9.63357,32.34826,-6.30283,32.34826,-6.30283
CPG100156,2024-04-13,Casablanca,Rabat,Rabat-Salé-Kénitra,Yaourt,Camion standard,106.7,64.2,99.6,99.6,0.0,1,9.82,0.75,30.79,82.52,589.92,0,33.60108,-7.57071,34.019,-6.85257,34.019,-6.85257
CPG100157,2024-10-18,Casablanca,Safi,Marrakech-Safi,Yaourt,Camion réfrigéré,260.2,69.5,224.7,224.7,0.0,1,10.11,0.46,89.32,239.39,1532.83,0,33.5716,-7.6126,32.29788,-9.216,32.29788,-9.216
CPG100158,2024-04-11,Agadir,Settat,Casablanca-Settat,Crème fraîche,Camion standard,460.6,71.8,385.0,385.0,0.0,1,13.38,0.93,113.82,305.04,1989.33,0,30.40251,-9.62149,32.99591,-7.56136,32.99591,-7.56136
CPG100159,2024-04-30,Tadla (Fkih Ben Salah),Taroudant,Souss-Massa,Fromage frais,Camion réfrigéré,402.1,62.2,374.3,388.0,13.7,1,3.15,0.82,125.06,335.17,2177.51,0,32.4906,-6.69334,30.5051,-8.84562,30.5051,-8.84562
CPG100160,2024-03-10,Rabat,Laâyoune,Laâyoune-Sakia El Hamra,Beurre,Camion réfrigéré,1263.1,73.5,1004.7,1031.2,26.5,0,5.82,0.7,391.09,1048.12,6219.72,0,34.03868,-6.85244,27.07679,-13.17851,27.07679,-13.17851
CPG100161,2024-06-07,Marrakech,Fès,Fès-Meknès,Lait UHT,Camion standard,430.3,71.4,358.1,361.5,3.3,1,10.64,0.7,131.87,353.4,1861.13,0,31.61628,-7.97108,33.98777,-4.96266,33.98777,-4.96266
CPG100162,2024-11-17,Casablanca,Nador,Oriental,Yaourt,Camion réfrigéré,500.7,75.9,396.0,396.0,0.0,1,11.33,0.43,145.01,388.62,2512.83,0,33.56795,-7.57833,35.15091,-2.91189,35.15091,-2.91189
CPG100163,2024-04-10,Tadla (Fkih Ben Salah),Salé,Rabat-Salé-Kénitra,Yaourt,Camion réfrigéré,186.5,68.0,148.0,164.5,16.5,1,3.61,0.72,55.9,149.81,1123.38,0,32.50014,-6.70071,34.04048,-6.81451,34.04048,-6.81451
CPG100164,2024-08-11,Marrakech,Taroudant,Souss-Massa,Yaourt,Camion réfrigéré,191.2,61.3,157.2,187.1,29.9,0,6.03,0.88,55.95,149.95,1170.61,0,31.64911,-7.96169,30.54512,-8.90446,30.54512,-8.90446
CPG100165,2024-02-24,Marrakech,El Jadida,Casablanca-Settat,Crème fraîche,Camion réfrigéré,210.5,47.8,208.4,264.0,55.6,0,5.55,0.59,70.55,189.08,1199.89,0,31.64902,-7.9842,33.23628,-8.48531,33.23628,-8.48531
CPG100166,2024-09-28,Agadir,Fès,Fès-Meknès,Fromage frais,Camion réfrigéré,772.9,61.9,749.1,749.1,0.0,1,0.22,0.52,272.98,731.58,3529.87,0,30.438,-9.56751,33.98552,-5.04552,33.98552,-5.04552
CPG100167,2024-04-28,Agadir,Salé,Rabat-Salé-Kénitra,Lait UHT,Camionnette réfrigérée,617.7,53.6,673.7,692.1,18.3,1,4.64,0.62,102.86,275.68,2133.14,0,30.42776,-9.59203,34.07567,-6.76428,34.07567,-6.76428
CPG100168,2024-09-28,Rabat,Tétouan,Tanger-Tétouan-Al Hoceïma,Fromage frais,Camion réfrigéré,261.1,78.3,200.1,200.1,0.0,1,5.14,1.0,93.48,250.53,1435.88,0,33.99277,-6.82118,35.60276,-5.38521,35.60276,-5.38521
CPG100169,2024-08-09,Casablanca,Nador,Oriental,Fromage frais,Camion standard,508.5,62.7,462.8,486.9,24.0,0,2.72,0.67,130.77,350.46,2225.95,0,33.59134,-7.60424,35.22303,-2.95929,35.22303,-2.95929
CPG100170,2024-03-31,Marrakech,Khouribga,Béni Mellal-Khénifra,Fromage frais,Camion réfrigéré,220.6,75.9,166.7,174.3,7.6,1,7.14,0.96,68.44,183.41,1285.0,0,31.59416,-7.95267,32.85844,-6.98849,32.85844,-6.98849
CPG100171,2024-04-29,Casablanca,Agadir,Souss-Massa,Lait UHT,Camion réfrigéré,455.1,82.6,319.1,330.7,11.6,1,4.44,0.72,139.44,373.69,2678.15,0,33.53054,-7.61016,30.41896,-9.67358,30.41896,-9.67358
CPG100172,2024-11-11,Marrakech,Taroudant,Souss-Massa,Beurre,Camion réfrigéré,205.2,60.1,202.0,204.9,2.8,1,6.25,0.95,69.74,186.9,1211.43,0,31.62843,-7.98171,30.46933,-8.84616,30.46933,-8.84616
CPG100173,2024-08-13,Agadir,Tanger,Tanger-Tétouan-Al Hoceïma,Lait pasteurisé,Camionnette réfrigérée,814.4,79.4,614.5,615.0,0.5,1,13.03,0.84,132.52,355.16,3197.58,0,30.43224,-9.57043,35.76582,-5.78642,35.76582,-5.78642
CPG100174,2024-05-22,Agadir,Nador,Oriental,Lait pasteurisé,Camion réfrigéré,1005.8,88.5,676.3,681.9,5.7,1,9.26,0.63,326.17,874.14,5276.0,0,30.41855,-9.63757,35.12167,-2.93666,35.12167,-2.93666
CPG100175,2024-11-30,Rabat,Kénitra,Rabat-Salé-Kénitra,Lait pasteurisé,Camion réfrigéré,38.6,16.0,36.7,144.7,108.0,0,7.26,0.71,13.22,35.42,294.31,0,34.05092,-6.83356,34.19966,-6.61696,34.19966,-6.61696
CPG100176,2024-09-06,Agadir,Kénitra,Rabat-Salé-Kénitra,Yaourt,Camion standard,638.2,62.4,598.4,613.4,15.0,1,7.86,0.8,169.36,453.89,2498.81,0,30.42588,-9.6148,34.2756,-6.57603,34.2756,-6.57603
CPG100177,2024-07-16,Casablanca,Safi,Marrakech-Safi,Lait UHT,Camion réfrigéré,276.0,63.8,210.7,259.7,49.1,0,5.69,0.72,86.18,230.97,1346.34,0,33.55033,-7.59863,32.29713,-9.25074,32.29713,-9.25074
CPG100178,2024-10-10,Casablanca,Rabat,Rabat-Salé-Kénitra,Lait UHT,Camion réfrigéré,111.4,43.1,127.4,155.1,,0,3.4,0.75,32.59,87.34,679.14,0,33.54168,-7.57439,34.04667,-6.83537,34.04667,-6.83537
CPG100179,2024-12-17,Rabat,Salé,Rabat-Salé-Kénitra,Lait UHT,Camion réfrigéré,5.8,3.4,6.0,102.1,96.1,0,8.16,0.57,1.68,4.5,154.46,0,34.04566,-6.8549,34.05772,-6.76942,34.05772,-6.76942
CPG100180,2024-10-04,Marrakech,Casablanca,Casablanca-Settat,Lait UHT,Camion réfrigéré,241.6,58.5,175.6,247.9,72.3,0,4.63,0.7,80.27,215.14,1356.67,0,31.63214,-8.00697,33.57444,-7.56705,33.57444,-7.56705
CPG100181,2024-07-21,Tadla (Fkih Ben Salah),Safi,Marrakech-Safi,Crème fraîche,Camion standard,318.7,74.1,245.1,257.9,12.8,1,5.03,0.55,85.0,227.81,1349.24,0,32.51113,-6.69085,32.31578,-9.22992,32.31578,-9.22992
CPG100182,2024-03-27,Rabat,Agadir,Souss-Massa,Lait pasteurisé,Camion standard,547.3,68.7,462.7,478.3,15.6,1,3.95,0.78,156.93,420.58,2118.34,0,34.01635,-6.8365,30.42212,-9.50715,30.42212,-9.50715
CPG100183,2024-07-08,Casablanca,Salé,Rabat-Salé-Kénitra,Lait pasteurisé,Camion réfrigéré,102.8,68.9,86.8,89.5,2.7,1,3.17,0.88,32.44,86.94,610.27,0,33.57207,-7.57887,34.00939,-6.81945,34.00939,-6.81945
CPG100184,2024-07-01,Tadla (Fkih Ben Salah),Tanger,Tanger-Tétouan-Al Hoceïma,Beurre,Camion réfrigéré,393.6,58.2,383.4,405.8,22.4,0,3.75,0.61,128.38,344.05,1948.59,0,32.50354,-6.67746,35.70666,-5.80811,35.70666,-5.80811
CPG100185,2024-10-05,Casablanca,Laâyoune,Laâyoune-Sakia El Hamra,Fromage frais,Camion standard,1110.8,66.3,997.2,1004.6,7.4,1,7.7,0.67,272.46,730.18,4045.34,0,33.59427,-7.61584,27.08988,-13.16597,27.08988,-13.16597
CPG100186,2024-06-22,Casablanca,Kénitra,Rabat-Salé-Kénitra,Lait pasteurisé,Camion standard,142.2,65.6,103.0,130.0,27.0,0,6.74,0.47,39.16,104.96,566.0,0,33.58718,-7.6103,34.26224,-6.58205,34.26224,-6.58205
CPG100187,2024-04-03,Tadla (Fkih Ben Salah),Meknès,Fès-Meknès,Crème fraîche,Camionnette réfrigérée,201.3,56.2,192.0,215.1,23.1,0,3.28,0.89,33.39,89.5,669.17,1,32.49102,-6.6598,33.91197,-5.59088,33.91197,-5.59088
CPG100188,2024-10-21,Rabat,Meknès,Fès-Meknès,Crème fraîche,Camion réfrigéré,140.9,44.1,152.7,191.5,38.8,0,4.69,0.97,44.53,119.35,785.36,0,33.9939,-6.82415,33.90361,-5.57261,33.90361,-5.57261
CPG100189,2024-07-09,Tadla (Fkih Ben Salah),Settat,Casablanca-Settat,Fromage frais,Camion standard,123.7,74.1,90.8,100.2,9.3,1,1.13,0.55,32.81,87.93,484.02,0,32.5079,-6.74499,33.04936,-7.63131,33.04936,-7.63131
CPG100190,2024-01-05,Agadir,Agadir,Souss-Massa,Fromage frais,Camion standard,5.0,81.7,3.7,3.7,0.0,1,7.28,0.65,1.52,4.06,125.54,0,30.41666,-9.57201,30.48011,-9.57504,30.48011,-9.57504
CPG100191,2024-07-04,Casablanca,Fès,Fès-Meknès,Lait pasteurisé,Camionnette réfrigérée,325.6,58.4,311.9,334.4,22.6,0,5.26,0.64,59.18,158.61,1068.59,0,33.58411,-7.54856,34.00486,-5.00325,34.00486,-5.00325
CPG100192,2024-11-15,Tadla (Fkih Ben Salah),Oujda,Oriental,Lait UHT,Camion standard,541.4,69.5,442.1,467.7,25.7,0,8.14,0.73,161.26,432.19,2178.02,0,32.4866,-6.66729,34.70729,-1.91345,34.70729,-1.91345
CPG100193,2024-02-06,Agadir,Nador,Oriental,Lait pasteurisé,Camion standard,930.1,65.8,810.3,847.7,37.3,0,2.39,0.69,251.29,673.45,3204.2,0,30.42217,-9.60304,35.15618,-2.92701,35.15618,-2.92701
CPG100194,2024-11-17,Marrakech,Rabat,Rabat-Salé-Kénitra,Lben,Camion réfrigéré,348.7,79.3,263.7,263.7,0.0,1,6.34,0.38,107.78,288.85,1695.7,1,31.64601,-7.99721,34.02285,-6.82899,34.02285,-6.82899
CPG100195,2024-11-16,Tadla (Fkih Ben Salah),Salé,Rabat-Salé-Kénitra,Fromage frais,Camion standard,224.3,64.5,187.1,208.5,21.4,0,3.8,0.68,54.81,146.89,975.45,0,32.50249,-6.6951,34.04461,-6.78941,34.04461,-6.78941
CPG100196,2024-03-04,Agadir,Béni Mellal,Béni Mellal-Khénifra,Lait pasteurisé,Camion réfrigéré,462.7,52.5,529.2,529.2,0.0,1,8.18,0.58,149.25,399.99,2672.26,0,30.42733,-9.60811,32.3351,-6.33702,32.3351,-6.33702
CPG100197,2024-07-24,Rabat,Safi,Marrakech-Safi,Beurre,Camion standard,370.3,83.3,255.2,266.6,11.4,1,0.84,0.74,110.38,295.82,1499.0,0,33.99059,-6.86655,32.27801,-9.20564,32.27801,-9.20564
CPG100198,2024-11-21,Tadla (Fkih Ben Salah),Fès,Fès-Meknès,Fromage frais,Camion standard,286.1,88.4,176.4,194.1,17.7,1,11.76,0.84,88.62,237.49,1403.62,0,32.52457,-6.68984,34.04643,-5.0037,34.04643,-5.0037
CPG100199,2024-08-10,Marrakech,Settat,Casablanca-Settat,Lait UHT,Camion réfrigéré,204.8,59.1,179.2,207.8,28.6,0,5.32,0.87,59.79,160.24,969.54,0,31.6315,-7.98678,33.01679,-7.63614,33.01679,-7.63614
CPG100200,2024-06-16,Casablanca,Kénitra,Rabat-Salé-Kénitra,Lait pasteurisé,Camionnette réfrigérée,132.1,45.9,122.1,172.6,50.5,0,2.63,0.79,27.34,73.27,422.25,0,33.60234,-7.60672,34.31923,-6.55856,34.31923,-6.55856
CPG100201,2024-07-20,Rabat,Taroudant,Souss-Massa,Crème fraîche,Camion standard,526.3,68.1,451.1,463.4,12.3,1,8.99,0.87,156.73,420.04,2329.12,0,34.04281,-6.83059,30.42394,-8.8861,30.42394,-8.8861
CPG100202,2024-11-24,Agadir,Khouribga,Béni Mellal-Khénifra,Lait pasteurisé,Camion réfrigéré,441.8,74.8,327.4,354.5,27.1,0,5.85,0.81,141.44,379.06,2456.05,0,30.42305,-9.62235,32.88907,-6.90361,32.88907,-6.90361
CPG100203,2024-05-22,Rabat,Laâyoune,Laâyoune-Sakia El Hamra,Beurre,Camion réfrigéré,1121.2,57.7,1078.6,1165.4,86.8,0,7.75,0.71,367.85,985.85,5314.98,0,34.02985,-6.83068,27.17474,-13.16794,27.17474,-13.16794
CPG100204,2024-09-22,Marrakech,Casablanca,Casablanca-Settat,Lait pasteurisé,Camion standard,273.3,68.3,231.0,240.2,9.2,1,7.49,0.79,84.2,225.66,1181.34,0,31.61109,-7.94974,33.56373,-7.63737,33.56373,-7.63737
CPG100205,2024-10-31,Agadir,Salé,Rabat-Salé-Kénitra,Lait UHT,Camion réfrigéré,598.3,74.2,463.6,484.1,20.5,0,3.18,0.88,182.69,489.61,3325.73,0,30.42472,-9.59001,34.05841,-6.78794,34.05841,-6.78794
CPG100206,2024-11-20,Marrakech,Safi,Marrakech-Safi,Lait pasteurisé,Camion réfrigéré,178.7,52.3,133.3,205.0,71.7,0,7.87,0.85,56.01,150.1,911.42,0,31.61297,-7.96675,32.31169,-9.21976,32.31169,-9.21976
CPG100207,2024-11-17,Agadir,Oujda,Oriental,Lait pasteurisé,Camion réfrigéré,1080.3,85.2,749.4,760.5,11.1,1,12.19,0.57,336.73,902.43,5387.76,0,30.43459,-9.59438,34.66315,-1.96554,34.66315,-1.96554
CPG100208,2024-08-15,Marrakech,El Jadida,Casablanca-Settat,Lait UHT,Camion réfrigéré,238.3,47.4,274.8,301.3,26.5,0,2.61,0.94,75.89,203.37,1081.73,0,31.63846,-7.98863,33.29532,-8.45487,33.29532,-8.45487
CPG100209,2024-07-17,Casablanca,Béni Mellal,Béni Mellal-Khénifra,Yaourt,Camionnette réfrigérée,189.9,37.3,275.8,305.7,29.9,0,7.47,0.68,36.5,97.82,719.63,0,33.55779,-7.60139,32.33613,-6.33045,32.33613,-6.33045
CPG100210,2024-08-09,Marrakech,El Jadida,Casablanca-Settat,Beurre,Camion standard,243.6,78.2,176.7,186.8,10.1,1,2.89,0.68,72.66,194.74,1042.71,0,31.63043,-7.99962,33.25298,-8.44824,33.25298,-8.44824
CPG100211,2024-09-16,Tadla (Fkih Ben Salah),Agadir,Souss-Massa,Lait UHT,Camionnette réfrigérée,439.8,56.5,451.3,467.2,15.9,1,8.51,0.81,88.19,236.36,1563.58,0,32.49452,-6.71955,30.42509,-9.61752,30.42509,-9.61752
CPG100212,2024-05-27,Casablanca,Nador,Oriental,Yaourt,Camion réfrigéré,498.0,68.1,438.8,438.8,0.0,1,7.87,0.8,149.99,401.99,2977.88,0,33.58115,-7.59839,35.16823,-2.92825,35.16823,-2.92825
CPG100213,2024-03-31,Casablanca,Essaouira,Marrakech-Safi,Fromage frais,Camionnette réfrigérée,382.9,48.5,473.3,473.3,0.0,1,13.85,0.92,63.38,169.87,1546.15,0,33.57469,-7.60247,31.52683,-9.78011,31.52683,-9.78011
CPG100214,2024-06-28,Marrakech,Rabat,Rabat-Salé-Kénitra,Lben,Camion réfrigéré,380.5,59.9,380.6,380.9,0.3,1,5.85,0.69,126.7,339.54,2089.25,0,31.61551,-7.98441,34.05938,-6.86529,34.05938,-6.86529
CPG100215,2024-05-31,Marrakech,Taroudant,Souss-Massa,Lait UHT,Camion réfrigéré,170.6,61.1,145.1,167.6,22.4,0,9.05,0.7,56.83,152.29,887.82,0,31.61386,-7.99831,30.46589,-8.87458,30.46589,-8.87458
CPG100216,2024-10-13,Tadla (Fkih Ben Salah),Fès,Fès-Meknès,Fromage frais,Camion réfrigéré,294.7,63.2,278.0,279.9,1.9,1,2.06,0.61,99.59,266.9,1505.81,0,32.51403,-6.63309,34.02551,-5.02987,34.02551,-5.02987
CPG100217,2024-06-20,Agadir,Agadir,Souss-Massa,Lait pasteurisé,Camion standard,5.0,22.5,4.3,13.3,9.0,1,7.61,0.45,1.31,3.51,132.67,0,30.45379,-9.60374,30.4548,-9.61991,30.4548,-9.61991
CPG100218,2024-09-01,Rabat,Fès,Fès-Meknès,Fromage frais,Camion réfrigéré,199.6,51.1,214.3,234.5,20.2,0,3.88,0.58,66.5,178.22,994.62,0,34.03939,-6.83268,34.01615,-4.97271,34.01615,-4.97271
CPG100219,2024-05-15,Agadir,Salé,Rabat-Salé-Kénitra,Lait UHT,Camionnette réfrigérée,565.1,50.7,632.9,668.2,35.2,0,8.52,0.5,116.32,311.73,1724.99,0,30.4643,-9.62241,34.02474,-6.75795,34.02474,-6.75795
CPG100220,2024-02-08,Casablanca,Khouribga,Béni Mellal-Khénifra,Yaourt,Camionnette réfrigérée,120.3,32.2,209.9,224.3,14.4,1,7.63,0.76,23.87,63.96,528.77,0,33.56672,-7.60477,32.90628,-6.9078,32.90628,-6.9078
CPG100221,2024-09-01,Tadla (Fkih Ben Salah),Tétouan,Tanger-Tétouan-Al Hoceïma,Yaourt,Camionnette réfrigérée,437.2,56.6,456.8,463.9,7.1,1,8.89,0.75,79.3,212.52,1441.78,0,32.50367,-6.65879,35.55654,-5.37028,35.55654,-5.37028
CPG100222,2024-10-18,Casablanca,Essaouira,Marrakech-Safi,Lait UHT,Camionnette réfrigérée,398.3,55.1,423.1,433.8,,1,11.68,0.73,70.66,189.37,1526.79,0,33.60172,-7.58416,31.50317,-9.78274,31.50317,-9.78274
CPG100223,2024-01-27,Casablanca,Fès,Fès-Meknès,Lait UHT,Camion réfrigéré,320.3,64.0,282.2,300.2,17.9,1,8.5,0.54,94.01,251.95,1784.84,0,33.54602,-7.59677,34.03583,-5.03006,34.03583,-5.03006
CPG100224,2024-07-30,Casablanca,Settat,Casablanca-Settat,Lait pasteurisé,Camion réfrigéré,80.1,52.8,85.1,91.0,5.9,1,7.39,0.52,24.0,64.33,517.23,0,33.58436,-7.58945,33.05093,-7.60715,33.05093,-7.60715
CPG100225,2024-03-14,Casablanca,Taroudant,Souss-Massa,Yaourt,Camion standard,393.6,59.3,398.4,398.4,0.0,1,2.02,0.51,122.11,327.26,1722.02,0,33.55348,-7.59807,30.44763,-8.87532,30.44763,-8.87532
CPG100226,2024-03-29,Marrakech,Rabat,Rabat-Salé-Kénitra,Lait pasteurisé,Camion réfrigéré,339.7,53.7,347.6,379.9,32.3,0,5.17,0.52,111.29,298.26,1619.58,0,31.62488,-8.01346,34.04078,-6.88727,34.04078,-6.88727
CPG100227,2024-04-06,Marrakech,Safi,Marrakech-Safi,Lait pasteurisé,Camion réfrigéré,170.0,75.1,135.8,135.8,0.0,1,3.54,0.83,59.78,160.22,1019.22,0,31.62318,-8.00313,32.31126,-9.22751,32.31126,-9.22751
CPG100228,2024-10-01,Marrakech,Oujda,Oriental,Yaourt,Camion réfrigéré,818.7,66.9,704.0,734.5,30.6,0,10.16,0.42,285.14,764.19,3848.8,0,31.63086,-7.95149,34.71739,-1.89451,34.71739,-1.89451
CPG100229,2024-04-04,Agadir,Tétouan,Tanger-Tétouan-Al Hoceïma,Yaourt,Camion réfrigéré,869.5,77.4,653.9,673.7,19.8,1,5.83,0.6,317.68,851.38,4724.86,0,30.38774,-9.6133,35.56627,-5.36762,35.56627,-5.36762
CPG100230,2024-03-02,Agadir,Agadir,Souss-Massa,Lait UHT,Camion réfrigéré,5.0,10.6,4.6,28.2,23.6,0,5.78,0.67,1.67,4.47,109.49,0,30.43249,-9.56408,30.38089,-9.59152,30.38089,-9.59152
CPG100231,2024-04-10,Tadla (Fkih Ben Salah),Essaouira,Marrakech-Safi,Fromage frais,Camion réfrigéré,375.3,60.5,363.8,372.1,8.3,1,2.99,0.76,117.79,315.68,1985.58,0,32.50567,-6.71068,31.5444,-9.78674,31.5444,-9.78674
CPG100232,2024-04-26,Tadla (Fkih Ben Salah),Oujda,Oriental,Crème fraîche,Camion réfrigéré,576.4,71.9,466.2,480.8,14.6,1,10.72,0.87,201.56,540.18,3066.36,0,32.50939,-6.70676,34.67217,-1.91814,34.67217,-1.91814
CPG100233,2024-08-03,Tadla (Fkih Ben Salah),El Jadida,Casablanca-Settat,Crème fraîche,Camion réfrigéré,244.3,52.7,257.2,278.1,20.8,0,4.47,0.74,84.65,226.86,1342.98,0,32.48071,-6.70288,33.20863,-8.53552,33.20863,-8.53552
CPG100234,2024-12-25,Casablanca,Tétouan,Tanger-Tétouan-Al Hoceïma,Beurre,Camion réfrigéré,381.1,60.7,363.5,376.4,12.9,1,6.22,0.78,130.8,350.55,1978.42,0,33.57247,-7.61867,35.58127,-5.37294,35.58127,-5.37294
CPG100235,2024-07-15,Tadla (Fkih Ben Salah),Tanger,Tanger-Tétouan-Al Hoceïma,Lait UHT,Camion réfrigéré,490.4,60.0,472.0,490.2,18.2,1,6.29,0.71,151.01,404.71,2226.78,0,32.51177,-6.69197,35.78547,-5.8126,35.78547,-5.8126
CPG100236,2024-12-19,Tadla (Fkih Ben Salah),Tétouan,Tanger-Tétouan-Al Hoceïma,Beurre,Camion standard,413.6,58.1,302.8,426.8,124.1,0,9.37,0.72,120.04,321.72,1697.16,0,32.48351,-6.74224,35.62098,-5.40487,35.62098,-5.40487
CPG100237,2024-02-08,Rabat,Oujda,Oriental,Yaourt,Camion standard,581.3,72.7,459.3,479.8,20.5,0,4.32,1.0,149.29,400.1,2454.19,0,33.9972,-6.83056,34.68325,-1.93156,34.68325,-1.93156
CPG100238,2024-06-19,Casablanca,Taroudant,Souss-Massa,Lait UHT,Camion standard,433.3,62.3,390.8,417.4,26.6,0,4.45,0.62,107.36,287.73,1927.06,0,33.58428,-7.57863,30.51436,-8.8761,30.51436,-8.8761
CPG100239,2024-01-06,Casablanca,Essaouira,Marrakech-Safi,Lait UHT,Camion standard,377.5,54.4,317.4,416.2,98.8,0,7.06,0.57,96.12,257.59,1485.83,0,33.56882,-7.60934,31.5388,-9.76863,31.5388,-9.76863
CPG100240,2024-09-03,Agadir,Tétouan,Tanger-Tétouan-Al Hoceïma,Fromage frais,Camion réfrigéré,836.1,50.6,957.4,991.2,33.8,0,4.15,0.62,253.29,678.82,4313.27,0,30.4562,-9.63492,35.58705,-5.37982,35.58705,-5.37982
CPG100241,2024-01-12,Casablanca,Khouribga,Béni Mellal-Khénifra,Lait pasteurisé,Camion standard,131.4,54.3,125.6,145.1,19.6,1,8.2,0.73,40.78,109.29,616.58,0,33.58377,-7.61671,32.84115,-6.94614,32.84115,-6.94614
CPG100242,2024-03-12,Marrakech,El Jadida,Casablanca-Settat,Fromage frais,Camion réfrigéré,213.0,52.6,231.3,242.9,11.6,1,7.62,0.66,65.04,174.3,1339.53,0,31.63623,-8.0231,33.23957,-8.4966,33.23957,-8.4966
CPG100243,2024-01-24,Casablanca,Safi,Marrakech-Safi,Fromage frais,Camion réfrigéré,247.4,56.1,244.4,264.6,20.1,0,10.39,0.68,73.73,197.6,1421.68,0,33.55624,-7.58413,32.2693,-9.19887,32.2693,-9.19887
CPG100244,2024-11-21,Marrakech,Settat,Casablanca-Settat,Lait UHT,Camion standard,202.6,65.9,146.6,184.4,37.8,0,11.04,0.8,57.68,154.58,834.84,0,31.64058,-7.98376,33.00203,-7.60758,33.00203,-7.60758
CPG100245,2024-01-22,Agadir,Essaouira,Marrakech-Safi,Lait UHT,Camion réfrigéré,161.4,70.4,122.5,137.5,15.1,1,6.28,0.82,48.12,128.95,820.23,0,30.4459,-9.57485,31.567,-9.77955,31.567,-9.77955
CPG100246,2024-09-16,Casablanca,Marrakech,Marrakech-Safi,Beurre,Camion réfrigéré,264.3,79.0,195.3,200.8,5.5,1,1.36,0.6,82.77,221.81,1347.34,0,33.57754,-7.59034,31.59804,-8.00366,31.59804,-8.00366
CPG100247,2024-07-16,Tadla (Fkih Ben Salah),Béni Mellal,Béni Mellal-Khénifra,Lait UHT,Camion réfrigéré,45.0,57.2,38.0,47.2,9.2,1,3.47,0.78,15.57,41.73,259.17,0,32.49066,-6.67264,32.34605,-6.31623,32.34605,-6.31623
CPG100248,2024-08-11,Tadla (Fkih Ben Salah),Casablanca,Casablanca-Settat,Crème fraîche,Camion réfrigéré,190.0,63.8,177.3,178.6,1.3,1,6.13,0.78,64.65,173.26,1011.08,0,32.48083,-6.66183,33.56592,-7.60115,33.56592,-7.60115
CPG100249,2024-10-03,Casablanca,Meknès,Fès-Meknès,Lait pasteurisé,Camion réfrigéré,202.9,38.2,198.0,318.9,120.9,0,7.23,1.0,59.29,158.91,1202.05,0,33.55991,-7.55625,33.90703,-5.55514,33.90703,-5.55514
CPG100250,2024-10-19,Marrakech,Safi,Marrakech-Safi,Lait UHT,Camion standard,159.8,87.0,96.6,110.1,13.5,1,6.83,0.58,39.14,104.91,673.19,0,31.62893,-7.98215,32.3007,-9.22982,32.3007,-9.22982
CPG100251,2024-05-15,Rabat,Salé,Rabat-Salé-Kénitra,Lait pasteurisé,Camion réfrigéré,6.1,6.8,5.7,53.8,48.1,0,9.64,0.71,1.99,5.34,175.79,1,34.05147,-6.82117,34.10821,-6.83426,34.10821,-6.83426
CPG100252,2024-05-11,Casablanca,Khouribga,Béni Mellal-Khénifra,Lait UHT,Camion standard,114.8,51.2,109.8,134.4,24.7,0,5.25,1.0,29.26,78.4,469.44,0,33.58348,-7.59379,32.81344,-6.89409,32.81344,-6.89409
CPG100253,2024-12-28,Marrakech,Laâyoune,Laâyoune-Sakia El Hamra,Yaourt,Camion standard,753.0,59.7,731.4,756.5,25.1,0,2.26,0.7,223.16,598.06,2670.07,0,31.62592,-7.98384,27.15436,-13.14905,27.15436,-13.14905
CPG100254,2024-10-08,Marrakech,Safi,Marrakech-Safi,Crème fraîche,Camionnette réfrigérée,169.0,59.2,140.1,171.3,31.2,0,3.92,0.55,33.24,89.08,533.2,0,31.64395,-7.98871,32.31364,-9.25796,32.31364,-9.25796
CPG100255,2024-06-17,Marrakech,Béni Mellal,Béni Mellal-Khénifra,Lait pasteurisé,Camion standard,220.7,64.5,178.4,205.2,26.8,0,6.12,0.83,58.07,155.62,988.67,0,31.61579,-7.95016,32.33585,-6.36377,32.33585,-6.36377
CPG100256,2024-06-01,Marrakech,Rabat,Rabat-Salé-Kénitra,Beurre,Camion standard,348.7,60.3,332.3,346.8,14.6,1,5.97,0.5,96.57,258.82,1253.24,0,31.65666,-7.95797,34.03024,-6.83059,34.03024,-6.83059
CPG100257,2024-02-21,Rabat,Nador,Oriental,Lait pasteurisé,Camion réfrigéré,455.5,48.6,562.6,562.6,0.0,1,3.48,0.78,131.23,351.7,2463.01,0,34.01244,-6.82524,35.22534,-2.90326,35.22534,-2.90326
CPG100258,2024-10-28,Casablanca,Nador,Oriental,Lait pasteurisé,Camion réfrigéré,623.7,61.0,595.8,613.5,17.7,1,9.54,0.63,208.37,558.44,3110.21,0,33.58122,-7.578,35.16069,-2.96903,35.16069,-2.96903
CPG100259,2024-05-12,Casablanca,Nador,Oriental,Lait UHT,Camion standard,554.2,70.6,447.4,470.8,23.4,0,7.1,0.71,,452.38,2287.29,0,33.5581,-7.55409,35.14359,-2.91976,35.14359,-2.91976
CPG100260,2024-11-22,Rabat,Marrakech,Marrakech-Safi,Yaourt,Camion réfrigéré,384.8,59.3,389.5,389.5,0.0,1,0.47,0.76,,354.74,1847.74,0,34.02945,-6.848,31.68031,-8.01261,31.68031,-8.01261
CPG100261,2024-02-08,Tadla (Fkih Ben Salah),Nador,Oriental,Lait pasteurisé,Camion réfrigéré,543.6,66.4,490.7,491.4,0.8,1,9.17,0.84,184.33,494.01,3190.23,0,32.51499,-6.71016,35.14707,-2.88065,35.14707,-2.88065
CPG100262,2024-01-06,Marrakech,Taroudant,Souss-Massa,Yaourt,Camion réfrigéré,175.0,65.3,159.4,160.8,1.4,1,9.04,0.76,53.49,143.34,942.12,1,31.63587,-7.98386,30.49386,-8.90869,30.49386,-8.90869
CPG100263,2024-01-15,Agadir,Meknès,Fès-Meknès,Yaourt,Camion standard,619.5,77.1,482.2,482.2,0.0,1,6.88,0.6,174.56,467.83,2214.71,0,30.44161,-9.57694,33.90252,-5.5805,33.90252,-5.5805
CPG100264,2024-09-13,Rabat,Settat,Casablanca-Settat,Lait pasteurisé,Camionnette réfrigérée,173.6,55.0,188.6,189.6,1.0,1,5.86,0.8,29.24,78.36,590.34,0,34.02809,-6.83235,33.05443,-7.56789,33.05443,-7.56789
CPG100265,2024-11-15,Casablanca,Béni Mellal,Béni Mellal-Khénifra,Lait pasteurisé,Camion réfrigéré,242.3,49.8,202.1,292.0,89.9,0,0.2,0.65,86.36,231.44,1189.45,0,33.57105,-7.55696,32.31035,-6.33642,32.31035,-6.33642
CPG100266,2024-01-24,Agadir,Meknès,Fès-Meknès,Lait pasteurisé,Camion réfrigéré,641.4,62.6,579.7,614.9,35.2,0,5.68,0.83,216.12,579.19,3688.33,0,30.43715,-9.58798,33.93214,-5.55616,33.93214,-5.55616
CPG100267,2024-05-05,Casablanca,El Jadida,Casablanca-Settat,Lait pasteurisé,Camion standard,112.0,78.3,80.3,85.8,5.5,1,12.07,0.66,29.61,79.36,654.89,0,33.57202,-7.57865,33.27718,-8.50758,33.27718,-8.50758
CPG100268,2024-12-01,Marrakech,Marrakech,Marrakech-Safi,Fromage frais,Camion réfrigéré,5.0,40.3,3.5,7.5,3.9,1,4.54,0.56,1.69,4.52,96.03,0,31.64132,-8.00322,31.59942,-7.89916,31.59942,-7.89916
CPG100269,2024-07-12,Casablanca,Marrakech,Marrakech-Safi,Lben,Camion réfrigéré,257.5,71.9,203.5,214.8,11.4,1,6.34,0.61,79.76,213.76,1451.53,0,33.55222,-7.59924,31.59352,-8.07541,31.59352,-8.07541
CPG100270,2024-12-12,Marrakech,Marrakech,Marrakech-Safi,Lait UHT,Camion réfrigéré,5.0,25.7,5.0,11.7,6.6,1,4.55,1.0,1.81,4.84,94.14,0,31.63241,-7.98278,31.64231,-7.99454,31.64231,-7.99454
CPG100271,2024-04-26,Rabat,Kénitra,Rabat-Salé-Kénitra,Lben,Camion réfrigéré,40.7,75.2,32.5,32.5,0.0,1,6.78,0.63,12.4,33.23,280.22,0,34.03206,-6.83857,34.18418,-6.59358,34.18418,-6.59358
CPG100272,2024-06-13,Agadir,Khouribga,Béni Mellal-Khénifra,Yaourt,Camion standard,456.7,62.2,386.5,440.6,54.2,0,9.52,0.72,127.65,342.11,1895.12,0,30.41594,-9.57596,32.83609,-6.91215,32.83609,-6.91215
CPG100273,2024-08-30,Tadla (Fkih Ben Salah),Tanger,Tanger-Tétouan-Al Hoceïma,Beurre,Camionnette réfrigérée,435.5,67.4,384.4,387.6,3.2,1,8.93,0.67,72.0,192.95,1353.41,0,32.49303,-6.70613,35.77676,-5.82133,35.77676,-5.82133
CPG100274,2024-07-08,Rabat,Kénitra,Rabat-Salé-Kénitra,Lait pasteurisé,Camion réfrigéré,42.0,54.4,38.7,46.3,7.6,1,0.23,0.66,12.51,33.54,190.04,0,34.02584,-6.81901,34.25947,-6.5909,34.25947,-6.5909
CPG100275,2024-08-18,Agadir,Oujda,Oriental,Beurre,Camion standard,974.8,60.9,960.0,960.0,0.0,1,7.2,0.8,252.98,677.98,3999.12,0,30.4257,-9.59967,34.67328,-1.91196,34.67328,-1.91196
CPG100276,2024-12-27,Marrakech,Tétouan,Tanger-Tétouan-Al Hoceïma,Lait UHT,Camion standard,581.0,82.9,420.8,420.8,0.0,1,2.31,0.96,156.64,419.79,2544.47,0,31.61857,-7.97752,35.60413,-5.39801,35.60413,-5.39801
CPG100277,2024-06-10,Tadla (Fkih Ben Salah),Tanger,Tanger-Tétouan-Al Hoceïma,Crème fraîche,Camion standard,445.8,79.0,322.1,338.8,16.7,1,2.14,0.52,134.79,361.24,1535.06,0,32.483,-6.71612,35.75239,-5.81255,35.75239,-5.81255
CPG100278,2024-11-05,Agadir,Marrakech,Marrakech-Safi,Beurre,Camion standard,234.0,55.0,184.6,255.2,70.7,0,7.64,0.8,70.75,189.6,992.56,0,30.42588,-9.57527,31.53619,-7.95911,31.53619,-7.95911
CPG100279,2024-06-26,Tadla (Fkih Ben Salah),Oujda,Oriental,Lait pasteurisé,Camion standard,649.4,68.4,529.6,569.8,40.2,0,8.13,0.51,160.14,429.18,2643.39,0,32.49868,-6.68866,34.66326,-1.92565,34.66326,-1.92565
CPG100280,2024-09-13,Rabat,Tétouan,Tanger-Tétouan-Al Hoceïma,Lait pasteurisé,Camion standard,275.7,46.6,303.7,354.8,51.1,0,4.44,0.42,73.72,197.56,1172.81,0,34.01185,-6.84651,35.60124,-5.38791,35.60124,-5.38791
CPG100281,2024-06-26,Casablanca,Rabat,Rabat-Salé-Kénitra,Lait UHT,Camion standard,97.6,65.0,81.1,90.1,9.0,1,1.57,0.68,26.78,71.77,361.66,0,33.57224,-7.57244,33.97482,-6.87577,33.97482,-6.87577
CPG100282,2024-11-30,Tadla (Fkih Ben Salah),Settat,Casablanca-Settat,Lait pasteurisé,Camion standard,117.7,38.1,110.5,185.4,74.9,0,3.17,0.75,31.41,84.19,504.52,0,32.51191,-6.67667,32.9943,-7.66448,32.9943,-7.66448
CPG100283,2024-06-20,Casablanca,Laâyoune,Laâyoune-Sakia El Hamra,Lait UHT,Camion réfrigéré,1144.4,70.8,954.1,969.4,15.4,1,6.02,0.9,378.28,1013.79,5370.99,0,33.55112,-7.60063,27.14265,-13.14681,27.14265,-13.14681
CPG100284,2024-11-06,Marrakech,Kénitra,Rabat-Salé-Kénitra,Crème fraîche,Camion standard,378.6,69.4,312.7,327.4,14.7,1,9.97,0.84,107.11,287.07,1386.55,1,31.64179,-7.956,34.23535,-6.58291,34.23535,-6.58291
CPG100285,2024-01-17,Rabat,Rabat,Rabat-Salé-Kénitra,Crème fraîche,Camion standard,5.0,10.7,3.7,28.1,24.4,0,2.82,0.51,1.29,3.46,62.95,0,34.04484,-6.83955,34.03161,-6.87425,34.03161,-6.87425
CPG100286,2024-12-24,Marrakech,Laâyoune,Laâyoune-Sakia El Hamra,Lait pasteurisé,Camion réfrigéré,918.1,68.3,783.5,806.0,22.5,0,7.54,0.64,275.06,737.17,5298.23,0,31.61127,-7.94647,27.157,-13.14199,27.157,-13.14199
CPG100287,2024-05-10,Marrakech,Casablanca,Casablanca-Settat,Yaourt,Camionnette réfrigérée,259.9,64.4,229.0,242.2,13.2,1,8.2,0.58,48.91,131.08,949.03,1,31.64638,-7.9585,33.58373,-7.59056,33.58373,-7.59056
CPG100288,2024-10-25,Rabat,Settat,Casablanca-Settat,Yaourt,Camion standard,152.7,59.3,154.5,154.5,0.0,1,4.76,0.74,45.63,122.29,708.18,0,34.01271,-6.86378,32.98151,-7.61282,32.98151,-7.61282
CPG100289,2024-01-09,Tadla (Fkih Ben Salah),Oujda,Oriental,Yaourt,Camion standard,573.7,77.5,433.3,444.3,11.0,1,4.6,0.78,162.71,436.07,2403.07,0,32.47122,-6.68161,34.63005,-1.85158,34.63005,-1.85158
CPG100290,2024-07-10,Agadir,Tétouan,Tanger-Tétouan-Al Hoceïma,Lait UHT,Camion réfrigéré,845.2,50.2,954.4,1011.1,56.7,0,8.69,0.53,275.73,738.96,4846.08,0,30.42181,-9.61203,35.55172,-5.37614,35.55172,-5.37614
CPG100291,2024-01-15,Casablanca,Marrakech,Marrakech-Safi,Crème fraîche,Camion réfrigéré,251.1,44.3,257.1,340.2,83.1,0,6.02,0.84,74.1,198.58,1346.68,0,33.54929,-7.57213,31.60148,-7.99641,31.60148,-7.99641
CPG100292,2024-11-01,Casablanca,Rabat,Rabat-Salé-Kénitra,Lben,Camionnette réfrigérée,97.2,49.4,100.4,118.1,17.6,1,0.54,0.93,16.29,43.64,309.26,0,33.54368,-7.57554,34.01932,-6.81118,34.01932,-6.81118
CPG100293,2024-11-01,Marrakech,Nador,Oriental,Yaourt,Camion réfrigéré,643.4,63.2,598.6,611.1,12.5,1,8.75,0.57,186.48,499.76,3402.33,0,31.6514,-7.99571,35.18068,-2.92425,35.18068,-2.92425
CPG100294,2024-12-24,Tadla (Fkih Ben Salah),Agadir,Souss-Massa,Lben,Camion réfrigéré,472.3,75.3,358.0,376.2,18.2,1,8.87,0.62,153.36,411.0,2288.93,1,32.5244,-6.69956,30.45453,-9.61841,30.45453,-9.61841
CPG100295,2024-12-05,Casablanca,Essaouira,Marrakech-Safi,Crème fraîche,Camion réfrigéré,410.6,53.6,440.4,460.0,19.6,1,9.51,1.0,136.67,366.29,1974.85,0,33.55842,-7.61852,31.54764,-9.78878,31.54764,-9.78878
CPG100296,2024-12-21,Agadir,Tanger,Tanger-Tétouan-Al Hoceïma,Beurre,Camionnette réfrigérée,771.8,62.8,729.5,738.0,8.5,1,8.73,0.97,140.23,375.82,2689.66,0,30.42853,-9.61443,35.79077,-5.83807,35.79077,-5.83807
CPG100297,2024-04-21,Tadla (Fkih Ben Salah),Salé,Rabat-Salé-Kénitra,Lait UHT,Camion standard,192.1,76.9,136.6,149.8,13.2,1,6.53,0.72,54.49,146.02,808.13,0,32.49344,-6.69166,34.05824,-6.84118,34.05824,-6.84118
CPG100298,2024-11-30,Agadir,Kénitra,Rabat-Salé-Kénitra,Lait UHT,Camion réfrigéré,594.0,43.1,674.2,826.0,151.8,0,6.51,0.52,,567.97,2990.37,0,30.43718,-9.60174,34.27484,-6.59764,34.27484,-6.59764
CPG100299,2024-09-19,Agadir,Settat,Casablanca-Settat,Lait pasteurisé,Camion réfrigéré,460.3,82.5,334.6,334.6,0.0,1,1.21,0.56,149.08,399.55,2578.57,0,30.4377,-9.61058,32.97473,-7.63602,32.97473,-7.63602
CPG100300,2024-12-21,Rabat,Béni Mellal,Béni Mellal-Khénifra,Yaourt,Camion standard,207.7,62.4,188.8,199.6,10.8,1,14.89,0.56,54.42,145.86,991.75,0,34.0621,-6.84537,32.32434,-6.37849,32.32434,-6.37849
CPG100301,2024-08-20,Tadla (Fkih Ben Salah),Safi,Marrakech-Safi,Lait pasteurisé,Camion réfrigéré,281.5,57.8,246.1,292.1,46.1,0,7.21,0.65,101.82,272.88,1501.65,0,32.51023,-6.68345,32.26806,-9.23401,32.26806,-9.23401
CPG100302,2024-10-01,Agadir,Béni Mellal,Béni Mellal-Khénifra,Fromage frais,Camion standard,480.2,67.9,423.3,424.6,1.3,1,9.85,0.85,126.35,338.61,1739.52,0,30.41992,-9.62482,32.29321,-6.37982,32.29321,-6.37982
CPG100303,2024-08-31,Marrakech,Salé,Rabat-Salé-Kénitra,Crème fraîche,Camionnette réfrigérée,362.7,40.3,497.7,540.4,42.7,0,5.83,0.59,61.08,163.69,1403.02,0,31.63048,-7.98661,34.08342,-6.78689,34.08342,-6.78689
CPG100304,2024-11-25,Agadir,Laâyoune,Laâyoune-Sakia El Hamra,Lben,Camion réfrigéré,552.7,77.5,428.0,428.0,0.0,1,10.49,0.98,195.85,524.88,2719.66,0,30.44424,-9.577,27.10434,-13.13884,27.10434,-13.13884
CPG100305,2024-03-09,Marrakech,Laâyoune,Laâyoune-Sakia El Hamra,Crème fraîche,Camion standard,841.3,66.3,710.4,761.4,51.0,0,4.39,0.85,222.93,597.44,3416.59,0,31.63996,-7.96303,27.08068,-13.15533,27.08068,-13.15533
CPG100306,2024-02-16,Agadir,Oujda,Oriental,Lait pasteurisé,Camion réfrigéré,1093.2,58.2,1110.8,1127.3,16.5,1,3.85,0.61,378.45,1014.24,5518.01,1,30.41838,-9.6069,34.62602,-1.9049,34.62602,-1.9049
CPG100307,2024-02-23,Rabat,Tanger,Tanger-Tétouan-Al Hoceïma,Crème fraîche,Camion standard,225.1,57.6,207.5,234.3,26.8,0,10.73,0.99,64.71,173.42,994.29,0,34.05014,-6.85641,35.83232,-5.83093,35.83232,-5.83093
CPG100308,2024-07-06,Tadla (Fkih Ben Salah),Rabat,Rabat-Salé-Kénitra,Beurre,Camion standard,184.8,44.0,132.0,252.2,120.2,0,2.23,0.62,50.45,135.22,633.19,0,32.50984,-6.69355,33.99143,-6.87261,33.99143,-6.87261
CPG100309,2024-03-04,Marrakech,El Jadida,Casablanca-Settat,Lait UHT,Camion standard,207.6,55.4,199.4,224.8,25.4,0,9.67,0.75,52.42,140.48,933.71,0,31.63725,-7.97312,33.2707,-8.49214,33.2707,-8.49214
CPG100310,2024-10-26,Tadla (Fkih Ben Salah),Taroudant,Souss-Massa,Lait UHT,Camion réfrigéré,333.6,66.9,260.2,299.2,39.0,0,8.93,0.43,119.67,320.71,2013.53,0,32.52868,-6.67992,30.45025,-8.91259,30.45025,-8.91259
CPG100311,2024-05-30,Casablanca,Taroudant,Souss-Massa,Crème fraîche,Camion réfrigéré,419.5,79.6,299.5,316.1,16.6,1,4.75,0.73,124.6,333.92,2261.69,0,33.57893,-7.54991,30.52801,-8.88672,30.52801,-8.88672
CPG100312,2024-03-19,Agadir,Fès,Fès-Meknès,Yaourt,Camion réfrigéré,635.2,81.7,466.2,466.2,0.0,1,3.89,0.68,211.9,567.9,3208.17,0,30.44765,-9.5736,34.0086,-5.01532,34.0086,-5.01532
CPG100313,2024-09-02,Agadir,Tanger,Tanger-Tétouan-Al Hoceïma,Crème fraîche,Camion réfrigéré,794.0,73.2,638.7,650.8,12.1,1,9.74,0.48,228.73,612.99,4675.59,0,30.43655,-9.57459,35.76812,-5.81538,35.76812,-5.81538
CPG100314,2024-04-16,Casablanca,Agadir,Souss-Massa,Fromage frais,Camion réfrigéré,491.8,62.1,449.3,475.4,26.1,0,6.0,0.71,153.54,411.47,2450.1,0,33.59164,-7.56258,30.46642,-9.61415,30.46642,-9.61415
CPG100315,2024-12-05,Casablanca,Safi,Marrakech-Safi,Fromage frais,Camion réfrigéré,235.0,51.6,224.9,273.4,48.5,0,6.48,0.52,73.8,197.79,1155.71,0,33.57941,-7.61153,32.36802,-9.28242,32.36802,-9.28242
CPG100316,2024-11-29,Agadir,Oujda,Oriental,Fromage frais,Camion standard,988.5,61.4,945.4,966.0,20.6,0,10.07,0.81,293.0,785.23,3977.93,0,30.45372,-9.59488,34.63333,-1.90962,34.63333,-1.90962
CPG100317,2024-08-19,Agadir,Marrakech,Marrakech-Safi,Lait UHT,Camionnette réfrigérée,246.7,52.5,275.6,281.8,6.2,1,3.53,0.59,47.83,128.18,751.94,0,30.44394,-9.56856,31.60024,-7.96652,31.60024,-7.96652
CPG100318,2024-08-22,Marrakech,Safi,Marrakech-Safi,Fromage frais,Camion réfrigéré,182.0,56.6,184.7,192.9,8.2,1,5.92,0.64,63.13,169.19,1076.75,0,31.65784,-7.96495,32.28342,-9.2367,32.28342,-9.2367
CPG100319,2024-06-02,Tadla (Fkih Ben Salah),Marrakech,Marrakech-Safi,Lait pasteurisé,Camion standard,194.4,62.2,173.1,187.7,14.6,1,7.63,0.72,55.42,148.52,792.13,0,32.45549,-6.71181,31.60644,-7.99589,31.60644,-7.99589
CPG100320,2024-01-17,Rabat,Rabat,Rabat-Salé-Kénitra,Lait pasteurisé,Camion réfrigéré,5.0,4.2,4.1,70.8,66.7,0,2.55,0.79,1.45,3.88,63.69,0,34.0224,-6.81309,34.00868,-6.8537,34.00868,-6.8537
CPG100321,2024-09-11,Tadla (Fkih Ben Salah),Laâyoune,Laâyoune-Sakia El Hamra,Crème fraîche,Camion réfrigéré,1066.6,56.2,1121.0,1138.6,17.6,1,3.13,0.71,338.76,907.89,5987.31,0,32.50714,-6.71309,27.124,-13.15751,27.124,-13.15751
CPG100322,2024-05-06,Rabat,Kénitra,Rabat-Salé-Kénitra,Beurre,Camionnette réfrigérée,39.8,55.6,39.7,43.0,3.3,1,11.05,1.0,8.07,21.62,308.54,0,34.01774,-6.83039,34.23085,-6.55864,34.23085,-6.55864
CPG100323,2024-02-05,Rabat,Casablanca,Casablanca-Settat,Beurre,Camion réfrigéré,112.6,64.6,86.5,104.5,18.1,1,4.13,0.87,34.2,91.67,682.18,0,34.02482,-6.82431,33.53671,-7.59353,33.53671,-7.59353
CPG100324,2024-06-27,Casablanca,Rabat,Rabat-Salé-Kénitra,Beurre,Camionnette réfrigérée,112.2,51.4,113.1,131.0,17.9,1,7.4,0.69,21.61,57.91,517.38,0,33.56181,-7.57414,34.00434,-6.83686,34.00434,-6.83686
CPG100325,2024-08-11,Rabat,Settat,Casablanca-Settat,Beurre,Camionnette réfrigérée,166.8,61.6,160.8,162.4,1.6,1,10.56,0.84,27.29,73.14,682.99,0,34.01914,-6.86682,33.01999,-7.60525,33.01999,-7.60525
CPG100326,2024-10-24,Tadla (Fkih Ben Salah),Béni Mellal,Béni Mellal-Khénifra,Lait UHT,Camion réfrigéré,41.2,40.4,34.5,61.1,26.6,0,8.39,1.0,13.89,37.22,324.53,0,32.5038,-6.67675,32.35148,-6.27375,32.35148,-6.27375
CPG100327,2024-11-15,Rabat,Kénitra,Rabat-Salé-Kénitra,Yaourt,Camion standard,45.4,20.1,34.8,135.6,100.8,0,2.26,0.59,13.28,35.6,223.94,0,34.04392,-6.83432,34.1905,-6.56682,34.1905,-6.56682
CPG100328,2024-05-03,Marrakech,Khouribga,Béni Mellal-Khénifra,Beurre,Camion standard,186.5,47.9,152.2,233.5,81.3,0,7.3,0.87,54.89,147.1,827.41,0,31.61854,-7.98455,32.90441,-6.88827,32.90441,-6.88827
CPG100329,2024-09-14,Marrakech,El Jadida,Casablanca-Settat,Fromage frais,Camion standard,201.0,65.3,159.8,184.6,24.7,0,11.81,0.66,58.28,156.18,1011.76,0,31.63007,-7.98718,33.23824,-8.49732,33.23824,-8.49732
CPG100330,2024-04-09,Casablanca,Kénitra,Rabat-Salé-Kénitra,Beurre,Camion standard,145.6,68.3,112.1,127.8,15.7,1,4.79,0.44,40.41,108.3,617.85,0,33.55518,-7.55357,34.30213,-6.56218,34.30213,-6.56218
CPG100331,2024-05-01,Tadla (Fkih Ben Salah),Settat,Casablanca-Settat,Lait UHT,Camion réfrigéré,137.3,60.2,115.3,136.8,21.5,0,6.48,0.65,48.54,130.1,805.04,0,32.50861,-6.68667,33.00781,-7.58622,33.00781,-7.58622
CPG100332,2024-02-10,Agadir,Agadir,Souss-Massa,Fromage frais,Camion réfrigéré,5.0,16.8,5.4,17.8,12.5,1,6.62,0.67,1.49,3.99,122.0,0,30.43083,-9.59419,30.4283,-9.5027,30.4283,-9.5027
CPG100333,2024-08-09,Agadir,Tétouan,Tanger-Tétouan-Al Hoceïma,Beurre,Camionnette réfrigérée,776.6,44.1,1047.3,1057.4,10.1,1,7.41,0.89,159.58,427.69,2702.9,0,30.43947,-9.58503,35.60147,-5.33443,35.60147,-5.33443
CPG100334,2024-09-19,Agadir,Khouribga,Béni Mellal-Khénifra,Lait UHT,Camion standard,451.2,68.1,393.0,397.7,4.7,1,6.21,0.74,128.62,344.7,1697.22,0,30.35963,-9.54988,32.87545,-6.89665,32.87545,-6.89665
CPG100335,2024-02-08,Rabat,Agadir,Souss-Massa,Beurre,Camionnette réfrigérée,614.1,46.7,778.2,789.4,11.2,1,8.0,0.58,104.16,279.14,2301.19,0,34.02431,-6.81539,30.43732,-9.5946,30.43732,-9.5946
CPG100336,2024-06-21,Marrakech,El Jadida,Casablanca-Settat,Lait pasteurisé,Camion standard,210.8,63.4,194.5,199.5,4.9,1,8.46,0.89,53.32,142.91,995.68,0,31.60963,-7.97326,33.24162,-8.47515,33.24162,-8.47515
CPG100337,2024-01-21,Tadla (Fkih Ben Salah),Kénitra,Rabat-Salé-Kénitra,Yaourt,Camion réfrigéré,232.7,64.4,198.2,216.7,18.6,1,5.43,0.52,67.28,180.32,1138.79,0,32.50933,-6.67855,34.23067,-6.52343,34.23067,-6.52343
CPG100338,2024-11-26,Casablanca,Essaouira,Marrakech-Safi,Beurre,Camion réfrigéré,379.1,60.7,374.8,374.8,0.0,1,4.34,0.71,119.66,320.68,1790.54,0,33.56528,-7.60057,31.53746,-9.68365,31.53746,-9.68365
CPG100339,2024-07-15,Agadir,Salé,Rabat-Salé-Kénitra,Lait pasteurisé,Camionnette réfrigérée,511.7,67.7,453.8,453.8,0.0,1,5.73,0.84,91.56,245.37,1789.84,0,30.44704,-9.56918,34.09627,-6.77652,34.09627,-6.77652
CPG100340,2024-06-11,Casablanca,El Jadida,Casablanca-Settat,Fromage frais,Camionnette réfrigérée,110.8,30.9,107.0,214.9,107.9,0,7.0,0.72,18.55,49.71,420.1,0,33.58275,-7.60195,33.29107,-8.54001,33.29107,-8.54001
CPG100341,2024-09-28,Rabat,Tétouan,Tanger-Tétouan-Al Hoceïma,Beurre,Camionnette réfrigérée,288.0,56.2,281.9,307.3,25.5,0,8.82,0.98,48.28,129.38,941.47,0,34.01366,-6.84262,35.61325,-5.33444,35.61325,-5.33444
CPG100342,2024-04-06,Tadla (Fkih Ben Salah),El Jadida,Casablanca-Settat,Lait UHT,Camion standard,224.7,58.9,191.1,228.9,37.8,0,6.65,0.59,62.87,168.49,1033.8,0,32.53348,-6.68132,33.2484,-8.49162,33.2484,-8.49162
CPG100343,2024-01-14,Casablanca,Fès,Fès-Meknès,Yaourt,Camion réfrigéré,302.3,55.3,275.6,328.2,52.7,0,2.97,0.58,90.35,242.15,1750.24,1,33.57938,-7.58863,34.01349,-4.99196,34.01349,-4.99196
CPG100344,2024-01-13,Agadir,Casablanca,Casablanca-Settat,Lait UHT,Camionnette réfrigérée,460.3,61.8,425.7,446.8,21.2,0,2.35,0.82,84.74,227.12,1422.7,0,30.42292,-9.5985,33.58897,-7.61056,33.58897,-7.61056
CPG100345,2024-01-25,Marrakech,Oujda,Oriental,Lait UHT,Camion réfrigéré,766.2,66.1,695.0,695.0,0.0,1,2.44,0.91,246.99,661.92,4413.04,0,31.58404,-7.96719,34.71287,-1.81236,34.71287,-1.81236
CPG100346,2024-12-26,Casablanca,Salé,Rabat-Salé-Kénitra,Lben,Camion réfrigéré,102.1,61.7,88.1,99.3,11.2,1,6.51,0.66,32.39,86.81,639.9,0,33.55714,-7.5915,34.11033,-6.76186,34.11033,-6.76186
CPG100347,2024-04-26,Casablanca,Marrakech,Marrakech-Safi,Beurre,Camion réfrigéré,272.3,57.7,257.2,283.0,25.8,0,5.62,0.58,82.56,221.25,1322.23,0,33.52352,-7.57843,31.6233,-7.95997,31.6233,-7.95997
CPG100348,2024-02-25,Agadir,Taroudant,Souss-Massa,Beurre,Camion standard,91.8,57.0,87.5,96.7,9.2,1,1.91,0.83,22.58,60.53,326.54,0,30.42673,-9.58082,30.42882,-8.87025,30.42882,-8.87025
CPG100349,2024-07-24,Marrakech,Casablanca,Casablanca-Settat,Yaourt,Camion réfrigéré,269.8,53.1,220.2,304.9,84.8,0,4.7,0.85,99.08,265.53,1510.51,0,31.6262,-7.98302,33.52776,-7.55787,33.52776,-7.55787
CPG100350,2024-02-08,Rabat,Fès,Fès-Meknès,Lait UHT,Camion standard,211.0,91.2,138.8,138.8,0.0,1,8.67,0.71,54.04,144.81,924.31,0,34.00818,-6.84766,34.02979,-5.01685,34.02979,-5.01685
CPG100351,2024-10-14,Agadir,Tanger,Tanger-Tétouan-Al Hoceïma,Yaourt,Camion réfrigéré,826.0,62.5,784.6,793.1,8.5,1,5.04,0.59,240.03,643.28,4536.11,0,30.46759,-9.60003,35.74747,-5.86991,35.74747,-5.86991
CPG100352,2024-06-17,Marrakech,Agadir,Souss-Massa,Yaourt,Camion réfrigéré,226.1,52.5,242.2,258.6,16.4,1,0.2,1.0,70.75,189.62,1126.99,0,31.64238,-7.96671,30.47709,-9.58749,30.47709,-9.58749
CPG100353,2024-06-27,Rabat,Laâyoune,Laâyoune-Sakia El Hamra,Fromage frais,Camion standard,1148.3,65.8,1046.6,1046.6,0.0,1,5.05,0.79,286.11,766.77,4959.0,0,33.99944,-6.86905,27.13616,-13.19554,27.13616,-13.19554
CPG100354,2024-05-15,Tadla (Fkih Ben Salah),Taroudant,Souss-Massa,Crème fraîche,Camionnette réfrigérée,354.6,51.4,382.4,414.0,31.6,0,5.73,0.69,58.32,156.29,1307.77,0,32.48583,-6.7012,30.46898,-8.88674,30.46898,-8.88674
CPG100355,2024-01-28,Rabat,Kénitra,Rabat-Salé-Kénitra,Fromage frais,Camion réfrigéré,40.1,39.8,36.8,60.5,23.7,0,10.1,0.69,12.42,33.28,347.34,0,34.01216,-6.80163,34.22716,-6.59469,34.22716,-6.59469
CPG100356,2024-12-07,Rabat,Khouribga,Béni Mellal-Khénifra,Fromage frais,Camionnette réfrigérée,167.1,36.2,163.9,276.9,113.0,0,5.24,0.64,29.17,78.18,694.87,0,33.99973,-6.88329,32.90318,-6.90691,32.90318,-6.90691
CPG100357,2024-07-09,Agadir,Khouribga,Béni Mellal-Khénifra,Lait pasteurisé,Camion standard,486.9,64.7,424.6,451.4,26.8,0,4.72,0.73,135.79,363.92,2019.92,0,30.4042,-9.60219,32.86185,-6.93034,32.86185,-6.93034
CPG100358,2024-06-16,Marrakech,Taroudant,Souss-Massa,Lait UHT,Camion standard,190.0,87.1,130.5,130.9,0.5,1,0.2,0.56,51.04,136.79,706.43,0,31.67116,-7.95458,30.39029,-8.879,30.39029,-8.879
CPG100359,2024-09-17,Casablanca,Agadir,Souss-Massa,Fromage frais,Camionnette réfrigérée,451.5,44.5,588.1,608.1,20.0,1,5.22,0.7,81.94,219.6,1452.85,0,33.57442,-7.55551,30.38426,-9.59122,30.38426,-9.59122
CPG100360,2024-08-22,Tadla (Fkih Ben Salah),Essaouira,Marrakech-Safi,Yaourt,Camion réfrigéré,384.6,53.3,432.8,433.1,0.4,1,4.76,0.63,140.71,377.11,2122.67,0,32.52981,-6.70663,31.48604,-9.7554,31.48604,-9.7554
CPG100361,2024-04-18,Tadla (Fkih Ben Salah),Fès,Fès-Meknès,Fromage frais,Camion standard,301.8,65.0,229.7,278.8,49.1,0,9.0,0.62,76.13,204.02,1317.03,0,32.51808,-6.70387,34.01785,-5.02765,34.01785,-5.02765
CPG100362,2024-06-02,Casablanca,Salé,Rabat-Salé-Kénitra,Beurre,Camion réfrigéré,110.2,74.1,84.5,89.2,4.7,1,10.84,0.91,33.57,89.96,741.52,0,33.56835,-7.59322,34.10735,-6.8032,34.10735,-6.8032
CPG100363,2024-10-03,Casablanca,Fès,Fès-Meknès,Lait UHT,Camionnette réfrigérée,288.7,47.5,361.1,364.7,3.6,1,5.6,0.62,47.07,126.14,920.24,0,33.56167,-7.58541,34.03965,-4.97758,34.03965,-4.97758
CPG100364,2024-01-07,Casablanca,Tanger,Tanger-Tétouan-Al Hoceïma,Fromage frais,Camion réfrigéré,386.0,60.5,346.1,382.8,36.7,0,0.46,0.8,137.06,367.31,2126.45,0,33.58057,-7.63037,35.75712,-5.84008,35.75712,-5.84008
CPG100365,2024-09-08,Casablanca,Marrakech,Marrakech-Safi,Yaourt,Camion réfrigéré,248.9,63.0,237.2,237.2,0.0,1,6.81,0.87,76.16,204.1,1442.17,0,33.57458,-7.60696,31.66648,-8.00978,31.66648,-8.00978
CPG100366,2024-10-16,Marrakech,Safi,Marrakech-Safi,Fromage frais,Camionnette réfrigérée,163.8,58.2,155.8,168.9,13.2,1,11.43,1.0,32.12,86.09,699.39,0,31.67145,-8.01634,32.26701,-9.20748,32.26701,-9.20748
CPG100367,2024-12-21,Marrakech,Casablanca,Casablanca-Settat,Lait pasteurisé,Camion standard,295.3,70.3,218.4,252.0,33.6,0,5.8,0.45,79.23,212.32,1231.01,0,31.61944,-7.9755,33.56552,-7.58672,33.56552,-7.58672
CPG100368,2024-10-03,Casablanca,Essaouira,Marrakech-Safi,Lait UHT,Camion standard,408.8,80.4,296.6,305.1,8.5,1,6.53,0.78,112.28,300.92,1745.27,0,33.56822,-7.60668,31.54617,-9.75859,31.54617,-9.75859
CPG100369,2024-04-20,Tadla (Fkih Ben Salah),Essaouira,Marrakech-Safi,Lben,Camion réfrigéré,357.0,64.8,326.2,330.3,4.1,1,11.29,0.57,104.27,279.43,1942.32,0,32.52294,-6.70681,31.53271,-9.73747,31.53271,-9.73747
CPG100370,2024-12-03,Agadir,Salé,Rabat-Salé-Kénitra,Crème fraîche,Camion réfrigéré,541.1,67.5,481.1,481.1,0.0,1,3.22,0.8,193.23,517.85,2573.24,0,30.41459,-9.59523,34.03959,-6.79471,34.03959,-6.79471
CPG100371,2024-02-28,Casablanca,Khouribga,Béni Mellal-Khénifra,Yaourt,Camion réfrigéré,111.7,28.7,118.4,233.4,115.0,0,3.82,0.72,37.67,100.96,684.23,0,33.58081,-7.59,32.87899,-6.94828,32.87899,-6.94828
CPG100372,2024-04-29,Casablanca,Tétouan,Tanger-Tétouan-Al Hoceïma,Lben,Camionnette réfrigérée,385.5,41.1,530.2,562.6,32.4,0,11.79,0.71,62.51,167.52,1598.94,0,33.56013,-7.55464,35.57103,-5.40229,35.57103,-5.40229
CPG100373,2024-04-02,Agadir,Oujda,Oriental,Lait UHT,Camion réfrigéré,973.8,64.9,882.9,900.0,17.1,1,9.02,0.88,347.91,932.41,4652.15,0,30.40513,-9.57326,34.72598,-1.87966,34.72598,-1.87966
CPG100374,2024-12-27,Tadla (Fkih Ben Salah),Casablanca,Casablanca-Settat,Lait UHT,Camion réfrigéré,196.3,72.8,145.1,161.8,16.7,1,7.43,0.72,63.24,169.48,962.8,0,32.50066,-6.65557,33.61028,-7.59253,33.61028,-7.59253
CPG100375,2024-07-31,Marrakech,Tétouan,Tanger-Tétouan-Al Hoceïma,Yaourt,Camion standard,658.8,69.0,539.2,573.0,33.9,0,7.2,0.74,196.49,526.59,2389.27,0,31.62398,-7.96598,35.61716,-5.3393,35.61716,-5.3393
CPG100376,2024-09-18,Marrakech,Taroudant,Souss-Massa,Fromage frais,Camionnette réfrigérée,176.8,60.0,165.8,176.8,11.0,1,4.35,0.6,34.9,93.54,628.14,0,31.62455,-7.98541,30.40713,-8.89333,30.40713,-8.89333
CPG100377,2024-02-19,Rabat,Essaouira,Marrakech-Safi,Lait UHT,Camion standard,465.8,92.6,287.6,302.0,14.4,1,4.93,0.74,126.9,340.1,2031.99,0,34.03826,-6.83258,31.44932,-9.76072,31.44932,-9.76072
CPG100378,2024-09-22,Casablanca,Tanger,Tanger-Tétouan-Al Hoceïma,Lait pasteurisé,Camionnette réfrigérée,325.4,56.0,325.5,348.8,23.3,0,8.2,0.75,64.69,173.37,1168.92,0,33.53455,-7.61891,35.7719,-5.83813,35.7719,-5.83813
CPG100379,2024-02-14,Tadla (Fkih Ben Salah),Tanger,Tanger-Tétouan-Al Hoceïma,Lait UHT,Camion réfrigéré,498.4,56.9,518.0,525.2,7.2,1,8.32,0.82,177.68,476.19,2501.38,0,32.52305,-6.65857,35.75079,-5.84317,35.75079,-5.84317
CPG100380,2024-07-18,Casablanca,Taroudant,Souss-Massa,Lait pasteurisé,Camion réfrigéré,433.3,59.1,418.8,440.2,21.4,0,5.23,0.7,150.86,404.31,2311.05,0,33.55396,-7.58969,30.52094,-8.96203,30.52094,-8.96203
CPG100381,2024-11-07,Agadir,Béni Mellal,Béni Mellal-Khénifra,Beurre,Camion réfrigéré,460.1,80.2,339.2,344.3,5.1,1,8.14,0.46,154.99,415.38,2458.13,0,30.40758,-9.60553,32.35503,-6.3147,32.35503,-6.3147
CPG100382,2024-01-09,Casablanca,Oujda,Oriental,Lait UHT,Camion standard,634.7,67.5,526.4,564.2,37.8,0,9.9,0.63,183.27,491.15,2422.31,0,33.57027,-7.59712,34.68626,-1.89613,34.68626,-1.89613
CPG100383,2024-06-22,Rabat,Fès,Fès-Meknès,Lben,Camion réfrigéré,201.0,66.5,178.7,181.3,2.6,1,3.47,0.71,64.07,171.71,1099.06,1,34.03373,-6.83714,34.0446,-5.01697,34.0446,-5.01697
CPG100384,2024-04-26,Agadir,Oujda,Oriental,Lait pasteurisé,Camion réfrigéré,1123.4,70.8,942.3,952.6,10.3,1,5.8,0.64,373.49,1000.95,5195.89,0,30.416,-9.60091,34.68043,-1.87547,34.68043,-1.87547
CPG100385,2024-06-28,Marrakech,Safi,Marrakech-Safi,Yaourt,Camion standard,186.9,69.8,160.5,160.5,0.0,1,6.56,0.6,53.4,143.12,742.08,0,31.62307,-7.97712,32.30173,-9.24264,32.30173,-9.24264
CPG100386,2024-04-05,Casablanca,Laâyoune,Laâyoune-Sakia El Hamra,Yaourt,Camion réfrigéré,1092.8,74.0,844.5,886.0,41.5,0,0.2,0.71,399.86,1071.61,5354.47,0,33.55122,-7.58134,27.11107,-13.18761,27.11107,-13.18761
CPG100387,2024-08-20,Casablanca,Marrakech,Marrakech-Safi,Lait pasteurisé,Camion standard,277.7,65.2,235.5,255.7,20.2,0,8.12,0.49,80.77,216.48,1143.9,0,33.5834,-7.61347,31.60217,-7.98627,31.60217,-7.98627
CPG100388,2024-04-26,Casablanca,Essaouira,Marrakech-Safi,Crème fraîche,Camion réfrigéré,342.0,73.6,278.8,278.8,0.0,1,5.2,0.67,113.92,305.31,1890.88,0,33.60297,-7.55339,31.53308,-9.79209,31.53308,-9.79209
CPG100389,2024-05-07,Agadir,Salé,Rabat-Salé-Kénitra,Lait UHT,Camion réfrigéré,603.4,64.3,562.6,562.8,0.3,1,3.29,0.65,186.54,499.93,3184.9,0,30.418,-9.60497,34.0226,-6.79853,34.0226,-6.79853
CPG100390,2024-10-30,Tadla (Fkih Ben Salah),Taroudant,Souss-Massa,Crème fraîche,Camion réfrigéré,333.2,58.8,236.6,339.9,103.2,0,5.57,0.51,108.69,291.3,1915.08,0,32.47206,-6.6808,30.50396,-8.89456,30.50396,-8.89456
CPG100391,2024-12-26,Rabat,Khouribga,Béni Mellal-Khénifra,Beurre,Camionnette réfrigérée,161.4,59.9,154.4,161.8,7.4,1,6.46,0.66,29.2,78.25,623.48,0,34.05036,-6.85716,32.85098,-6.94735,32.85098,-6.94735
CPG100392,2024-07-04,Tadla (Fkih Ben Salah),Kénitra,Rabat-Salé-Kénitra,Beurre,Camion standard,220.1,58.6,192.8,225.5,32.7,0,4.73,1.0,57.5,154.11,952.36,0,32.49092,-6.71418,34.25908,-6.56553,34.25908,-6.56553
CPG100393,2024-08-05,Agadir,Safi,Marrakech-Safi,Crème fraîche,Camion standard,266.7,81.0,186.1,197.6,11.5,1,10.8,0.67,74.72,200.24,1131.25,0,30.40444,-9.57645,32.30029,-9.24512,32.30029,-9.24512
CPG100394,2024-11-13,Tadla (Fkih Ben Salah),Fès,Fès-Meknès,Yaourt,Camion réfrigéré,280.6,78.2,197.4,215.2,17.8,1,10.76,0.65,93.42,250.36,1384.6,0,32.49249,-6.68289,33.99942,-4.98547,33.99942,-4.98547
CPG100395,2024-10-13,Casablanca,Béni Mellal,Béni Mellal-Khénifra,Lait pasteurisé,Camion standard,229.9,59.0,221.3,234.0,12.7,1,6.35,0.74,69.94,187.45,968.89,0,33.58866,-7.5976,32.37006,-6.37257,32.37006,-6.37257
CPG100396,2024-08-03,Casablanca,Khouribga,Béni Mellal-Khénifra,Crème fraîche,Camion standard,127.1,32.0,109.1,238.0,128.8,0,7.62,0.72,35.41,94.89,536.05,0,33.59654,-7.62939,32.91287,-6.89811,32.91287,-6.89811
CPG100397,2024-09-19,Casablanca,Fès,Fès-Meknès,Yaourt,Camionnette réfrigérée,257.8,28.7,508.3,538.7,30.5,0,5.65,1.0,44.68,119.74,950.88,0,33.57191,-7.59635,33.99439,-4.98552,33.99439,-4.98552
CPG100398,2024-06-01,Rabat,Casablanca,Casablanca-Settat,Lait UHT,Camion standard,105.5,41.1,87.1,154.0,67.0,0,6.91,0.5,32.48,87.04,488.86,0,34.06569,-6.83203,33.54289,-7.54034,33.54289,-7.54034
CPG100399,2024-04-16,Agadir,Tanger,Tanger-Tétouan-Al Hoceïma,Lait pasteurisé,Camionnette réfrigérée,748.9,55.5,803.5,809.8,6.3,1,6.95,0.7,123.41,330.73,2456.18,0,30.41028,-9.60783,35.72313,-5.81121,35.72313,-5.81121
CPG100400,2024-11-17,Rabat,Nador,Oriental,Lait pasteurisé,Camion réfrigéré,423.9,57.2,444.9,444.9,0.0,1,10.3,0.61,149.53,400.74,2498.01,0,34.03973,-6.84345,35.15687,-2.97015,35.15687,-2.97015
CPG100401,2024-08-18,Tadla (Fkih Ben Salah),Settat,Casablanca-Settat,Yaourt,Camion standard,118.3,61.2,110.2,115.9,5.7,1,2.85,0.93,,82.07,427.35,0,32.51261,-6.70186,33.00259,-7.54677,33.00259,-7.54677
CPG100402,2024-11-19,Rabat,Safi,Marrakech-Safi,Yaourt,Camion réfrigéré,365.1,49.6,317.3,442.0,124.7,0,4.47,0.64,131.33,351.98,1845.51,0,34.0163,-6.85674,32.27002,-9.27766,32.27002,-9.27766
CPG100403,2024-08-25,Tadla (Fkih Ben Salah),Safi,Marrakech-Safi,Lben,Camion réfrigéré,273.1,55.9,196.5,293.3,96.8,0,5.93,0.71,87.89,235.55,1390.55,0,32.52399,-6.65089,32.31019,-9.23311,32.31019,-9.23311
CPG100404,2024-11-02,Agadir,Salé,Rabat-Salé-Kénitra,Beurre,Camion réfrigéré,608.5,54.4,642.5,670.8,28.3,0,10.49,0.54,202.42,542.49,3429.65,0,30.42339,-9.58899,33.98244,-6.74681,33.98244,-6.74681
CPG100405,2024-10-22,Agadir,Settat,Casablanca-Settat,Fromage frais,Camion réfrigéré,376.1,66.7,315.0,338.1,23.1,0,3.1,0.64,124.4,333.4,1683.16,0,30.45999,-9.60929,33.06008,-7.66409,33.06008,-7.66409
CPG100406,2024-04-20,Tadla (Fkih Ben Salah),Tétouan,Tanger-Tétouan-Al Hoceïma,Lben,Camionnette réfrigérée,394.1,51.5,458.9,459.5,0.6,1,2.01,0.48,70.98,190.23,1225.04,0,32.47912,-6.68848,35.61097,-5.3777,35.61097,-5.3777
CPG100407,2024-08-28,Casablanca,Agadir,Souss-Massa,Lben,Camion réfrigéré,512.5,68.7,444.9,447.9,3.0,1,2.3,0.73,187.89,503.54,2696.31,0,33.55987,-7.56024,30.416,-9.59354,30.416,-9.59354
CPG100408,2024-10-16,Marrakech,Tétouan,Tanger-Tétouan-Al Hoceïma,Fromage frais,Camion standard,644.7,72.9,502.3,530.8,28.5,0,6.86,0.89,165.98,444.82,2329.78,0,31.66311,-7.97953,35.5937,-5.37381,35.5937,-5.37381
CPG100409,2024-08-28,Casablanca,Tétouan,Tanger-Tétouan-Al Hoceïma,Lait pasteurisé,Camion réfrigéré,406.4,65.6,320.4,371.5,51.2,0,10.69,0.72,132.71,355.67,2411.28,0,33.59305,-7.57942,35.60028,-5.36018,35.60028,-5.36018
CPG100410,2024-11-23,Casablanca,Safi,Marrakech-Safi,Lait UHT,Camion standard,274.6,75.9,204.3,217.0,12.7,1,0.2,0.81,67.63,181.26,1025.67,0,33.59182,-7.63308,32.34677,-9.22404,32.34677,-9.22404
CPG100411,2024-01-19,Marrakech,Fès,Fès-Meknès,Lait UHT,Camion réfrigéré,468.4,55.1,415.6,509.7,94.1,0,4.97,0.77,143.87,385.56,2576.73,0,31.64686,-7.98285,34.01405,-4.98153,34.01405,-4.98153
CPG100412,2024-10-17,Casablanca,Fès,Fès-Meknès,Lait UHT,Camion réfrigéré,262.1,56.1,219.1,280.4,61.2,0,3.75,0.87,83.22,223.02,1289.44,0,33.54651,-7.5784,34.02949,-4.97063,34.02949,-4.97063
CPG100413,2024-08-23,Casablanca,Tétouan,Tanger-Tétouan-Al Hoceïma,Yaourt,Camion standard,375.1,70.1,314.8,320.9,6.1,1,4.34,0.64,94.35,252.86,1440.29,0,33.54491,-7.57765,35.54416,-5.3792,35.54416,-5.3792
CPG100414,2024-02-21,Agadir,Safi,Marrakech-Safi,Lben,Camion réfrigéré,276.5,67.7,219.5,245.1,25.6,0,5.27,0.96,87.35,234.09,1658.77,0,30.41239,-9.60926,32.28886,-9.16197,32.28886,-9.16197
CPG100415,2024-06-04,Tadla (Fkih Ben Salah),Taroudant,Souss-Massa,Crème fraîche,Camion standard,357.6,58.2,353.2,368.5,15.3,1,7.45,0.72,88.21,236.39,1391.53,0,32.53603,-6.67299,30.50658,-8.87296,30.50658,-8.87296
CPG100416,2024-05-11,Casablanca,Essaouira,Marrakech-Safi,Lben,Camion standard,336.5,70.4,265.7,287.0,21.3,0,5.97,0.77,92.66,248.32,1459.75,0,33.57148,-7.59665,31.56222,-9.76376,31.56222,-9.76376
CPG100417,2024-03-08,Rabat,Meknès,Fès-Meknès,Lait pasteurisé,Camion standard,159.6,64.2,145.7,149.2,3.4,1,3.67,0.84,43.37,116.23,632.51,0,34.00945,-6.85218,33.9148,-5.57449,33.9148,-5.57449
CPG100418,2024-08-08,Marrakech,Fès,Fès-Meknès,Lait UHT,Camion réfrigéré,466.9,57.2,484.3,490.0,5.8,1,2.36,0.49,168.01,450.27,2314.45,0,31.6553,-7.9658,34.00237,-5.03225,34.00237,-5.03225
CPG100419,2024-10-07,Rabat,Kénitra,Rabat-Salé-Kénitra,Lait UHT,Camionnette réfrigérée,43.6,38.8,41.6,67.4,25.8,0,9.48,0.55,8.23,22.05,290.39,0,34.03244,-6.84526,34.28052,-6.58217,34.28052,-6.58217
CPG100420,2024-08-21,Agadir,Marrakech,Marrakech-Safi,Lait pasteurisé,Camion réfrigéré,226.2,57.9,234.4,234.4,0.0,1,9.04,0.64,80.22,215.0,1324.0,0,30.42201,-9.57612,31.63074,-7.92597,31.63074,-7.92597
CPG100421,2024-01-04,Casablanca,El Jadida,Casablanca-Settat,Crème fraîche,Camion standard,122.4,66.9,89.3,109.7,20.3,0,4.99,0.81,31.71,85.0,512.78,0,33.55871,-7.56197,33.24572,-8.45867,33.24572,-8.45867
CPG100422,2024-05-03,Casablanca,Taroudant,Souss-Massa,Fromage frais,Camion réfrigéré,396.5,77.0,303.5,308.8,5.3,1,6.62,0.49,119.9,321.32,2258.08,0,33.55276,-7.6016,30.42647,-8.86319,30.42647,-8.86319
CPG100423,2024-10-24,Casablanca,Laâyoune,Laâyoune-Sakia El Hamra,Lait pasteurisé,Camion réfrigéré,1067.5,64.9,973.5,986.6,13.1,1,4.82,0.64,330.02,884.46,4714.11,0,33.56924,-7.58203,27.17857,-13.18803,27.17857,-13.18803
CPG100424,2024-09-30,Casablanca,Casablanca,Casablanca-Settat,Yaourt,Camion standard,5.0,67.7,4.4,4.4,0.0,1,3.88,0.68,1.46,3.92,79.55,0,33.5675,-7.60692,33.51866,-7.61171,33.51866,-7.61171
CPG100425,2024-08-01,Marrakech,Casablanca,Casablanca-Settat,Yaourt,Camionnette réfrigérée,277.3,53.0,304.1,313.7,9.6,1,11.25,0.57,47.0,125.96,991.17,0,31.62044,-8.00185,33.61473,-7.56961,33.61473,-7.56961
CPG100426,2024-04-02,Agadir,Béni Mellal,Béni Mellal-Khénifra,Lait pasteurisé,Camion réfrigéré,402.9,54.6,328.5,442.9,114.5,0,6.66,0.75,146.53,392.7,2062.74,0,30.43892,-9.63525,32.3314,-6.34823,32.3314,-6.34823
CPG100427,2024-07-20,Rabat,Tanger,Tanger-Tétouan-Al Hoceïma,Crème fraîche,Camion standard,225.2,67.9,177.4,199.1,21.7,0,8.2,0.51,67.71,181.47,1069.95,0,34.01165,-6.81689,35.74259,-5.84619,35.74259,-5.84619
CPG100428,2024-09-17,Casablanca,Safi,Marrakech-Safi,Fromage frais,Camionnette réfrigérée,221.8,60.9,196.2,218.7,22.4,0,2.57,0.71,45.72,122.53,843.56,0,33.56797,-7.59119,32.24323,-9.2776,32.24323,-9.2776
CPG100429,2024-05-13,Casablanca,Khouribga,Béni Mellal-Khénifra,Lait UHT,Camionnette réfrigérée,116.1,33.2,156.0,210.0,54.1,0,1.21,0.63,22.03,59.04,437.89,0,33.59125,-7.60508,32.88154,-6.88913,32.88154,-6.88913
CPG100430,2024-04-10,Agadir,Nador,Oriental,Yaourt,Camionnette réfrigérée,982.3,46.3,1264.0,1273.8,9.8,1,7.06,0.75,191.93,514.38,3456.55,0,30.3928,-9.62453,35.15398,-2.90099,35.15398,-2.90099
CPG100431,2024-10-22,Agadir,El Jadida,Casablanca-Settat,Beurre,Camion réfrigéré,379.0,63.3,329.6,359.2,29.6,0,5.31,0.8,134.58,360.69,1994.89,0,30.45669,-9.58304,33.23332,-8.46836,33.23332,-8.46836
CPG100432,2024-12-20,Rabat,El Jadida,Casablanca-Settat,Yaourt,Camion réfrigéré,235.3,41.0,217.0,344.5,127.5,0,4.7,0.71,68.97,184.84,1217.45,0,34.02105,-6.88833,33.29232,-8.47489,33.29232,-8.47489
CPG100433,2024-10-26,Marrakech,Oujda,Oriental,Beurre,Camion standard,842.7,75.1,670.7,673.3,2.5,1,8.28,0.57,213.05,570.97,3264.98,0,31.6215,-7.96431,34.63358,-1.89524,34.63358,-1.89524
CPG100434,2024-10-16,Agadir,Fès,Fès-Meknès,Yaourt,Camion réfrigéré,782.3,66.1,710.0,710.0,0.0,1,2.97,0.44,267.23,716.16,3932.94,0,30.36747,-9.60595,34.01435,-5.00426,34.01435,-5.00426
CPG100435,2024-10-31,Casablanca,Oujda,Oriental,Yaourt,Camion réfrigéré,569.1,61.5,555.6,555.6,0.0,1,4.34,0.87,190.21,509.78,2654.9,0,33.52966,-7.6009,34.62768,-1.88052,34.62768,-1.88052
CPG100436,2024-06-15,Rabat,Agadir,Souss-Massa,Lait pasteurisé,Camion standard,566.2,75.2,447.7,451.8,4.1,1,5.21,0.78,158.22,424.04,2420.8,0,34.01746,-6.83291,30.42381,-9.57437,30.42381,-9.57437
CPG100437,2024-03-12,Agadir,Meknès,Fès-Meknès,Lait UHT,Camion réfrigéré,633.1,58.7,641.3,647.3,6.0,1,2.6,0.96,224.02,600.37,3135.43,0,30.43686,-9.53577,33.94007,-5.53466,33.94007,-5.53466
CPG100438,2024-12-02,Casablanca,Meknès,Fès-Meknès,Crème fraîche,Camion standard,248.9,77.8,174.1,192.0,17.9,1,4.79,0.6,64.97,174.11,1120.94,0,33.57578,-7.5764,33.90177,-5.52675,33.90177,-5.52675
CPG100439,2024-11-27,Agadir,Casablanca,Casablanca-Settat,Lben,Camion réfrigéré,459.5,64.5,416.1,427.7,11.7,1,6.44,0.88,157.76,422.79,2116.32,0,30.37581,-9.58527,33.61108,-7.57317,33.61108,-7.57317
CPG100440,2024-12-25,Marrakech,Rabat,Rabat-Salé-Kénitra,Lait UHT,Camion standard,375.8,70.5,308.6,319.9,11.3,1,6.46,0.56,108.91,291.87,1658.22,0,31.61005,-8.0048,34.00716,-6.82013,34.00716,-6.82013
CPG100441,2024-09-17,Tadla (Fkih Ben Salah),Fès,Fès-Meknès,Lait pasteurisé,Camionnette réfrigérée,292.4,52.2,306.3,336.0,29.7,0,2.17,0.62,50.3,134.8,1034.95,0,32.51493,-6.69334,34.01789,-5.02407,34.01789,-5.02407
CPG100442,2024-07-26,Marrakech,Essaouira,Marrakech-Safi,Lait pasteurisé,Camion standard,213.0,55.0,225.0,232.4,7.5,1,1.34,0.66,60.08,161.01,783.33,0,31.62618,-7.97451,31.53094,-9.7675,31.53094,-9.7675
CPG100443,2024-03-16,Rabat,Taroudant,Souss-Massa,Fromage frais,Camion réfrigéré,588.0,73.7,446.4,479.0,32.6,0,1.23,0.27,184.73,495.07,3300.29,0,34.01382,-6.82441,30.45799,-8.86981,30.45799,-8.86981
CPG100444,2024-01-18,Marrakech,Rabat,Rabat-Salé-Kénitra,Lait UHT,Camion standard,325.4,65.5,294.0,297.8,3.9,1,6.13,0.62,83.39,223.47,1231.2,0,31.62124,-7.98043,34.00442,-6.87484,34.00442,-6.87484
CPG100445,2024-08-11,Marrakech,Béni Mellal,Béni Mellal-Khénifra,Fromage frais,Camion standard,191.0,65.4,165.1,175.3,10.2,1,4.41,0.49,54.77,146.79,845.37,0,31.60385,-7.9852,32.31913,-6.349,32.31913,-6.349
CPG100446,2024-06-18,Agadir,Settat,Casablanca-Settat,Lait pasteurisé,Camion réfrigéré,365.3,72.9,278.8,300.6,21.8,0,5.87,0.36,109.57,293.65,1867.75,0,30.40504,-9.58326,33.00841,-7.6307,33.00841,-7.6307
CPG100447,2024-01-28,Agadir,Kénitra,Rabat-Salé-Kénitra,Fromage frais,Camionnette réfrigérée,682.6,46.0,860.6,889.4,28.8,0,2.59,0.52,114.91,307.95,2204.07,0,30.41652,-9.57747,34.24409,-6.60735,34.24409,-6.60735
CPG100448,2024-01-27,Rabat,Settat,Casablanca-Settat,Fromage frais,Camion réfrigéré,158.2,48.8,159.7,194.3,34.6,0,9.52,0.65,45.62,122.27,984.11,0,34.05069,-6.82862,33.04955,-7.62313,33.04955,-7.62313
CPG100449,2024-01-26,Agadir,Béni Mellal,Béni Mellal-Khénifra,Lait UHT,Camion standard,418.8,60.8,381.8,413.4,31.5,0,0.81,0.72,128.13,343.38,1556.16,0,30.42326,-9.58102,32.35049,-6.42386,32.35049,-6.42386
CPG100450,2024-09-04,Agadir,Settat,Casablanca-Settat,Fromage frais,Camion réfrigéré,445.1,67.7,394.7,394.7,0.0,1,6.33,0.9,153.47,411.3,2120.8,0,30.43047,-9.61716,32.98475,-7.67469,32.98475,-7.67469
CPG100451,2024-11-05,Agadir,Agadir,Souss-Massa,Lait UHT,Camion standard,5.0,6.2,4.3,48.5,44.3,0,8.17,0.67,1.52,4.07,143.78,0,30.42651,-9.59117,30.50435,-9.63046,30.50435,-9.63046
CPG100452,2024-01-15,Marrakech,Béni Mellal,Béni Mellal-Khénifra,Yaourt,Camionnette réfrigérée,225.9,49.8,190.9,271.9,81.0,0,6.09,0.51,38.96,104.4,921.65,0,31.60557,-7.99264,32.32509,-6.31465,32.32509,-6.31465
CPG100453,2024-04-11,Rabat,Laâyoune,Laâyoune-Sakia El Hamra,Crème fraîche,Camion standard,1263.9,76.3,974.2,993.2,19.0,1,6.55,0.87,372.3,997.75,5162.17,0,34.00223,-6.86111,27.13661,-13.14835,27.13661,-13.14835
CPG100454,2024-10-10,Agadir,Taroudant,Souss-Massa,Yaourt,Camion réfrigéré,77.8,33.0,64.0,141.4,77.4,0,10.02,0.76,24.41,65.41,486.67,0,30.45084,-9.60674,30.49049,-8.88271,30.49049,-8.88271
CPG100455,2024-06-28,Agadir,Casablanca,Casablanca-Settat,Yaourt,Camionnette réfrigérée,517.8,69.2,448.9,448.9,0.0,1,4.42,0.75,101.4,271.74,1948.78,0,30.43933,-9.59019,33.60064,-7.55995,33.60064,-7.55995
CPG100456,2024-03-13,Marrakech,Settat,Casablanca-Settat,Fromage frais,Camion réfrigéré,205.5,64.7,162.5,190.4,27.9,0,6.43,0.64,61.24,164.13,1274.22,0,31.62229,-8.00567,32.96977,-7.64733,32.96977,-7.64733
CPG100457,2024-03-23,Agadir,Laâyoune,Laâyoune-Sakia El Hamra,Lben,Camionnette réfrigérée,567.5,52.5,649.1,649.1,0.0,1,6.49,0.65,115.93,310.68,1771.89,0,30.44483,-9.59688,27.14807,-13.1799,27.14807,-13.1799
CPG100458,2024-10-05,Tadla (Fkih Ben Salah),Salé,Rabat-Salé-Kénitra,Crème fraîche,Camion réfrigéré,184.0,55.9,174.3,197.5,23.1,0,2.55,0.55,63.66,170.61,1018.15,1,32.49568,-6.64922,34.01344,-6.77462,34.01344,-6.77462
CPG100459,2024-11-02,Tadla (Fkih Ben Salah),Laâyoune,Laâyoune-Sakia El Hamra,Beurre,Camion réfrigéré,1152.5,78.0,886.1,886.1,0.0,1,2.03,0.72,385.28,1032.56,6188.41,0,32.48655,-6.68764,27.09236,-13.17684,27.09236,-13.17684
CPG100460,2024-04-19,Rabat,Settat,Casablanca-Settat,Fromage frais,Camionnette réfrigérée,158.7,59.1,150.3,161.0,10.7,1,8.59,0.75,31.21,83.63,619.3,0,34.00633,-6.8198,32.95187,-7.58965,32.95187,-7.58965
CPG100461,2024-04-13,Tadla (Fkih Ben Salah),Essaouira,Marrakech-Safi,Beurre,Camion réfrigéré,344.4,62.3,309.6,331.7,22.1,0,0.36,0.49,123.18,330.13,1599.59,0,32.53288,-6.69045,31.54683,-9.80234,31.54683,-9.80234
CPG100462,2024-09-07,Tadla (Fkih Ben Salah),Essaouira,Marrakech-Safi,Fromage frais,Camion standard,360.6,75.2,277.7,287.7,10.0,1,4.79,0.83,100.77,270.06,1269.66,0,32.4836,-6.65816,31.50303,-9.74074,31.50303,-9.74074
CPG100463,2024-07-27,Marrakech,Marrakech,Marrakech-Safi,Lait UHT,Camion réfrigéré,5.0,13.9,4.8,21.6,16.7,1,4.86,0.64,1.78,4.77,95.36,0,31.62805,-7.98247,31.64024,-7.97671,31.64024,-7.97671
CPG100464,2024-10-02,Rabat,Settat,Casablanca-Settat,Lben,Camion réfrigéré,141.8,60.9,139.9,139.9,0.0,1,1.75,0.74,51.76,138.71,726.59,0,34.04522,-6.85062,33.01101,-7.57951,33.01101,-7.57951
CPG100465,2024-08-09,Marrakech,Khouribga,Béni Mellal-Khénifra,Beurre,Camion réfrigéré,202.0,63.6,164.8,190.5,25.7,0,6.87,0.8,60.8,162.95,1251.72,0,31.65948,-8.01041,32.92789,-6.92949,32.92789,-6.92949
CPG100466,2024-10-15,Casablanca,Marrakech,Marrakech-Safi,Crème fraîche,Camion réfrigéré,237.4,73.2,190.4,194.6,4.2,1,0.2,0.57,86.3,231.29,1085.97,0,33.54542,-7.58427,31.58068,-7.98504,31.58068,-7.98504
CPG100467,2024-05-22,Casablanca,Tanger,Tanger-Tétouan-Al Hoceïma,Fromage frais,Camion réfrigéré,378.8,61.7,353.3,368.2,14.9,1,10.08,0.8,134.15,359.53,2299.83,0,33.57542,-7.60245,35.77616,-5.84347,35.77616,-5.84347
CPG100468,2024-06-08,Agadir,Laâyoune,Laâyoune-Sakia El Hamra,Lait UHT,Camionnette réfrigérée,604.6,48.0,722.9,756.1,33.2,0,13.44,0.61,106.7,285.94,2154.27,0,30.46042,-9.58393,27.14432,-13.12113,27.14432,-13.12113
CPG100469,2024-07-03,Tadla (Fkih Ben Salah),Salé,Rabat-Salé-Kénitra,Lait pasteurisé,Camion standard,199.8,71.8,153.4,166.9,13.5,1,4.72,0.69,52.29,140.14,718.5,0,32.50914,-6.69805,34.08418,-6.78007,34.08418,-6.78007
CPG100470,2024-02-04,Rabat,Nador,Oriental,Fromage frais,Camion standard,412.8,44.0,493.7,562.5,68.8,0,5.06,0.6,106.01,284.12,1657.29,0,34.04765,-6.84258,35.16334,-2.96495,35.16334,-2.96495
CPG100471,2024-04-21,Rabat,Nador,Oriental,Crème fraîche,Camion réfrigéré,506.2,74.4,383.2,408.1,24.9,0,4.21,0.69,149.04,399.44,2676.25,0,34.03935,-6.85225,35.19076,-2.92112,35.19076,-2.92112
CPG100472,2024-09-23,Tadla (Fkih Ben Salah),Oujda,Oriental,Yaourt,Camion standard,554.9,78.9,412.0,422.1,10.2,1,5.82,0.79,136.74,366.47,2426.88,0,32.50909,-6.6598,34.64991,-1.88832,34.64991,-1.88832
CPG100473,2024-03-13,Rabat,Nador,Oriental,Lait UHT,Camion réfrigéré,501.3,62.8,478.7,478.7,0.0,1,12.62,0.88,174.74,468.29,2596.37,0,34.01703,-6.87647,35.17859,-2.95926,35.17859,-2.95926
CPG100474,2024-04-23,Tadla (Fkih Ben Salah),Meknès,Fès-Meknès,Beurre,Camion standard,229.8,58.7,195.4,235.0,,0,1.98,0.78,58.51,156.81,870.09,0,32.49347,-6.69204,33.87289,-5.56889,33.87289,-5.56889
CPG100475,2024-06-05,Agadir,Agadir,Souss-Massa,Lait UHT,Camion réfrigéré,5.0,62.3,4.8,4.8,0.0,1,6.64,0.78,1.68,4.49,127.27,0,30.43982,-9.56396,30.44762,-9.5921,30.44762,-9.5921
CPG100476,2024-07-11,Rabat,Khouribga,Béni Mellal-Khénifra,Yaourt,Camion standard,159.3,77.3,123.6,123.6,0.0,1,3.42,0.55,39.72,106.46,615.74,0,34.02242,-6.85992,32.87054,-6.94001,32.87054,-6.94001
CPG100477,2024-12-18,Marrakech,Oujda,Oriental,Fromage frais,Camion réfrigéré,882.7,62.4,734.9,849.3,114.4,0,6.04,0.68,310.62,832.47,5095.77,0,31.62108,-7.96958,34.73469,-1.88142,34.73469,-1.88142
CPG100478,2024-09-13,Marrakech,Béni Mellal,Béni Mellal-Khénifra,Yaourt,Camion standard,182.6,57.0,177.4,192.2,14.8,1,6.03,0.64,56.11,150.37,858.15,0,31.63748,-7.95167,32.30194,-6.37977,32.30194,-6.37977
CPG100479,2024-12-01,Agadir,Casablanca,Casablanca-Settat,Lait pasteurisé,Camion réfrigéré,477.7,70.3,407.5,407.5,0.0,1,8.37,0.79,148.39,397.67,2348.46,0,30.39672,-9.59305,33.57891,-7.58157,33.57891,-7.58157
CPG100480,2024-11-23,Agadir,Meknès,Fès-Meknès,Yaourt,Camion standard,703.6,57.1,615.1,739.9,124.8,0,3.68,0.83,215.22,576.8,2642.05,0,30.42151,-9.58386,33.88429,-5.57709,33.88429,-5.57709
CPG100481,2024-07-11,Marrakech,Taroudant,Souss-Massa,Beurre,Camion réfrigéré,163.2,67.1,125.5,146.0,20.5,0,2.59,0.8,58.22,156.03,811.39,0,31.61202,-7.98256,30.47566,-8.8588,30.47566,-8.8588
CPG100482,2024-09-23,Marrakech,Tétouan,Tanger-Tétouan-Al Hoceïma,Yaourt,Camion réfrigéré,550.9,44.8,717.1,737.0,19.9,1,6.1,0.44,194.82,522.12,3022.36,0,31.64804,-7.99724,35.53967,-5.36473,35.53967,-5.36473
CPG100483,2024-08-22,Tadla (Fkih Ben Salah),Agadir,Souss-Massa,Lait UHT,Camionnette réfrigérée,402.2,64.0,347.3,376.8,29.5,0,2.15,0.95,71.35,191.21,1343.05,0,32.51729,-6.71377,30.43494,-9.62135,30.43494,-9.62135
CPG100484,2024-06-16,Rabat,Agadir,Souss-Massa,Fromage frais,Camion standard,614.2,69.0,534.2,534.2,0.0,1,0.2,0.39,185.21,496.36,2157.0,0,33.98883,-6.83586,30.37317,-9.56975,30.37317,-9.56975
CPG100485,2024-11-23,Tadla (Fkih Ben Salah),Oujda,Oriental,Beurre,Camion réfrigéré,673.0,58.8,682.0,687.0,4.9,1,10.38,0.69,225.29,603.76,3413.64,0,32.50475,-6.69026,34.70761,-1.92403,34.70761,-1.92403
CPG100486,2024-11-11,Tadla (Fkih Ben Salah),Casablanca,Casablanca-Settat,Fromage frais,Camion réfrigéré,174.4,50.8,150.2,205.9,55.7,0,5.49,0.61,59.29,158.91,943.09,0,32.49808,-6.66087,33.6308,-7.6486,33.6308,-7.6486
CPG100487,2024-01-19,Agadir,Béni Mellal,Béni Mellal-Khénifra,Beurre,Camion réfrigéré,418.0,69.0,340.4,363.6,23.2,0,1.84,0.87,141.59,379.47,2177.38,0,30.44321,-9.60767,32.35226,-6.38411,32.35226,-6.38411
CPG100488,2024-01-27,Rabat,Kénitra,Rabat-Salé-Kénitra,Lait pasteurisé,Camion réfrigéré,45.1,16.7,38.3,161.6,123.3,0,6.35,0.8,13.0,34.83,331.23,0,34.01484,-6.82287,34.23356,-6.56054,34.23356,-6.56054
CPG100489,2024-04-05,Agadir,Taroudant,Souss-Massa,Lait UHT,Camion réfrigéré,93.3,76.8,72.9,72.9,0.0,1,10.6,0.76,29.28,78.48,689.59,0,30.42434,-9.59191,30.47673,-8.89806,30.47673,-8.89806
CPG100490,2024-01-31,Agadir,Salé,Rabat-Salé-Kénitra,Yaourt,Camion réfrigéré,586.9,65.6,496.2,536.5,40.3,0,7.58,0.64,201.38,539.7,3153.81,0,30.44911,-9.60829,34.01327,-6.73821,34.01327,-6.73821
CPG100491,2024-05-07,Casablanca,Casablanca,Casablanca-Settat,Fromage frais,Camion standard,5.0,85.5,3.5,3.5,0.0,1,12.22,0.53,1.26,3.37,203.76,0,33.57342,-7.57858,33.54945,-7.62485,33.54945,-7.62485
CPG100492,2024-02-20,Casablanca,Casablanca,Casablanca-Settat,Beurre,Camion réfrigéré,5.0,13.0,4.3,23.1,18.9,1,5.34,0.68,1.52,4.08,104.23,0,33.59865,-7.59215,33.6073,-7.58726,33.6073,-7.58726
CPG100493,2024-02-16,Agadir,Agadir,Souss-Massa,Beurre,Camion standard,5.0,71.7,4.2,4.2,0.0,1,5.6,0.63,1.49,3.98,102.88,0,30.39884,-9.62064,30.43409,-9.62071,30.43409,-9.62071
CPG100494,2024-05-27,Tadla (Fkih Ben Salah),Béni Mellal,Béni Mellal-Khénifra,Lait pasteurisé,Camion réfrigéré,39.9,27.9,36.8,85.9,49.1,0,8.06,0.82,12.57,33.68,338.45,0,32.48922,-6.70836,32.34018,-6.33767,32.34018,-6.33767
CPG100495,2024-08-28,Casablanca,Nador,Oriental,Crème fraîche,Camion standard,582.6,80.4,434.1,434.5,0.4,1,12.61,0.73,150.93,404.5,2246.64,0,33.59731,-7.58372,35.17787,-2.86784,35.17787,-2.86784
CPG100496,2024-01-25,Casablanca,Fès,Fès-Meknès,Lait pasteurisé,Camion réfrigéré,304.5,65.4,237.0,279.4,42.4,0,3.12,0.59,104.24,279.36,1692.09,0,33.5524,-7.59685,34.04638,-4.96707,34.04638,-4.96707
CPG100497,2024-06-12,Casablanca,Tétouan,Tanger-Tétouan-Al Hoceïma,Lben,Camion réfrigéré,331.1,82.8,240.1,240.1,0.0,1,3.73,0.54,118.81,318.41,1894.01,0,33.55287,-7.62706,35.59215,-5.42743,35.59215,-5.42743
CPG100498,2024-12-29,Agadir,Nador,Oriental,Yaourt,Camion réfrigéré,890.0,64.8,803.9,824.0,20.1,0,5.7,0.78,312.45,837.38,5095.8,0,30.41274,-9.61458,35.18925,-2.99601,35.18925,-2.99601
CPG100499,2024-12-28,Rabat,Fès,Fès-Meknès,Beurre,Camion standard,221.2,66.2,193.3,200.4,7.1,1,0.2,0.73,66.84,179.13,892.16,0,34.01399,-6.8606,34.07224,-5.04797,34.07224,-5.04797
CPG100500,2024-01-07,Agadir,Kénitra,Rabat-Salé-Kénitra,Lait pasteurisé,Camion réfrigéré,624.7,69.5,538.3,539.0,0.8,1,4.67,0.75,187.26,501.87,3307.47,0,30.44315,-9.60955,34.28549,-6.61325,34.28549,-6.61325
CPG100501,2024-10-22,Agadir,Oujda,Oriental,Lait UHT,Camion standard,943.4,67.0,833.8,844.3,10.5,1,6.58,0.53,242.88,650.91,3550.23,0,30.3911,-9.58811,34.73335,-1.92611,34.73335,-1.92611
CPG100502,2024-04-11,Agadir,Agadir,Souss-Massa,Fromage frais,Camion réfrigéré,5.0,11.3,6.7,26.5,19.8,1,6.6,0.83,1.51,4.04,124.15,0,30.42044,-9.59223,30.44687,-9.57757,30.44687,-9.57757
CPG100503,2024-08-19,Rabat,Khouribga,Béni Mellal-Khénifra,Lait UHT,Camion standard,162.8,60.4,115.5,161.7,46.2,0,2.83,0.64,42.89,114.94,626.11,0,34.01437,-6.86867,32.87516,-6.99181,32.87516,-6.99181
CPG100504,2024-12-10,Casablanca,Kénitra,Rabat-Salé-Kénitra,Yaourt,Camion standard,135.2,59.7,135.8,135.8,0.0,1,9.87,0.63,36.79,98.6,624.6,0,33.58933,-7.57697,34.25617,-6.59364,34.25617,-6.59364
CPG100505,2024-11-12,Tadla (Fkih Ben Salah),Kénitra,Rabat-Salé-Kénitra,Yaourt,Camion réfrigéré,226.1,56.0,168.0,242.4,74.4,0,12.91,0.78,67.69,181.4,1483.74,0,32.52355,-6.68818,34.22064,-6.59735,34.22064,-6.59735
CPG100506,2024-06-22,Agadir,Laâyoune,Laâyoune-Sakia El Hamra,Lait UHT,Camion réfrigéré,551.7,66.7,496.4,496.4,0.0,1,10.67,0.64,165.85,444.48,2777.78,0,30.40408,-9.58477,27.10543,-13.15295,27.10543,-13.15295
CPG100507,2024-12-19,Tadla (Fkih Ben Salah),Kénitra,Rabat-Salé-Kénitra,Fromage frais,Camion réfrigéré,206.0,67.4,181.8,183.4,1.5,1,5.16,0.73,64.6,173.13,1238.23,0,32.52816,-6.68265,34.23757,-6.64437,34.23757,-6.64437
CPG100508,2024-11-26,Agadir,El Jadida,Casablanca-Settat,Lait UHT,Camionnette réfrigérée,355.1,52.7,398.6,403.9,5.4,1,5.93,0.5,67.06,179.71,1326.76,0,30.4141,-9.56997,33.25627,-8.47616,33.25627,-8.47616
CPG100509,2024-01-12,Rabat,Rabat,Rabat-Salé-Kénitra,Yaourt,Camionnette réfrigérée,5.0,72.8,4.1,4.1,0.0,1,2.11,0.95,0.92,2.47,45.81,1,34.02967,-6.83843,34.025,-6.84354,34.025,-6.84354
CPG100510,2024-08-10,Marrakech,Nador,Oriental,Fromage frais,Camionnette réfrigérée,725.0,47.3,793.3,918.8,125.5,0,5.76,0.77,144.09,386.15,2313.83,0,31.63863,-7.98808,35.20444,-2.89396,35.20444,-2.89396
CPG100511,2024-06-26,Rabat,Meknès,Fès-Meknès,Lait UHT,Camion réfrigéré,127.1,65.3,106.2,116.7,10.5,1,3.32,0.75,42.29,113.34,664.65,1,34.01913,-6.86667,33.94627,-5.56077,33.94627,-5.56077
CPG100512,2024-03-15,Rabat,Salé,Rabat-Salé-Kénitra,Lait pasteurisé,Camion réfrigéré,5.7,54.5,6.3,6.3,0.0,1,4.89,0.84,2.03,5.44,105.69,0,34.04952,-6.86474,34.04957,-6.8334,34.04957,-6.8334
CPG100513,2024-01-13,Rabat,Kénitra,Rabat-Salé-Kénitra,Lait UHT,Camion standard,46.2,54.9,45.0,50.5,5.5,1,10.78,0.79,13.31,35.66,345.25,0,34.03016,-6.86539,34.30512,-6.54319,34.30512,-6.54319
CPG100514,2024-05-20,Agadir,Salé,Rabat-Salé-Kénitra,Lait pasteurisé,Camion réfrigéré,572.9,72.9,471.2,471.2,0.0,1,2.72,0.65,184.45,494.34,3062.06,0,30.41738,-9.60836,34.09502,-6.77169,34.09502,-6.77169
CPG100515,2024-03-22,Casablanca,Laâyoune,Laâyoune-Sakia El Hamra,Lben,Camion réfrigéré,1088.0,66.4,983.2,983.2,0.0,1,8.13,0.91,352.45,944.56,6093.28,0,33.60899,-7.593,27.1725,-13.1477,27.1725,-13.1477
CPG100516,2024-05-09,Marrakech,Laâyoune,Laâyoune-Sakia El Hamra,Lait UHT,Camion standard,924.3,49.2,1026.2,1126.5,100.3,0,2.17,0.53,278.24,745.68,3983.84,0,31.60097,-7.9698,27.1886,-13.2083,27.1886,-13.2083
CPG100517,2024-04-12,Marrakech,Fès,Fès-Meknès,Lait UHT,Camion standard,471.3,77.2,361.5,366.3,4.8,1,4.57,0.85,121.76,326.32,1939.33,0,31.6408,-7.96884,34.01164,-5.04064,34.01164,-5.04064
CPG100518,2024-01-04,Rabat,Nador,Oriental,Lait pasteurisé,Camion réfrigéré,438.6,78.1,336.9,336.9,0.0,1,0.26,0.66,140.61,376.84,2104.14,0,34.04793,-6.81461,35.19973,-2.97793,35.19973,-2.97793
CPG100519,2024-07-30,Marrakech,Laâyoune,Laâyoune-Sakia El Hamra,Lait UHT,Camion standard,808.9,69.1,692.1,702.8,10.8,1,11.78,0.87,238.78,639.93,2829.04,0,31.59608,-8.02244,27.15118,-13.14723,27.15118,-13.14723
CPG100520,2024-04-08,Marrakech,Rabat,Rabat-Salé-Kénitra,Fromage frais,Camion standard,364.9,73.1,296.4,299.4,3.0,1,7.04,0.4,92.26,247.26,1510.59,0,31.62809,-8.00447,34.03058,-6.88152,34.03058,-6.88152
CPG100521,2024-07-01,Tadla (Fkih Ben Salah),Nador,Oriental,Crème fraîche,Camion standard,483.6,80.1,362.4,362.4,0.0,1,6.78,0.74,121.08,324.51,1672.0,0,32.51473,-6.74433,35.1382,-2.96161,35.1382,-2.96161
CPG100522,2024-10-06,Rabat,Laâyoune,Laâyoune-Sakia El Hamra,Lait pasteurisé,Camion standard,1121.1,66.3,979.7,1013.9,34.2,0,5.37,0.73,277.42,743.47,4672.61,0,34.0082,-6.89227,27.20713,-13.14798,27.20713,-13.14798
CPG100523,2024-02-12,Rabat,Béni Mellal,Béni Mellal-Khénifra,Lait pasteurisé,Camion réfrigéré,257.9,59.6,226.1,259.5,33.4,0,8.64,0.98,91.38,244.89,1333.57,0,33.99947,-6.8311,32.35047,-6.31527,32.35047,-6.31527
CPG100524,2024-04-20,Agadir,Nador,Oriental,Lait pasteurisé,Camion réfrigéré,1077.1,98.8,653.3,654.3,1.0,1,5.59,0.58,350.68,939.81,6059.68,0,30.40473,-9.60835,35.18494,-2.8917,35.18494,-2.8917
CPG100525,2024-01-24,Rabat,Safi,Marrakech-Safi,Crème fraîche,Camion réfrigéré,312.5,46.9,245.9,399.8,154.0,0,3.96,0.84,102.21,273.92,1455.58,0,34.03874,-6.81605,32.29582,-9.21803,32.29582,-9.21803
CPG100526,2024-06-06,Casablanca,Agadir,Souss-Massa,Lait UHT,Camion réfrigéré,501.5,64.6,459.7,465.8,6.1,1,4.88,0.63,159.21,426.69,2416.61,0,33.56267,-7.59965,30.41489,-9.63032,30.41489,-9.63032
CPG100527,2024-06-18,Casablanca,Béni Mellal,Béni Mellal-Khénifra,Yaourt,Camion réfrigéré,200.8,80.8,148.6,149.2,0.6,1,4.18,0.78,59.37,159.12,1144.46,0,33.54576,-7.59509,32.2837,-6.36627,32.2837,-6.36627
CPG100528,2024-03-06,Agadir,Salé,Rabat-Salé-Kénitra,Lait UHT,Camion standard,514.1,43.2,713.3,713.3,0.0,1,0.98,0.62,143.95,385.78,2001.58,0,30.43735,-9.60416,34.06944,-6.77356,34.06944,-6.77356
CPG100529,2024-01-02,Casablanca,Khouribga,Béni Mellal-Khénifra,Beurre,Camion standard,116.8,63.7,99.5,110.0,10.4,1,1.31,0.8,30.82,82.61,522.03,0,33.57495,-7.60608,32.89895,-6.87772,32.89895,-6.87772
CPG100530,2024-11-10,Agadir,Taroudant,Souss-Massa,Beurre,Camion réfrigéré,83.4,47.7,85.9,105.0,19.1,1,6.81,0.97,28.67,76.84,578.83,0,30.40893,-9.59648,30.48818,-8.8895,30.48818,-8.8895
CPG100531,2024-12-30,Tadla (Fkih Ben Salah),Agadir,Souss-Massa,Yaourt,Camionnette réfrigérée,422.5,47.1,522.9,538.0,15.1,1,13.1,0.76,80.41,215.51,1707.26,0,32.50938,-6.70755,30.41901,-9.54827,30.41901,-9.54827
CPG100532,2024-08-30,Casablanca,Marrakech,Marrakech-Safi,Fromage frais,Camion standard,281.7,60.4,254.6,279.8,25.1,0,1.0,0.52,70.87,189.93,1141.36,0,33.59408,-7.5584,31.57947,-7.99471,31.57947,-7.99471
CPG100533,2024-05-10,Tadla (Fkih Ben Salah),Nador,Oriental,Lben,Camion réfrigéré,551.9,61.9,506.2,535.4,29.2,0,5.26,0.71,178.41,478.15,3010.61,0,32.50514,-6.70921,35.23305,-2.96045,35.23305,-2.96045
CPG100534,2024-09-05,Tadla (Fkih Ben Salah),Tanger,Tanger-Tétouan-Al Hoceïma,Lait pasteurisé,Camion standard,451.3,72.2,366.5,375.0,8.5,1,3.1,0.6,131.31,351.91,1646.29,0,32.52577,-6.687,35.8223,-5.8767,35.8223,-5.8767
CPG100535,2024-03-31,Agadir,Safi,Marrakech-Safi,Yaourt,Camion réfrigéré,263.7,61.3,258.1,258.1,0.0,1,6.44,0.65,81.72,219.0,1295.37,0,30.42793,-9.58179,32.23309,-9.22312,32.23309,-9.22312
CPG100536,2024-12-11,Tadla (Fkih Ben Salah),Marrakech,Marrakech-Safi,Lait UHT,Camion réfrigéré,194.5,74.7,155.0,156.2,1.2,1,6.62,0.93,67.21,180.13,1210.15,0,32.5126,-6.67653,31.6661,-7.99806,31.6661,-7.99806
CPG100537,2024-08-21,Rabat,Salé,Rabat-Salé-Kénitra,Crème fraîche,Camion réfrigéré,7.1,10.6,5.5,40.4,34.9,0,6.02,0.53,2.12,5.68,131.21,0,34.01943,-6.84552,34.01907,-6.79966,34.01907,-6.79966
CPG100538,2024-05-28,Agadir,Oujda,Oriental,Yaourt,Camion réfrigéré,1066.4,52.9,1210.5,1210.5,0.0,1,6.49,0.88,322.12,863.28,6136.7,0,30.4071,-9.58281,34.68619,-1.90992,34.68619,-1.90992
CPG100539,2024-04-21,Tadla (Fkih Ben Salah),Essaouira,Marrakech-Safi,Lait UHT,Camion standard,372.7,72.7,307.7,307.7,0.0,1,8.56,0.75,114.77,307.57,1534.53,0,32.50084,-6.69259,31.50652,-9.77837,31.50652,-9.77837
CPG100540,2024-03-01,Rabat,Fès,Fès-Meknès,Lben,Camion réfrigéré,227.5,66.2,191.7,206.0,14.4,1,4.21,0.74,68.19,182.76,1346.86,0,33.99259,-6.85189,34.04202,-5.06402,34.04202,-5.06402
CPG100541,2024-02-07,Marrakech,Casablanca,Casablanca-Settat,Fromage frais,Camion standard,264.5,67.0,224.7,236.8,12.1,1,4.79,0.96,78.74,211.02,950.3,0,31.60715,-7.97782,33.56081,-7.58066,33.56081,-7.58066
CPG100542,2024-03-13,Marrakech,Salé,Rabat-Salé-Kénitra,Lait UHT,Camion standard,354.3,98.6,215.5,215.5,0.0,1,8.63,0.92,105.46,282.64,1604.22,0,31.60456,-7.97335,34.04,-6.8081,34.04,-6.8081
CPG100543,2024-10-09,Agadir,El Jadida,Casablanca-Settat,Yaourt,Camion réfrigéré,410.5,54.7,430.5,450.6,20.1,0,6.8,0.85,140.91,377.64,2107.35,0,30.43575,-9.61164,33.26033,-8.48258,33.26033,-8.48258
CPG100544,2024-05-22,Agadir,Settat,Casablanca-Settat,Fromage frais,Camion standard,455.9,94.7,287.6,288.7,1.1,1,11.04,0.59,133.08,356.65,1725.46,0,30.48138,-9.62888,32.99899,-7.62585,32.99899,-7.62585
CPG100545,2024-09-28,Rabat,El Jadida,Casablanca-Settat,Fromage frais,Camion standard,235.3,58.3,242.0,242.0,0.0,1,5.91,0.83,61.87,165.82,1035.13,0,34.05127,-6.8722,33.24803,-8.55596,33.24803,-8.55596
CPG100546,2024-07-16,Rabat,El Jadida,Casablanca-Settat,Lait UHT,Camion réfrigéré,211.6,58.5,211.1,216.9,5.8,1,3.19,0.57,68.14,182.62,976.61,0,34.06126,-6.85678,33.27737,-8.54395,33.27737,-8.54395
CPG100547,2024-05-11,Tadla (Fkih Ben Salah),Taroudant,Souss-Massa,Lben,Camionnette réfrigérée,389.9,45.9,388.8,509.4,120.5,0,4.02,0.79,70.22,188.19,1187.78,0,32.47134,-6.71285,30.47675,-8.87999,30.47675,-8.87999
CPG100548,2024-11-25,Tadla (Fkih Ben Salah),Nador,Oriental,Lait pasteurisé,Camion réfrigéré,610.9,65.5,530.1,559.2,29.1,0,5.98,0.51,185.01,495.82,3375.96,1,32.51196,-6.69698,35.18824,-2.94138,35.18824,-2.94138
CPG100549,2024-05-19,Agadir,Essaouira,Marrakech-Safi,Lait UHT,Camionnette réfrigérée,129.6,51.4,139.8,151.1,11.4,1,5.33,0.8,24.56,65.82,539.37,0,30.42244,-9.62417,31.54253,-9.77966,31.54253,-9.77966
CPG100550,2024-09-26,Casablanca,El Jadida,Casablanca-Settat,Crème fraîche,Camion réfrigéré,99.4,45.9,70.4,129.9,59.5,0,4.39,0.54,30.53,81.81,530.89,0,33.53654,-7.58761,33.27677,-8.50933,33.27677,-8.50933
CPG100551,2024-04-18,Rabat,Nador,Oriental,Lait UHT,Camion réfrigéré,466.4,41.7,658.0,671.5,13.5,1,5.37,0.63,164.32,440.37,2628.07,0,34.02713,-6.86275,35.16712,-2.8955,35.16712,-2.8955
CPG100552,2024-12-07,Rabat,El Jadida,Casablanca-Settat,Lait UHT,Camion standard,202.1,60.0,193.2,201.9,8.7,1,11.01,0.7,49.62,132.98,980.61,0,34.01082,-6.83763,33.28337,-8.51127,33.28337,-8.51127
CPG100553,2024-07-12,Agadir,Rabat,Rabat-Salé-Kénitra,Beurre,Camion standard,553.5,64.0,489.6,518.8,29.1,0,5.2,0.66,164.93,442.0,1979.44,0,30.41664,-9.57839,34.02092,-6.86059,34.02092,-6.86059
CPG100554,2024-03-06,Tadla (Fkih Ben Salah),Oujda,Oriental,Lait UHT,Camionnette réfrigérée,587.0,38.3,898.9,920.4,21.5,0,9.08,0.42,95.56,256.1,1930.5,1,32.49635,-6.66458,34.60275,-1.9049,34.60275,-1.9049
CPG100555,2024-01-18,Agadir,Essaouira,Marrakech-Safi,Fromage frais,Camion réfrigéré,158.8,60.2,130.2,158.3,28.1,0,6.66,0.8,58.01,155.46,825.64,0,30.4545,-9.61898,31.55474,-9.77054,31.55474,-9.77054
CPG100556,2024-07-30,Marrakech,Casablanca,Casablanca-Settat,Yaourt,Camion réfrigéré,265.3,48.2,215.3,330.4,115.1,0,8.55,0.89,91.48,245.17,1598.68,1,31.66139,-7.98996,33.56088,-7.59228,33.56088,-7.59228
CPG100557,2024-06-20,Casablanca,Meknès,Fès-Meknès,Fromage frais,Camion réfrigéré,212.5,65.3,180.1,195.3,15.2,1,7.82,0.71,73.05,195.79,1145.39,0,33.59873,-7.55089,33.91692,-5.5002,33.91692,-5.5002
CPG100558,2024-12-03,Agadir,Salé,Rabat-Salé-Kénitra,Lait UHT,Camion réfrigéré,577.8,54.8,568.7,632.1,63.4,0,6.53,0.67,174.08,466.53,3363.43,1,30.4615,-9.59472,34.1092,-6.77654,34.1092,-6.77654
CPG100559,2024-08-27,Rabat,Fès,Fès-Meknès,Lait pasteurisé,Camion réfrigéré,186.3,57.2,149.8,195.6,45.8,0,5.2,0.85,67.31,180.39,1037.23,0,34.03999,-6.8691,33.98418,-5.04643,33.98418,-5.04643
CPG100560,2024-11-01,Casablanca,Casablanca,Casablanca-Settat,Fromage frais,Camionnette réfrigérée,5.0,67.9,4.4,4.4,0.0,1,14.62,0.91,0.93,2.5,236.86,0,33.56216,-7.58438,33.56486,-7.60548,33.56486,-7.60548
CPG100561,2024-02-09,Rabat,Fès,Fès-Meknès,Yaourt,Camion réfrigéré,192.9,33.9,233.4,341.2,107.9,0,9.42,0.81,57.05,152.88,1244.77,0,34.02138,-6.81871,34.01308,-5.01052,34.01308,-5.01052
CPG100562,2024-05-26,Marrakech,Casablanca,Casablanca-Settat,Lait UHT,Camionnette réfrigérée,263.0,58.8,250.9,268.3,17.3,1,4.54,0.67,45.32,121.46,994.15,0,31.66388,-7.99172,33.6018,-7.59165,33.6018,-7.59165
CPG100563,2024-01-13,Tadla (Fkih Ben Salah),Kénitra,Rabat-Salé-Kénitra,Lben,Camion standard,206.1,52.7,230.9,234.9,3.9,1,6.06,0.9,54.76,146.76,861.09,0,32.49816,-6.68081,34.28618,-6.63344,34.28618,-6.63344
CPG100564,2024-10-15,Agadir,Salé,Rabat-Salé-Kénitra,Lait UHT,Camion réfrigéré,595.1,72.2,465.4,494.3,28.9,0,7.1,0.44,205.17,549.85,3397.56,0,30.42513,-9.62789,34.01653,-6.79725,34.01653,-6.79725
CPG100565,2024-04-12,Casablanca,Meknès,Fès-Meknès,Beurre,Camion standard,257.1,78.8,176.0,195.7,19.7,1,0.2,0.69,68.65,183.99,960.08,0,33.58756,-7.57691,33.88567,-5.50173,33.88567,-5.50173
CPG100566,2024-05-07,Marrakech,Kénitra,Rabat-Salé-Kénitra,Lait UHT,Camion réfrigéré,356.0,66.0,323.4,323.4,0.0,1,1.9,0.45,117.02,313.62,1588.93,0,31.59183,-7.95849,34.18491,-6.56781,34.18491,-6.56781
CPG100567,2024-02-07,Rabat,Settat,Casablanca-Settat,Lait pasteurisé,Camion réfrigéré,147.8,48.5,171.9,182.8,10.9,1,8.12,0.72,50.26,134.7,883.16,0,34.02484,-6.82154,33.00582,-7.60961,33.00582,-7.60961
CPG100568,2024-08-19,Rabat,Nador,Oriental,Yaourt,Camion réfrigéré,458.8,53.2,517.6,517.6,0.0,1,6.83,0.8,167.45,448.76,2550.54,1,34.02787,-6.87098,35.17971,-2.98505,35.17971,-2.98505
CPG100569,2024-09-08,Casablanca,Essaouira,Marrakech-Safi,Beurre,Camionnette réfrigérée,357.7,56.0,377.4,383.6,6.2,1,8.87,0.65,64.33,172.41,1450.46,0,33.5562,-7.58802,31.4953,-9.79914,31.4953,-9.79914
CPG100570,2024-07-18,Tadla (Fkih Ben Salah),Salé,Rabat-Salé-Kénitra,Beurre,Camion standard,190.4,55.6,173.8,205.5,31.7,0,3.63,0.72,58.58,156.98,806.36,0,32.51118,-6.69469,34.04164,-6.79629,34.04164,-6.79629
CPG100571,2024-10-29,Marrakech,El Jadida,Casablanca-Settat,Fromage frais,Camionnette réfrigérée,205.2,53.3,209.6,231.2,21.6,0,0.96,0.91,40.36,108.17,765.7,0,31.63863,-7.99645,33.24451,-8.55852,33.24451,-8.55852
CPG100572,2024-07-09,Rabat,Oujda,Oriental,Lait pasteurisé,Camion réfrigéré,531.1,67.0,390.7,475.4,84.8,0,5.88,0.79,172.11,461.25,2621.6,1,34.03741,-6.87746,34.70179,-1.92324,34.70179,-1.92324
CPG100573,2024-02-03,Tadla (Fkih Ben Salah),Essaouira,Marrakech-Safi,Lait UHT,Camion réfrigéré,413.5,66.9,366.8,370.6,3.8,1,7.2,0.88,143.41,384.34,2299.88,0,32.4875,-6.68846,31.5089,-9.75101,31.5089,-9.75101
CPG100574,2024-04-15,Rabat,Casablanca,Casablanca-Settat,Crème fraîche,Camion réfrigéré,102.7,72.0,85.6,85.6,0.0,1,7.23,0.64,32.38,86.77,604.22,0,33.99622,-6.84649,33.57135,-7.55281,33.57135,-7.55281
CPG100575,2024-10-15,Agadir,Rabat,Rabat-Salé-Kénitra,Yaourt,Camion réfrigéré,553.6,57.3,450.1,579.4,129.3,0,7.01,0.71,173.53,465.06,3204.33,0,30.42071,-9.57252,34.04703,-6.81885,34.04703,-6.81885
CPG100576,2024-09-04,Tadla (Fkih Ben Salah),Marrakech,Marrakech-Safi,Crème fraîche,Camion standard,194.1,77.3,141.1,150.6,9.5,1,8.73,0.87,50.34,134.92,805.66,0,32.47956,-6.68433,31.60523,-8.02083,31.60523,-8.02083
CPG100577,2024-04-21,Casablanca,Taroudant,Souss-Massa,Fromage frais,Camion standard,458.9,75.3,359.0,365.9,6.9,1,10.03,0.88,127.36,341.31,1739.09,0,33.56759,-7.57673,30.4174,-8.87678,30.4174,-8.87678
CPG100578,2024-11-03,Casablanca,Fès,Fès-Meknès,Yaourt,Camion standard,307.3,65.4,256.1,281.8,25.7,0,7.35,0.83,89.35,239.46,1351.36,0,33.57269,-7.61059,34.01421,-5.02793,34.01421,-5.02793
CPG100579,2024-01-28,Marrakech,Taroudant,Souss-Massa,Lait pasteurisé,Camion standard,177.8,75.7,133.2,140.9,7.7,1,6.68,0.94,47.27,126.68,736.7,0,31.62824,-7.9794,30.45149,-8.8284,30.45149,-8.8284
CPG100580,2024-01-09,Rabat,Casablanca,Casablanca-Settat,Crème fraîche,Camion réfrigéré,114.6,53.8,119.5,127.9,8.3,1,6.48,0.64,40.66,108.98,751.49,1,34.0358,-6.85788,33.5673,-7.57779,33.5673,-7.57779
CPG100581,2024-04-19,Tadla (Fkih Ben Salah),Khouribga,Béni Mellal-Khénifra,Fromage frais,Camionnette réfrigérée,52.5,48.5,64.8,64.8,0.0,1,10.01,0.95,8.61,23.07,344.46,0,32.51199,-6.67898,32.89658,-6.89668,32.89658,-6.89668
CPG100582,2024-04-10,Tadla (Fkih Ben Salah),Khouribga,Béni Mellal-Khénifra,Crème fraîche,Camion réfrigéré,61.9,55.4,54.7,67.0,12.3,1,3.01,0.6,21.11,56.57,378.18,0,32.4849,-6.6796,32.9127,-6.96146,32.9127,-6.96146
CPG100583,2024-12-26,Agadir,El Jadida,Casablanca-Settat,Yaourt,Camion réfrigéré,407.3,71.0,327.0,344.4,17.4,1,3.36,0.34,140.52,376.6,2307.79,0,30.44158,-9.61322,33.2675,-8.53583,33.2675,-8.53583
CPG100584,2024-06-21,Casablanca,Tétouan,Tanger-Tétouan-Al Hoceïma,Fromage frais,Camion réfrigéré,337.2,67.4,300.3,300.3,0.0,1,6.13,0.75,119.9,321.33,1818.23,0,33.60895,-7.58717,35.53195,-5.37498,35.53195,-5.37498
CPG100585,2024-12-05,Casablanca,Oujda,Oriental,Lben,Camion réfrigéré,688.4,50.9,812.3,812.3,0.0,1,8.19,1.0,243.9,653.66,3358.72,0,33.55503,-7.61033,34.77276,-1.92553,34.77276,-1.92553
CPG100586,2024-01-22,Tadla (Fkih Ben Salah),Agadir,Souss-Massa,Fromage frais,Camion standard,448.4,81.3,331.1,331.1,0.0,1,1.91,0.52,132.94,356.29,1692.26,0,32.49024,-6.64501,30.40635,-9.57338,30.40635,-9.57338
CPG100587,2024-03-26,Rabat,Taroudant,Souss-Massa,Yaourt,Camion réfrigéré,562.8,65.6,488.8,514.9,26.1,0,7.05,0.65,196.45,526.5,2786.71,0,33.99801,-6.87849,30.46781,-8.85316,30.46781,-8.85316
CPG100588,2024-01-06,Rabat,Taroudant,Souss-Massa,Yaourt,Camion standard,536.5,78.1,395.9,412.2,16.2,1,9.0,0.58,135.91,364.24,2166.58,0,34.00679,-6.8212,30.47577,-8.86349,30.47577,-8.86349
CPG100589,2024-03-14,Tadla (Fkih Ben Salah),Salé,Rabat-Salé-Kénitra,Lait UHT,Camion réfrigéré,207.9,67.3,184.9,185.3,0.4,1,0.61,0.69,71.95,192.83,958.77,0,32.49057,-6.69427,34.03821,-6.82739,34.03821,-6.82739
CPG100590,2024-01-21,Casablanca,Meknès,Fès-Meknès,Yaourt,Camion standard,247.1,69.2,207.9,214.1,6.2,1,5.34,0.79,75.26,201.7,1125.59,0,33.57974,-7.61347,33.89043,-5.5152,33.89043,-5.5152
CPG100591,2024-05-19,Tadla (Fkih Ben Salah),Tétouan,Tanger-Tétouan-Al Hoceïma,Lait UHT,Camion réfrigéré,473.9,64.3,432.2,442.1,9.9,1,3.06,0.47,166.06,445.04,2452.83,0,32.52074,-6.70108,35.55164,-5.40273,35.55164,-5.40273
CPG100592,2024-11-23,Rabat,Fès,Fès-Meknès,Lait pasteurisé,Camionnette réfrigérée,213.2,53.1,222.3,240.8,18.5,1,2.97,0.47,41.9,112.29,804.97,0,34.0301,-6.83837,34.01871,-5.06292,34.01871,-5.06292
CPG100593,2024-06-25,Casablanca,Tanger,Tanger-Tétouan-Al Hoceïma,Beurre,Camion standard,310.4,67.3,265.4,276.6,11.2,1,0.2,0.72,80.74,216.39,1159.7,0,33.57701,-7.56566,35.7675,-5.85843,35.7675,-5.85843
CPG100594,2024-01-15,Marrakech,Meknès,Fès-Meknès,Beurre,Camion réfrigéré,423.5,75.2,337.8,337.8,0.0,1,6.34,0.51,124.85,334.6,1935.41,0,31.6497,-7.96961,33.88279,-5.49184,33.88279,-5.49184
CPG100595,2024-10-12,Agadir,Meknès,Fès-Meknès,Fromage frais,Camion standard,579.1,79.7,394.6,436.1,41.4,0,5.54,0.59,178.34,477.96,2367.64,0,30.41914,-9.60875,33.91249,-5.56224,33.91249,-5.56224
CPG100596,2024-04-16,Marrakech,Tétouan,Tanger-Tétouan-Al Hoceïma,Lait pasteurisé,Camion standard,550.0,66.7,473.8,494.6,20.8,0,3.32,0.6,162.34,435.08,1976.24,0,31.62332,-7.98891,35.61701,-5.35357,35.61701,-5.35357
CPG100597,2024-05-23,Agadir,Rabat,Rabat-Salé-Kénitra,Lait UHT,Camion standard,632.7,62.9,574.2,603.1,28.9,0,4.14,0.91,175.88,471.37,2665.09,0,30.41724,-9.60669,34.01016,-6.81776,34.01016,-6.81776
CPG100598,2024-11-14,Marrakech,Taroudant,Souss-Massa,Yaourt,Camion réfrigéré,205.7,54.6,201.6,226.1,24.5,0,5.78,0.85,63.53,170.26,1000.93,0,31.65275,-7.95942,30.45985,-8.85205,30.45985,-8.85205
CPG100599,2024-07-04,Agadir,Meknès,Fès-Meknès,Lait UHT,Camion standard,727.2,59.9,690.1,728.7,38.6,0,4.28,0.45,187.89,503.54,2791.45,0,30.41819,-9.56626,33.85223,-5.52189,33.85223,-5.52189
CPG100600,2024-06-21,Tadla (Fkih Ben Salah),El Jadida,Casablanca-Settat,Crème fraîche,Camionnette réfrigérée,220.2,50.8,222.7,259.9,37.2,0,6.16,0.96,39.41,105.63,768.4,0,32.52055,-6.65754,33.18673,-8.51165,33.18673,-8.51165
CPG100601,2024-10-10,Rabat,Casablanca,Casablanca-Settat,Fromage frais,Camion réfrigéré,102.2,33.6,97.3,182.6,85.3,0,4.61,0.47,34.61,92.74,604.07,0,34.02639,-6.86113,33.63871,-7.57081,33.63871,-7.57081
CPG100602,2024-07-10,Marrakech,Laâyoune,Laâyoune-Sakia El Hamra,Beurre,Camionnette réfrigérée,921.6,58.6,943.4,943.4,0.0,1,5.74,0.5,179.37,480.71,3038.48,0,31.61549,-7.97036,27.11938,-13.14582,27.11938,-13.14582
CPG100603,2024-05-02,Casablanca,Taroudant,Souss-Massa,Lait UHT,Camion standard,436.5,56.5,463.2,463.2,0.0,1,8.17,0.62,111.36,298.44,1585.06,0,33.57577,-7.57521,30.47935,-8.89307,30.47935,-8.89307
CPG100604,2024-09-13,Marrakech,Béni Mellal,Béni Mellal-Khénifra,Beurre,Camion réfrigéré,206.6,61.4,200.1,202.0,1.9,1,4.73,0.58,68.28,182.98,1209.89,0,31.64192,-7.95725,32.31432,-6.34638,32.31432,-6.34638
CPG100605,2024-12-25,Agadir,Safi,Marrakech-Safi,Fromage frais,Camionnette réfrigérée,251.2,49.2,297.5,306.0,8.5,1,5.07,0.86,47.04,126.06,1005.88,0,30.4237,-9.61258,32.27566,-9.21423,32.27566,-9.21423
CPG100606,2024-08-29,Agadir,Taroudant,Souss-Massa,Fromage frais,Camion réfrigéré,76.4,54.1,68.3,84.7,16.4,1,9.73,0.77,22.22,59.54,494.71,0,30.43711,-9.54603,30.45511,-8.84579,30.45511,-8.84579
CPG100607,2024-09-19,Rabat,Casablanca,Casablanca-Settat,Fromage frais,Camionnette réfrigérée,90.4,43.5,91.9,124.6,32.8,0,7.69,0.73,18.47,49.49,433.76,0,34.02697,-6.84395,33.60212,-7.5815,33.60212,-7.5815
CPG100608,2024-08-09,Agadir,Khouribga,Béni Mellal-Khénifra,Lait UHT,Camion réfrigéré,439.5,62.0,402.6,425.4,22.9,0,9.56,0.91,143.62,384.89,2630.29,0,30.47003,-9.63478,32.87135,-6.9115,32.87135,-6.9115
CPG100609,2024-09-07,Casablanca,Laâyoune,Laâyoune-Sakia El Hamra,Yaourt,Camion standard,1005.6,84.1,717.0,717.0,0.0,1,8.38,0.64,267.11,715.85,4345.43,0,33.5745,-7.58384,27.07822,-13.22318,27.07822,-13.22318
CPG100610,2024-05-15,Tadla (Fkih Ben Salah),Nador,Oriental,Lben,Camionnette réfrigérée,513.9,49.5,616.8,622.7,6.0,1,7.18,0.53,95.34,255.51,2004.38,0,32.45752,-6.6873,35.15588,-2.87696,35.15588,-2.87696
CPG100611,2024-03-07,Agadir,Béni Mellal,Béni Mellal-Khénifra,Fromage frais,Camion réfrigéré,421.1,69.1,358.5,365.6,7.1,1,9.07,0.64,134.38,360.13,2310.12,0,30.40192,-9.61714,32.35921,-6.38104,32.35921,-6.38104
CPG100612,2024-01-17,Casablanca,Nador,Oriental,Lait pasteurisé,Camionnette réfrigérée,523.0,63.9,490.0,491.2,1.2,1,6.9,0.5,97.12,260.27,1859.91,0,33.52648,-7.60099,35.14661,-2.90426,35.14661,-2.90426
CPG100613,2024-01-16,Marrakech,Tanger,Tanger-Tétouan-Al Hoceïma,Fromage frais,Camion réfrigéré,577.1,57.6,588.7,601.6,12.9,1,7.89,0.91,208.03,557.52,3198.66,0,31.61837,-7.95041,35.77693,-5.81083,35.77693,-5.81083
CPG100614,2024-09-17,Marrakech,Béni Mellal,Béni Mellal-Khénifra,Crème fraîche,Camion réfrigéré,219.0,59.1,195.8,222.4,26.6,0,7.69,0.7,68.34,183.14,1127.17,0,31.64153,-7.95926,32.3327,-6.33651,32.3327,-6.33651
CPG100615,2024-01-13,Tadla (Fkih Ben Salah),Marrakech,Marrakech-Safi,Beurre,Camion réfrigéré,170.1,77.8,131.2,131.2,0.0,1,9.21,0.7,50.43,135.15,1082.83,0,32.48153,-6.65906,31.64987,-8.01846,31.64987,-8.01846
CPG100616,2024-12-04,Marrakech,El Jadida,Casablanca-Settat,Lait UHT,Camion réfrigéré,218.0,46.6,155.8,280.4,124.6,0,10.01,0.59,76.05,203.83,1099.01,0,31.62486,-7.91858,33.26919,-8.55263,33.26919,-8.55263
CPG100617,2024-04-24,Casablanca,Tétouan,Tanger-Tétouan-Al Hoceïma,Lait UHT,Camion standard,378.2,73.4,268.3,309.2,40.9,0,7.35,0.76,116.53,312.29,1509.92,0,33.52668,-7.57317,35.58042,-5.41869,35.58042,-5.41869
CPG100618,2024-11-24,Marrakech,Khouribga,Béni Mellal-Khénifra,Lait pasteurisé,Camion réfrigéré,199.6,42.4,212.0,282.6,70.7,0,6.78,0.79,69.07,185.11,1109.38,0,31.62046,-7.94431,32.88179,-6.92999,32.88179,-6.92999
CPG100619,2024-10-13,Casablanca,Laâyoune,Laâyoune-Sakia El Hamra,Yaourt,Camion réfrigéré,1188.0,51.6,1247.8,1382.2,134.5,0,8.51,0.95,378.58,1014.59,6864.87,0,33.58749,-7.60059,27.18489,-13.1623,27.18489,-13.1623
CPG100620,2024-01-08,Agadir,Béni Mellal,Béni Mellal-Khénifra,Lben,Camion réfrigéré,448.3,53.2,425.8,506.0,80.1,0,6.31,0.75,162.98,436.78,2420.61,0,30.41505,-9.61728,32.35981,-6.2946,32.35981,-6.2946
CPG100621,2024-11-19,Agadir,Safi,Marrakech-Safi,Lait UHT,Camion réfrigéré,250.0,58.1,252.9,258.4,5.5,1,6.16,0.55,76.43,204.84,1214.85,0,30.40924,-9.59064,32.31513,-9.22344,32.31513,-9.22344
CPG100622,2024-05-02,Tadla (Fkih Ben Salah),Safi,Marrakech-Safi,Crème fraîche,Camion standard,265.2,59.1,259.9,269.2,9.3,1,8.36,0.67,80.19,214.9,1262.07,0,32.53594,-6.70956,32.29545,-9.16759,32.29545,-9.16759
CPG100623,2024-10-21,Casablanca,Meknès,Fès-Meknès,Fromage frais,Camion réfrigéré,251.0,72.9,193.6,206.7,13.1,1,6.82,0.77,80.94,216.91,1524.45,0,33.57184,-7.61478,33.88336,-5.60343,33.88336,-5.60343
CPG100624,2024-06-23,Rabat,Béni Mellal,Béni Mellal-Khénifra,Crème fraîche,Camion réfrigéré,230.9,44.4,199.4,311.7,112.3,0,7.88,0.69,74.92,200.77,1299.52,0,34.02787,-6.82876,32.3649,-6.32974,32.3649,-6.32974
CPG100625,2024-04-29,Rabat,Safi,Marrakech-Safi,Yaourt,Camion réfrigéré,386.7,61.4,338.0,377.9,39.9,0,5.43,0.58,134.24,359.77,1872.15,0,34.05771,-6.84817,32.22329,-9.24921,32.22329,-9.24921
CPG100626,2024-06-03,Marrakech,Settat,Casablanca-Settat,Lait pasteurisé,Camion réfrigéré,177.3,67.8,153.3,156.9,3.7,1,12.54,1.0,63.43,169.99,1037.6,0,31.62002,-8.00639,32.98546,-7.6335,32.98546,-7.6335
CPG100627,2024-01-31,Tadla (Fkih Ben Salah),El Jadida,Casablanca-Settat,Lait UHT,Camion standard,238.0,46.3,221.9,308.2,86.3,0,3.45,0.58,66.7,178.76,883.74,0,32.49979,-6.67588,33.26209,-8.44899,33.26209,-8.44899
CPG100628,2024-02-04,Rabat,Fès,Fès-Meknès,Yaourt,Camionnette réfrigérée,185.4,50.6,219.9,219.9,0.0,1,7.36,0.75,33.79,90.56,701.58,0,34.02936,-6.85575,34.03777,-4.9841,34.03777,-4.9841
CPG100629,2024-07-08,Tadla (Fkih Ben Salah),Nador,Oriental,Yaourt,Camion standard,529.4,68.5,433.6,463.4,29.8,0,3.39,0.83,141.3,378.67,1893.43,0,32.50237,-6.67697,35.12909,-2.9078,35.12909,-2.9078
CPG100630,2024-07-06,Rabat,Béni Mellal,Béni Mellal-Khénifra,Crème fraîche,Camionnette réfrigérée,247.5,60.6,240.0,244.9,4.9,1,8.5,0.58,40.38,108.23,850.76,0,34.03768,-6.87875,32.29791,-6.35627,32.29791,-6.35627
CPG100631,2024-01-18,Casablanca,Nador,Oriental,Beurre,Camion réfrigéré,518.2,56.0,496.5,555.4,58.8,0,5.93,0.85,179.07,479.89,2514.05,0,33.57103,-7.58699,35.20978,-2.94013,35.20978,-2.94013
CPG100632,2024-11-02,Agadir,Khouribga,Béni Mellal-Khénifra,Lait UHT,Camion standard,480.1,65.0,373.6,443.2,69.6,0,9.92,0.59,146.51,392.65,2015.37,0,30.4245,-9.63826,32.91396,-6.90411,32.91396,-6.90411
CPG100633,2024-08-13,Casablanca,Tanger,Tanger-Tétouan-Al Hoceïma,Lait pasteurisé,Camion réfrigéré,349.8,71.5,293.1,293.4,0.3,1,6.74,0.46,101.2,271.21,1699.88,0,33.57991,-7.59806,35.81276,-5.81504,35.81276,-5.81504
CPG100634,2024-05-12,Tadla (Fkih Ben Salah),Rabat,Rabat-Salé-Kénitra,Lait UHT,Camion réfrigéré,184.2,62.5,163.9,177.0,13.1,1,5.84,0.9,54.23,145.33,924.74,0,32.49534,-6.68304,33.96256,-6.77337,33.96256,-6.77337
CPG100635,2024-05-17,Rabat,Laâyoune,Laâyoune-Sakia El Hamra,Yaourt,Camion réfrigéré,1047.5,75.7,830.6,830.6,0.0,1,11.94,0.62,384.99,1031.76,4786.58,0,33.9683,-6.84531,27.12827,-13.16042,27.12827,-13.16042
CPG100636,2024-02-02,Agadir,Nador,Oriental,Beurre,Camion réfrigéré,890.3,67.9,787.0,787.0,0.0,1,11.65,1.0,274.24,734.97,4698.89,0,30.42886,-9.63963,35.19925,-2.89265,35.19925,-2.89265
CPG100637,2024-03-28,Marrakech,Essaouira,Marrakech-Safi,Yaourt,Camion réfrigéré,195.4,54.1,158.3,216.6,58.3,0,8.38,0.75,65.05,174.33,1162.23,1,31.64028,-7.97055,31.46262,-9.74558,31.46262,-9.74558
CPG100638,2024-05-08,Tadla (Fkih Ben Salah),Kénitra,Rabat-Salé-Kénitra,Lait pasteurisé,Camion réfrigéré,209.6,59.0,184.2,213.2,29.0,0,9.62,0.72,61.65,165.21,1309.91,0,32.51959,-6.70715,34.27041,-6.56766,34.27041,-6.56766
CPG100639,2024-12-06,Rabat,Béni Mellal,Béni Mellal-Khénifra,Yaourt,Camion réfrigéré,211.8,57.9,207.3,219.5,12.3,1,6.16,0.72,77.74,208.33,1300.05,0,34.05047,-6.86003,32.32123,-6.30748,32.32123,-6.30748
CPG100640,2024-06-07,Casablanca,Béni Mellal,Béni Mellal-Khénifra,Yaourt,Camion standard,200.9,57.7,180.0,208.9,28.9,0,11.47,0.74,58.2,155.98,876.59,0,33.57301,-7.58545,32.32104,-6.35425,32.32104,-6.35425
CPG100641,2024-07-05,Tadla (Fkih Ben Salah),El Jadida,Casablanca-Settat,Beurre,Camionnette réfrigérée,201.5,47.9,178.8,252.3,73.5,0,10.82,0.77,34.85,93.4,813.91,0,32.48272,-6.68184,33.3458,-8.49979,33.3458,-8.49979
CPG100642,2024-11-03,Rabat,Marrakech,Marrakech-Safi,Yaourt,Camion standard,360.6,60.6,327.0,357.3,30.3,0,5.35,0.66,91.2,244.41,1428.79,0,34.03584,-6.85007,31.6621,-7.96714,31.6621,-7.96714
CPG100643,2024-12-02,Agadir,Tanger,Tanger-Tétouan-Al Hoceïma,Lait pasteurisé,Camion standard,905.4,75.0,703.0,724.4,21.3,0,8.7,0.91,246.54,660.74,3190.06,0,30.45805,-9.57981,35.79424,-5.77882,35.79424,-5.77882
CPG100644,2024-05-31,Rabat,Rabat,Rabat-Salé-Kénitra,Fromage frais,Camion réfrigéré,5.0,56.4,4.2,5.3,1.1,1,7.6,0.59,1.51,4.04,137.68,0,34.0313,-6.86989,34.00046,-6.83389,34.00046,-6.83389
CPG100645,2024-09-13,Agadir,Béni Mellal,Béni Mellal-Khénifra,Lait UHT,Camionnette réfrigérée,473.5,60.4,460.7,470.3,9.6,1,11.25,0.64,91.11,244.18,1653.85,0,30.42085,-9.5648,32.32476,-6.38935,32.32476,-6.38935
CPG100646,2024-04-16,Casablanca,Kénitra,Rabat-Salé-Kénitra,Beurre,Camion standard,160.8,70.2,131.8,137.5,5.6,1,9.11,0.7,40.39,108.23,671.1,0,33.59458,-7.59997,34.24709,-6.60746,34.24709,-6.60746
CPG100647,2024-02-27,Rabat,Settat,Casablanca-Settat,Crème fraîche,Camion réfrigéré,170.0,75.0,135.3,136.1,0.8,1,8.26,0.93,52.69,141.2,923.95,1,34.02202,-6.84775,32.96057,-7.60888,32.96057,-7.60888
CPG100648,2024-11-14,Agadir,Safi,Marrakech-Safi,Beurre,Camionnette réfrigérée,255.8,30.8,498.9,498.9,0.0,1,5.27,0.64,,111.23,909.98,0,30.42592,-9.58707,32.29049,-9.24542,32.29049,-9.24542
CPG100649,2024-04-15,Marrakech,Taroudant,Souss-Massa,Lait pasteurisé,Camion réfrigéré,180.8,67.2,144.9,161.4,16.5,1,12.62,0.67,64.31,172.35,1132.86,0,31.60642,-7.97989,30.45742,-8.9073,30.45742,-8.9073
CPG100650,2024-06-11,Tadla (Fkih Ben Salah),Salé,Rabat-Salé-Kénitra,Lait pasteurisé,Camion standard,226.8,71.3,181.9,190.8,8.9,1,2.26,0.59,55.36,148.37,1010.85,0,32.49352,-6.66551,34.02536,-6.82032,34.02536,-6.82032
CPG100651,2024-07-08,Tadla (Fkih Ben Salah),Béni Mellal,Béni Mellal-Khénifra,Yaourt,Camion réfrigéré,41.9,65.3,38.4,38.4,0.0,1,3.05,0.73,13.24,35.48,285.98,0,32.46356,-6.68711,32.32077,-6.37968,32.32077,-6.37968
CPG100652,2024-07-08,Agadir,Marrakech,Marrakech-Safi,Crème fraîche,Camion standard,215.1,62.4,191.4,206.7,15.4,1,6.13,0.84,62.83,168.38,813.32,0,30.43572,-9.63372,31.6634,-7.97119,31.6634,-7.97119
CPG100653,2024-02-29,Agadir,Fès,Fès-Meknès,Crème fraîche,Camion réfrigéré,692.8,71.0,553.2,585.2,32.0,0,5.41,0.7,247.2,662.49,3649.07,0,30.41425,-9.60937,34.03831,-4.9809,34.03831,-4.9809
CPG100654,2024-03-13,Rabat,Nador,Oriental,Crème fraîche,Camion réfrigéré,466.8,77.9,351.1,359.5,8.3,1,2.65,0.89,150.95,404.55,2455.05,0,33.98831,-6.80357,35.18441,-2.88581,35.18441,-2.88581
CPG100655,2024-04-27,Rabat,Nador,Oriental,Fromage frais,Camion standard,424.2,66.3,383.9,383.9,0.0,1,0.2,0.48,125.3,335.8,1476.72,0,34.00972,-6.86366,35.18205,-2.93979,35.18205,-2.93979
CPG100656,2024-05-01,Rabat,Marrakech,Marrakech-Safi,Lait pasteurisé,Camion réfrigéré,336.6,62.1,325.3,325.3,0.0,1,6.61,0.69,123.68,331.47,1645.28,0,34.02494,-6.82756,31.636,-7.92802,31.636,-7.92802
CPG100657,2024-05-23,Marrakech,Rabat,Rabat-Salé-Kénitra,Beurre,Camionnette réfrigérée,320.6,53.6,350.2,359.1,8.8,1,11.83,0.58,56.92,152.55,1219.65,0,31.60206,-7.9791,33.99451,-6.84247,33.99451,-6.84247
CPG100658,2024-07-02,Casablanca,Khouribga,Béni Mellal-Khénifra,Fromage frais,Camion réfrigéré,124.9,54.7,137.0,137.0,0.0,1,5.1,0.54,45.08,120.82,790.62,0,33.53369,-7.6021,32.86579,-6.94282,32.86579,-6.94282
CPG100659,2024-05-27,Casablanca,Rabat,Rabat-Salé-Kénitra,Lait pasteurisé,Camion standard,98.4,81.3,72.6,72.6,0.0,1,9.78,0.6,26.13,70.04,535.07,0,33.59139,-7.60503,33.95483,-6.8603,33.95483,-6.8603
CPG100660,2024-05-18,Tadla (Fkih Ben Salah),Laâyoune,Laâyoune-Sakia El Hamra,Fromage frais,Camion standard,1094.1,71.4,891.4,919.6,28.2,0,6.99,0.67,323.23,866.25,3655.95,0,32.50451,-6.68814,27.10705,-13.18876,27.10705,-13.18876
CPG100661,2024-12-11,Tadla (Fkih Ben Salah),Kénitra,Rabat-Salé-Kénitra,Lben,Camion standard,256.9,51.8,283.8,297.7,13.8,1,8.05,0.59,75.38,202.01,1008.71,0,32.50704,-6.70119,34.26352,-6.63065,34.26352,-6.63065
CPG100662,2024-11-25,Casablanca,Essaouira,Marrakech-Safi,Lait pasteurisé,Camion standard,396.8,74.4,289.1,319.9,30.7,0,6.14,0.84,108.82,291.63,1657.11,0,33.56282,-7.5759,31.48207,-9.73857,31.48207,-9.73857
CPG100663,2024-02-04,Casablanca,Laâyoune,Laâyoune-Sakia El Hamra,Yaourt,Camionnette réfrigérée,1131.6,50.2,1351.6,1351.6,0.0,1,5.82,0.63,206.41,553.18,3973.08,0,33.58723,-7.60432,27.08762,-13.13603,27.08762,-13.13603
CPG100664,2024-12-27,Casablanca,Kénitra,Rabat-Salé-Kénitra,Crème fraîche,Camion standard,156.8,60.8,154.6,154.6,0.0,1,5.2,0.97,41.18,110.36,656.11,0,33.54212,-7.62546,34.29575,-6.5797,34.29575,-6.5797
CPG100665,2024-02-25,Tadla (Fkih Ben Salah),Kénitra,Rabat-Salé-Kénitra,Yaourt,Camion standard,242.5,59.7,191.4,243.7,52.4,0,9.29,0.8,66.67,178.68,943.1,0,32.55533,-6.67178,34.26942,-6.57652,34.26942,-6.57652
CPG100666,2024-01-12,Casablanca,Settat,Casablanca-Settat,Lait pasteurisé,Camion réfrigéré,71.1,72.4,59.0,59.0,0.0,1,6.39,1.0,22.53,60.39,500.15,1,33.57184,-7.59214,33.02539,-7.58585,33.02539,-7.58585
CPG100667,2024-07-29,Agadir,Laâyoune,Laâyoune-Sakia El Hamra,Beurre,Camion réfrigéré,579.6,78.5,437.1,442.9,5.8,1,4.28,0.88,189.61,508.17,2852.04,0,30.42582,-9.59693,27.10957,-13.15684,27.10957,-13.15684
CPG100668,2024-04-07,Agadir,Safi,Marrakech-Safi,Fromage frais,Camion standard,264.1,72.9,217.5,217.5,0.0,1,11.61,0.87,81.97,219.69,1168.58,0,30.4166,-9.57144,32.30268,-9.2258,32.30268,-9.2258
CPG100669,2024-03-27,Marrakech,Marrakech,Marrakech-Safi,Fromage frais,Camion standard,5.0,8.9,4.5,33.8,29.2,0,5.36,0.72,1.29,3.45,99.71,0,31.64414,-7.95193,31.65158,-8.00335,31.65158,-8.00335
CPG100670,2024-04-29,Agadir,Safi,Marrakech-Safi,Crème fraîche,Camionnette réfrigérée,222.5,57.6,231.6,231.6,0.0,1,5.71,0.75,37.8,101.31,718.27,0,30.4392,-9.59433,32.264,-9.24761,32.264,-9.24761
CPG100671,2024-05-14,Tadla (Fkih Ben Salah),Marrakech,Marrakech-Safi,Fromage frais,Camion réfrigéré,188.7,42.5,140.6,266.3,125.7,0,9.85,0.88,59.65,159.86,1175.97,0,32.53505,-6.67414,31.64266,-8.03058,31.64266,-8.03058
CPG100672,2024-10-03,Rabat,Marrakech,Marrakech-Safi,Lait pasteurisé,Camion standard,344.6,66.0,313.5,313.5,0.0,1,3.47,0.81,105.83,283.63,1285.75,0,34.04041,-6.84275,31.59318,-8.01931,31.59318,-8.01931
CPG100673,2024-02-09,Rabat,Khouribga,Béni Mellal-Khénifra,Beurre,Camion réfrigéré,156.0,63.6,136.5,147.1,10.6,1,9.98,0.88,50.64,135.71,886.71,0,34.04276,-6.83569,32.8939,-6.90313,32.8939,-6.90313
CPG100674,2024-12-14,Agadir,Nador,Oriental,Crème fraîche,Camionnette réfrigérée,1075.5,51.2,1134.9,1259.2,124.3,0,7.69,1.0,195.6,524.22,3857.71,0,30.42067,-9.62692,35.1121,-2.94882,35.1121,-2.94882
CPG100675,2024-10-01,Marrakech,Laâyoune,Laâyoune-Sakia El Hamra,Beurre,Camion standard,896.7,64.2,825.5,838.2,12.6,1,7.0,0.71,278.38,746.05,3358.36,0,31.62241,-8.00602,27.08883,-13.20509,27.08883,-13.20509
CPG100676,2024-06-06,Tadla (Fkih Ben Salah),Tétouan,Tanger-Tétouan-Al Hoceïma,Lait UHT,Camion réfrigéré,450.3,61.6,414.2,438.5,24.2,0,10.44,0.7,156.94,420.59,2185.08,0,32.47302,-6.69838,35.56666,-5.30644,35.56666,-5.30644
CPG100677,2024-06-27,Tadla (Fkih Ben Salah),Casablanca,Casablanca-Settat,Beurre,Camion réfrigéré,157.9,61.2,134.2,154.8,20.6,0,8.31,0.89,46.79,125.41,861.48,0,32.47458,-6.68875,33.5793,-7.59115,33.5793,-7.59115
CPG100678,2024-03-02,Rabat,Tanger,Tanger-Tétouan-Al Hoceïma,Lait UHT,Camion réfrigéré,253.7,72.7,209.4,209.4,0.0,1,8.08,0.66,78.29,209.81,1530.47,0,34.01593,-6.85353,35.75939,-5.82739,35.75939,-5.82739
CPG100679,2024-10-20,Casablanca,Fès,Fès-Meknès,Lait pasteurisé,Camion réfrigéré,293.7,59.6,283.1,295.6,12.5,1,5.62,0.71,95.34,255.5,1757.19,1,33.61135,-7.62813,34.00188,-5.02738,34.00188,-5.02738
CPG100680,2024-12-21,Marrakech,El Jadida,Casablanca-Settat,Fromage frais,Camion réfrigéré,248.2,63.1,212.0,235.9,23.9,0,7.48,0.45,89.43,239.67,1354.75,0,31.65566,-7.93164,33.23713,-8.51135,33.23713,-8.51135
CPG100681,2024-03-12,Agadir,Agadir,Souss-Massa,Yaourt,Camion réfrigéré,5.0,8.9,5.2,33.7,28.5,0,4.27,0.64,1.49,3.99,90.67,0,30.43146,-9.61618,30.42759,-9.59395,30.42759,-9.59395
CPG100682,2024-02-12,Marrakech,Fès,Fès-Meknès,Yaourt,Camionnette réfrigérée,413.8,48.4,492.8,512.8,19.9,1,6.65,0.91,80.78,216.48,1523.97,0,31.62769,-7.98551,34.03709,-5.03135,34.03709,-5.03135
CPG100683,2024-06-08,Tadla (Fkih Ben Salah),Marrakech,Marrakech-Safi,Lait UHT,Camion réfrigéré,196.1,65.2,180.6,180.6,0.0,1,10.08,0.72,62.64,167.89,1253.18,0,32.52925,-6.6797,31.63933,-8.03289,31.63933,-8.03289
CPG100684,2024-06-17,Tadla (Fkih Ben Salah),Essaouira,Marrakech-Safi,Lait UHT,Camion standard,339.4,70.5,282.7,288.9,6.2,1,14.42,0.75,91.34,244.79,1358.3,0,32.50496,-6.68981,31.48892,-9.76839,31.48892,-9.76839
CPG100685,2024-02-23,Marrakech,Nador,Oriental,Fromage frais,Camion réfrigéré,761.1,61.4,719.6,744.2,24.6,0,0.35,0.82,257.65,690.51,3629.43,0,31.60102,-7.95424,35.15389,-2.93438,35.15389,-2.93438
CPG100686,2024-03-05,Tadla (Fkih Ben Salah),Nador,Oriental,Lben,Camion standard,609.4,80.5,454.1,454.1,0.0,1,7.26,0.61,161.56,432.99,2610.57,0,32.49428,-6.68687,35.17387,-2.96963,35.17387,-2.96963
CPG100687,2024-06-24,Agadir,Nador,Oriental,Crème fraîche,Camion réfrigéré,1013.9,67.8,876.1,897.2,21.1,0,9.39,0.68,294.97,790.53,5831.54,0,30.43014,-9.59568,35.16836,-2.89912,35.16836,-2.89912
CPG100688,2024-03-04,Agadir,Tétouan,Tanger-Tétouan-Al Hoceïma,Lben,Camion réfrigéré,755.0,68.4,662.6,662.6,0.0,1,12.53,0.91,277.48,743.65,3750.24,0,30.44528,-9.56727,35.62793,-5.30788,35.62793,-5.30788
CPG100689,2024-11-03,Agadir,Béni Mellal,Béni Mellal-Khénifra,Crème fraîche,Camion réfrigéré,442.4,68.6,386.8,386.8,0.0,1,6.78,1.0,141.22,378.47,2020.97,0,30.44995,-9.57463,32.32674,-6.36345,32.32674,-6.36345
CPG100690,2024-03-01,Casablanca,Salé,Rabat-Salé-Kénitra,Lait pasteurisé,Camion réfrigéré,105.4,65.9,90.1,96.0,5.8,1,4.3,0.72,35.66,95.58,657.82,0,33.56797,-7.62165,33.99924,-6.80572,33.99924,-6.80572
CPG100691,2024-05-30,Marrakech,Casablanca,Casablanca-Settat,Crème fraîche,Camion réfrigéré,274.5,62.9,261.9,261.9,0.0,1,5.2,0.85,90.39,242.26,1544.49,0,31.62392,-7.98955,33.64573,-7.59402,33.64573,-7.59402
CPG100692,2024-07-21,Marrakech,Rabat,Rabat-Salé-Kénitra,Yaourt,Camionnette réfrigérée,353.1,59.7,334.8,354.8,20.0,0,5.97,0.8,72.62,194.61,1326.13,0,31.63076,-7.98133,34.07738,-6.84451,34.07738,-6.84451
CPG100693,2024-07-06,Tadla (Fkih Ben Salah),Rabat,Rabat-Salé-Kénitra,Yaourt,Camion réfrigéré,213.7,68.1,174.0,188.4,14.4,1,7.44,0.78,73.58,197.2,1036.14,0,32.52611,-6.697,34.00301,-6.88295,34.00301,-6.88295
CPG100694,2024-05-04,Marrakech,Béni Mellal,Béni Mellal-Khénifra,Lait UHT,Camion réfrigéré,218.9,59.6,203.9,220.5,16.6,1,3.4,0.67,65.45,175.4,1228.27,0,31.59388,-7.96273,32.35991,-6.4034,32.35991,-6.4034
CPG100695,2024-08-30,Rabat,Oujda,Oriental,Lait pasteurisé,Camion standard,613.3,59.4,604.9,619.6,14.7,1,2.43,0.86,178.69,478.88,2170.01,0,34.03765,-6.86027,34.68988,-1.91247,34.68988,-1.91247
CPG100696,2024-04-24,Casablanca,Oujda,Oriental,Yaourt,Camionnette réfrigérée,588.9,47.2,737.7,749.4,11.7,1,9.49,0.79,104.7,280.61,2286.08,0,33.55036,-7.59231,34.67506,-1.98825,34.67506,-1.98825
CPG100697,2024-06-25,Casablanca,Casablanca,Casablanca-Settat,Crème fraîche,Camion réfrigéré,5.0,66.2,4.5,4.5,0.0,1,4.92,0.81,1.5,4.01,97.04,0,33.58815,-7.58005,33.55727,-7.56276,33.55727,-7.56276
CPG100698,2024-08-26,Marrakech,Safi,Marrakech-Safi,Yaourt,Camion standard,150.9,75.2,104.3,120.4,16.1,1,6.68,0.86,40.93,109.7,613.85,0,31.64929,-7.97809,32.29399,-9.22234,32.29399,-9.22234
CPG100699,2024-03-26,Rabat,Laâyoune,Laâyoune-Sakia El Hamra,Yaourt,Camionnette réfrigérée,1088.1,76.0,844.6,859.0,14.3,1,7.78,0.84,206.71,553.98,4153.66,0,34.0022,-6.81911,27.16096,-13.16418,27.16096,-13.16418
CPG100700,2024-12-27,Tadla (Fkih Ben Salah),Settat,Casablanca-Settat,Lait UHT,Camion réfrigéré,114.1,74.6,91.8,91.8,0.0,1,7.09,0.73,40.0,107.2,668.45,0,32.48684,-6.69834,33.04972,-7.62766,33.04972,-7.62766
CPG100701,2024-07-25,Tadla (Fkih Ben Salah),Essaouira,Marrakech-Safi,Lait pasteurisé,Camion réfrigéré,395.2,68.3,347.2,347.2,0.0,1,10.37,1.0,132.52,355.16,2244.89,0,32.48448,-6.69031,31.51117,-9.73075,31.51117,-9.73075
CPG100702,2024-07-28,Tadla (Fkih Ben Salah),Oujda,Oriental,Fromage frais,Camion standard,561.4,70.8,455.5,475.5,19.9,1,6.73,0.98,170.97,458.2,1921.64,0,32.46573,-6.69689,34.68992,-1.93177,34.68992,-1.93177
CPG100703,2024-04-17,Casablanca,Settat,Casablanca-Settat,Fromage frais,Camionnette réfrigérée,67.4,35.1,101.3,115.1,13.8,1,8.67,0.51,13.09,35.07,349.62,0,33.57019,-7.60561,33.00726,-7.63177,33.00726,-7.63177
CPG100704,2024-09-17,Marrakech,Casablanca,Casablanca-Settat,Lait pasteurisé,Camion réfrigéré,258.6,65.8,235.8,235.8,0.0,1,2.86,0.74,91.77,245.94,1417.26,0,31.61475,-7.98364,33.56091,-7.60651,33.56091,-7.60651
CPG100705,2024-11-15,Agadir,Settat,Casablanca-Settat,Lait UHT,Camion réfrigéré,395.3,58.0,405.3,409.1,3.8,1,10.21,0.86,137.03,367.25,1983.58,0,30.42598,-9.58033,33.00806,-7.64017,33.00806,-7.64017
CPG100706,2024-06-28,Marrakech,Casablanca,Casablanca-Settat,Yaourt,Camionnette réfrigérée,293.7,57.0,285.1,309.2,24.1,0,5.89,0.8,53.36,143.01,1148.29,0,31.63549,-8.00154,33.61812,-7.57131,33.61812,-7.57131
CPG100707,2024-04-03,Casablanca,Laâyoune,Laâyoune-Sakia El Hamra,Lait pasteurisé,Camion réfrigéré,1060.9,59.5,1067.9,1070.5,2.6,1,6.83,0.6,309.5,829.47,5761.61,0,33.56748,-7.56404,27.17927,-13.21635,27.17927,-13.21635
CPG100708,2024-01-01,Tadla (Fkih Ben Salah),El Jadida,Casablanca-Settat,Yaourt,Camion standard,238.9,70.7,202.6,202.6,0.0,1,5.35,0.87,73.17,196.11,915.98,0,32.52135,-6.68743,33.22305,-8.50633,33.22305,-8.50633
CPG100709,2024-09-17,Casablanca,Rabat,Rabat-Salé-Kénitra,Lait pasteurisé,Camion réfrigéré,103.7,34.8,94.4,178.8,84.4,0,4.75,0.61,32.56,87.26,601.95,1,33.58383,-7.60173,34.02527,-6.83882,34.02527,-6.83882
CPG100710,2024-07-04,Agadir,Tétouan,Tanger-Tétouan-Al Hoceïma,Lait pasteurisé,Camion réfrigéré,747.0,67.2,657.0,666.5,9.5,1,7.44,0.68,233.18,624.92,3990.33,0,30.41682,-9.59112,35.55229,-5.37054,35.55229,-5.37054
CPG100711,2024-05-03,Tadla (Fkih Ben Salah),Tanger,Tanger-Tétouan-Al Hoceïma,Lait pasteurisé,Camionnette réfrigérée,436.2,71.2,350.4,367.4,17.0,1,11.35,0.4,78.56,210.55,1558.67,0,32.4824,-6.68577,35.70442,-5.79582,35.70442,-5.79582
CPG100712,2024-10-01,Tadla (Fkih Ben Salah),Safi,Marrakech-Safi,Fromage frais,Camion réfrigéré,306.3,59.0,298.6,311.5,12.9,1,6.87,1.0,107.4,287.83,1587.68,0,32.51582,-6.66603,32.35484,-9.25688,32.35484,-9.25688
CPG100713,2024-12-15,Marrakech,Béni Mellal,Béni Mellal-Khénifra,Crème fraîche,Camion réfrigéré,228.7,57.7,226.5,237.9,11.4,1,3.82,0.9,78.39,210.08,1109.77,0,31.63229,-7.95665,32.34284,-6.36161,32.34284,-6.36161
CPG100714,2024-09-15,Marrakech,Nador,Oriental,Lben,Camion standard,693.2,72.1,556.3,576.6,20.2,0,2.71,0.76,181.27,485.79,2497.75,0,31.63684,-7.94253,35.18483,-2.95343,35.18483,-2.95343
CPG100715,2024-09-22,Tadla (Fkih Ben Salah),Taroudant,Souss-Massa,Beurre,Camion réfrigéré,322.7,54.3,348.6,356.5,7.9,1,7.36,0.65,116.03,310.97,1567.3,0,32.46144,-6.67183,30.49417,-8.91961,30.49417,-8.91961
CPG100716,2024-09-17,Casablanca,Kénitra,Rabat-Salé-Kénitra,Lait pasteurisé,Camion réfrigéré,150.6,56.4,160.2,160.2,0.0,1,2.57,0.58,50.1,134.27,841.34,0,33.57782,-7.63838,34.25068,-6.57468,34.25068,-6.57468
CPG100717,2024-01-25,Agadir,Marrakech,Marrakech-Safi,Lait UHT,Camion standard,270.6,60.5,238.4,268.2,29.8,0,11.52,0.61,83.66,224.21,1142.11,0,30.42317,-9.60219,31.65116,-7.95564,31.65116,-7.95564
CPG100718,2024-06-17,Rabat,Salé,Rabat-Salé-Kénitra,Fromage frais,Camion réfrigéré,5.8,3.4,4.7,102.0,97.2,0,6.23,0.72,2.05,5.48,123.2,0,33.99086,-6.85029,34.00001,-6.82548,34.00001,-6.82548
CPG100719,2024-09-11,Marrakech,Marrakech,Marrakech-Safi,Lait pasteurisé,Camion réfrigéré,5.0,13.1,4.3,22.9,18.6,1,4.64,0.75,1.65,4.42,96.45,0,31.60689,-8.01556,31.5986,-7.98295,31.5986,-7.98295
CPG100720,2024-08-29,Agadir,Marrakech,Marrakech-Safi,Lait UHT,Camionnette réfrigérée,220.0,58.8,208.9,224.5,15.6,1,4.91,0.95,44.16,118.36,847.33,0,30.42425,-9.58101,31.62266,-8.00713,31.62266,-8.00713
CPG100721,2024-12-10,Tadla (Fkih Ben Salah),Salé,Rabat-Salé-Kénitra,Fromage frais,Camion standard,192.3,50.5,164.0,228.5,64.6,0,3.33,0.82,48.43,129.79,792.28,0,32.50316,-6.68548,34.01465,-6.82105,34.01465,-6.82105
CPG100722,2024-02-20,Agadir,Settat,Casablanca-Settat,Beurre,Camion standard,400.7,71.1,307.8,338.0,30.2,0,8.67,0.76,113.69,304.68,1486.77,0,30.43882,-9.59996,33.00988,-7.53607,33.00988,-7.53607
CPG100723,2024-09-10,Tadla (Fkih Ben Salah),Marrakech,Marrakech-Safi,Yaourt,Camion standard,164.0,80.4,122.4,122.4,0.0,1,12.47,0.62,47.71,127.85,856.42,0,32.47835,-6.6744,31.61426,-7.96791,31.61426,-7.96791
CPG100724,2024-04-17,Casablanca,Safi,Marrakech-Safi,Fromage frais,Camionnette réfrigérée,231.6,62.8,210.1,221.2,11.1,1,5.14,0.5,39.05,104.66,860.24,0,33.53987,-7.59029,32.28596,-9.24793,32.28596,-9.24793
CPG100725,2024-12-02,Rabat,Marrakech,Marrakech-Safi,Lait pasteurisé,Camion réfrigéré,303.8,46.5,339.9,391.7,51.7,0,5.74,0.7,89.08,238.73,1679.66,0,34.03714,-6.84601,31.58632,-7.9873,31.58632,-7.9873
CPG100726,2024-07-06,Rabat,Khouribga,Béni Mellal-Khénifra,Yaourt,Camion réfrigéré,147.5,63.8,127.1,138.6,11.5,1,8.92,0.72,54.22,145.31,891.15,0,34.05517,-6.83974,32.92334,-6.89635,32.92334,-6.89635
CPG100727,2024-03-22,Rabat,Nador,Oriental,Fromage frais,Camion standard,404.0,78.5,295.2,308.8,,1,4.65,0.66,113.64,304.55,1625.34,0,34.00616,-6.85524,35.15801,-2.94558,35.15801,-2.94558
CPG100728,2024-09-22,Rabat,Marrakech,Marrakech-Safi,Lait UHT,Camion réfrigéré,359.3,68.5,306.6,314.8,8.2,1,10.92,0.68,126.47,338.93,1809.05,0,34.0224,-6.83649,31.62063,-8.02434,31.62063,-8.02434
CPG100729,2024-02-08,Tadla (Fkih Ben Salah),Tanger,Tanger-Tétouan-Al Hoceïma,Lait pasteurisé,Camion réfrigéré,483.9,60.6,445.9,479.3,33.4,0,6.04,0.4,163.56,438.33,2592.44,0,32.5472,-6.70231,35.80091,-5.82025,35.80091,-5.82025
CPG100730,2024-09-02,Casablanca,Agadir,Souss-Massa,Lben,Camion réfrigéré,511.3,69.6,440.8,440.8,0.0,1,6.98,0.73,158.96,426.0,2527.15,0,33.60746,-7.61859,30.42127,-9.51039,30.42127,-9.51039
CPG100731,2024-12-06,Casablanca,Marrakech,Marrakech-Safi,Crème fraîche,Camion réfrigéré,266.8,51.2,187.5,312.4,124.9,0,8.05,0.92,89.57,240.05,1484.94,0,33.55918,-7.58594,31.62721,-7.93242,31.62721,-7.93242
CPG100732,2024-06-09,Tadla (Fkih Ben Salah),Tanger,Tanger-Tétouan-Al Hoceïma,Beurre,Camion réfrigéré,425.4,64.3,397.2,397.2,0.0,1,5.89,0.62,131.6,352.68,2242.02,0,32.50771,-6.69866,35.73288,-5.77045,35.73288,-5.77045
CPG100733,2024-05-21,Rabat,Laâyoune,Laâyoune-Sakia El Hamra,Lait pasteurisé,Camion réfrigéré,1113.1,58.8,1128.5,1136.8,8.2,1,6.96,0.68,364.11,975.81,6086.06,0,34.01513,-6.83001,27.12378,-13.19668,27.12378,-13.19668
CPG100734,2024-10-11,Tadla (Fkih Ben Salah),Marrakech,Marrakech-Safi,Crème fraîche,Camion réfrigéré,201.9,70.8,167.8,171.2,3.3,1,1.81,0.55,64.52,172.91,1100.73,0,32.49667,-6.69498,31.61416,-8.01145,31.61416,-8.01145
CPG100735,2024-08-17,Casablanca,Kénitra,Rabat-Salé-Kénitra,Beurre,Camion réfrigéré,133.4,67.1,119.4,119.4,0.0,1,6.86,0.61,46.83,125.51,772.21,0,33.58782,-7.59378,34.29989,-6.62774,34.29989,-6.62774
CPG100736,2024-08-06,Rabat,Agadir,Souss-Massa,Lben,Camion réfrigéré,586.5,91.3,385.4,385.4,0.0,1,5.89,1.0,210.74,564.78,2996.46,0,34.02577,-6.85817,30.44896,-9.60071,30.44896,-9.60071
CPG100737,2024-02-09,Casablanca,Tétouan,Tanger-Tétouan-Al Hoceïma,Lait UHT,Camion réfrigéré,348.5,81.7,244.2,256.0,11.7,1,5.7,0.5,103.06,276.2,2087.92,0,33.55053,-7.55538,35.56394,-5.42467,35.56394,-5.42467
CPG100738,2024-11-03,Agadir,Tanger,Tanger-Tétouan-Al Hoceïma,Fromage frais,Camionnette réfrigérée,852.0,49.8,1025.6,1025.6,0.0,1,6.8,0.67,147.36,394.93,2499.56,0,30.46255,-9.6054,35.818,-5.85591,35.818,-5.85591
CPG100739,2024-07-20,Agadir,Rabat,Rabat-Salé-Kénitra,Lait UHT,Camion standard,550.1,63.9,504.6,516.5,11.9,1,7.43,0.79,142.7,382.42,1903.4,0,30.45598,-9.6209,33.99298,-6.8599,33.99298,-6.8599
CPG100740,2024-05-06,Casablanca,Tanger,Tanger-Tétouan-Al Hoceïma,Lait pasteurisé,Camion standard,343.3,71.2,263.8,289.2,25.4,0,13.45,0.67,91.55,245.36,1569.99,0,33.60252,-7.59991,35.75338,-5.77364,35.75338,-5.77364
CPG100741,2024-05-22,Marrakech,Tétouan,Tanger-Tétouan-Al Hoceïma,Lait UHT,Camion réfrigéré,583.8,64.2,545.8,545.8,0.0,1,10.64,0.92,205.5,550.74,2788.07,0,31.61376,-7.97168,35.56222,-5.38198,35.56222,-5.38198
CPG100742,2024-02-15,Tadla (Fkih Ben Salah),Rabat,Rabat-Salé-Kénitra,Lben,Camion réfrigéré,205.9,62.5,179.8,197.6,17.9,1,4.67,0.64,62.56,167.66,1143.23,0,32.51681,-6.7094,34.00324,-6.80181,34.00324,-6.80181
CPG100743,2024-02-15,Agadir,Béni Mellal,Béni Mellal-Khénifra,Crème fraîche,Camion réfrigéré,406.1,69.2,329.6,352.0,22.4,0,6.35,0.64,141.34,378.79,2085.95,1,30.39107,-9.60351,32.34549,-6.32626,32.34549,-6.32626
CPG100744,2024-02-18,Agadir,Laâyoune,Laâyoune-Sakia El Hamra,Lait pasteurisé,Camion standard,648.5,73.9,519.1,526.7,7.6,1,6.84,0.8,158.58,424.99,2347.87,0,30.39547,-9.57824,27.14002,-13.15724,27.14002,-13.15724
CPG100745,2024-04-14,Casablanca,Rabat,Rabat-Salé-Kénitra,Lben,Camion réfrigéré,95.3,72.9,67.2,78.4,11.3,1,6.51,1.0,29.23,78.34,640.94,0,33.55206,-7.63236,34.01941,-6.8644,34.01941,-6.8644
CPG100746,2024-12-22,Casablanca,Settat,Casablanca-Settat,Lait UHT,Camion réfrigéré,70.4,68.5,61.7,61.7,0.0,1,4.5,0.93,24.97,66.92,372.57,0,33.60573,-7.58588,32.97542,-7.57826,32.97542,-7.57826
CPG100747,2024-01-01,Rabat,Salé,Rabat-Salé-Kénitra,Crème fraîche,Camion réfrigéré,6.2,64.0,5.9,5.9,0.0,1,6.88,0.81,1.89,5.07,138.58,0,34.02916,-6.84971,34.03659,-6.80141,34.03659,-6.80141
CPG100748,2024-11-29,Tadla (Fkih Ben Salah),Taroudant,Souss-Massa,Fromage frais,Camion réfrigéré,341.5,66.0,308.3,310.4,2.1,1,3.67,0.88,116.73,312.83,1851.33,0,32.48832,-6.67784,30.46289,-8.85602,30.46289,-8.85602
CPG100749,2024-02-10,Tadla (Fkih Ben Salah),Oujda,Oriental,Lben,Camion réfrigéré,577.5,63.1,473.7,549.4,75.7,0,6.66,0.68,201.5,540.02,2605.5,0,32.48739,-6.69058,34.69992,-1.94752,34.69992,-1.94752
CPG100750,2024-09-13,Casablanca,Marrakech,Marrakech-Safi,Crème fraîche,Camion réfrigéré,233.2,72.8,192.1,192.1,0.0,1,6.0,0.7,75.26,201.69,1240.99,0,33.54341,-7.58034,31.66435,-7.9712,31.66435,-7.9712
CPG100751,2024-08-15,Tadla (Fkih Ben Salah),Agadir,Souss-Massa,Lben,Camion réfrigéré,434.5,74.2,340.1,351.5,11.4,1,2.19,0.9,147.82,396.16,2475.16,0,32.51711,-6.67907,30.43443,-9.62077,30.43443,-9.62077
CPG100752,2024-11-21,Rabat,Agadir,Souss-Massa,Yaourt,Camion réfrigéré,536.7,68.9,462.8,467.5,4.7,1,10.74,0.74,181.21,485.65,2638.91,0,34.05183,-6.8453,30.4338,-9.60841,30.4338,-9.60841
CPG100753,2024-02-25,Casablanca,Taroudant,Souss-Massa,Lait UHT,Camion réfrigéré,469.4,74.3,365.1,379.1,14.0,1,4.0,0.75,164.4,440.6,2752.54,0,33.58895,-7.5873,30.46422,-8.86061,30.46422,-8.86061
CPG100754,2024-02-21,Casablanca,Agadir,Souss-Massa,Yaourt,Camion réfrigéré,448.6,59.7,440.4,450.8,10.4,1,12.58,0.54,130.69,350.25,2201.6,0,33.55849,-7.58815,30.41496,-9.59691,30.41496,-9.59691
CPG100755,2024-01-22,Casablanca,Khouribga,Béni Mellal-Khénifra,Beurre,Camion standard,123.2,51.0,106.1,145.0,39.0,0,4.28,0.62,30.64,82.12,519.11,0,33.59181,-7.58431,32.86863,-6.8867,32.86863,-6.8867
CPG100756,2024-12-29,Marrakech,Kénitra,Rabat-Salé-Kénitra,Yaourt,Camion réfrigéré,359.7,59.6,346.6,361.9,15.3,1,7.54,0.59,130.51,349.76,2136.77,0,31.59623,-7.98005,34.25766,-6.55697,34.25766,-6.55697
CPG100757,2024-10-16,Marrakech,Kénitra,Rabat-Salé-Kénitra,Fromage frais,Camion réfrigéré,338.8,70.4,255.6,288.6,33.0,0,5.68,0.93,118.55,317.7,1600.63,0,31.60661,-7.96272,34.31712,-6.5821,34.31712,-6.5821
CPG100758,2024-02-19,Marrakech,Settat,Casablanca-Settat,Yaourt,Camion réfrigéré,174.7,60.8,172.3,172.3,0.0,1,7.97,1.0,53.07,142.23,1076.46,0,31.6676,-8.01138,32.99293,-7.60889,32.99293,-7.60889
CPG100759,2024-04-09,Marrakech,Settat,Casablanca-Settat,Yaourt,Camion réfrigéré,175.5,45.8,144.4,229.9,85.4,0,1.41,0.82,57.35,153.68,824.5,0,31.6287,-7.9776,32.96666,-7.63368,32.96666,-7.63368
CPG100760,2024-03-13,Agadir,Laâyoune,Laâyoune-Sakia El Hamra,Lait pasteurisé,Camion réfrigéré,606.3,70.7,507.2,514.7,7.5,1,6.91,0.74,188.91,506.28,3550.81,0,30.44818,-9.64003,27.14192,-13.12372,27.14192,-13.12372
CPG100761,2024-01-23,Rabat,Meknès,Fès-Meknès,Yaourt,Camion réfrigéré,133.6,53.6,110.6,149.5,38.9,0,5.69,0.58,39.29,105.3,702.61,0,34.0428,-6.8491,33.91439,-5.54472,33.91439,-5.54472
CPG100762,2024-08-09,Agadir,Salé,Rabat-Salé-Kénitra,Yaourt,Camion standard,523.8,79.2,383.7,397.0,13.3,1,4.53,0.81,136.62,366.13,1848.76,0,30.45941,-9.6128,34.10472,-6.80403,34.10472,-6.80403
CPG100763,2024-05-06,Rabat,Salé,Rabat-Salé-Kénitra,Beurre,Camion réfrigéré,6.9,22.2,4.8,18.5,13.7,1,5.63,0.57,2.43,6.52,117.11,0,34.05235,-6.8214,34.05745,-6.80158,34.05745,-6.80158
CPG100764,2024-07-30,Rabat,Marrakech,Marrakech-Safi,Beurre,Camion réfrigéré,324.1,75.1,247.6,258.9,11.3,1,3.06,0.47,96.01,257.3,1640.21,0,34.02304,-6.82824,31.62923,-7.99681,31.62923,-7.99681
CPG100765,2024-10-31,Marrakech,El Jadida,Casablanca-Settat,Lait UHT,Camion standard,238.1,62.8,222.2,227.4,5.2,1,7.08,0.96,65.23,174.81,1070.08,0,31.62692,-7.96045,33.24336,-8.51927,33.24336,-8.51927
CPG100766,2024-11-11,Tadla (Fkih Ben Salah),Safi,Marrakech-Safi,Lait UHT,Camion standard,271.4,55.5,293.6,293.6,0.0,1,7.08,0.78,67.05,179.71,1269.03,0,32.52944,-6.67509,32.29024,-9.28238,32.29024,-9.28238
CPG100767,2024-07-12,Casablanca,Meknès,Fès-Meknès,Beurre,Camion réfrigéré,205.8,58.6,195.2,210.6,15.4,1,6.13,0.9,64.71,173.42,999.32,0,33.54505,-7.59673,33.84833,-5.50044,33.84833,-5.50044
CPG100768,2024-10-17,Casablanca,Oujda,Oriental,Lait pasteurisé,Camion réfrigéré,702.2,61.9,666.3,680.7,14.4,1,3.29,0.51,246.27,660.01,3748.52,0,33.58808,-7.60762,34.692,-1.94011,34.692,-1.94011
CPG100769,2024-08-27,Casablanca,Agadir,Souss-Massa,Fromage frais,Camion standard,458.5,79.1,347.9,347.9,0.0,1,7.74,0.71,141.42,379.01,1797.67,0,33.59659,-7.59557,30.43332,-9.52194,30.43332,-9.52194
CPG100770,2024-02-05,Rabat,Settat,Casablanca-Settat,Lben,Camion réfrigéré,144.3,53.0,138.5,163.4,25.0,0,14.78,0.61,48.64,130.35,993.82,0,33.99621,-6.84889,33.02586,-7.67929,33.02586,-7.67929
CPG100771,2024-06-15,Rabat,Tétouan,Tanger-Tétouan-Al Hoceïma,Lait UHT,Camion réfrigéré,279.7,56.4,241.2,297.5,56.3,0,2.87,0.67,83.88,224.79,1344.01,0,34.03722,-6.82967,35.57174,-5.34326,35.57174,-5.34326
CPG100772,2024-03-12,Rabat,Taroudant,Souss-Massa,Lait UHT,Camion réfrigéré,495.7,71.0,383.3,419.1,35.8,0,0.77,0.54,166.94,447.39,2549.16,0,34.03435,-6.85476,30.46677,-8.93322,30.46677,-8.93322
CPG100773,2024-10-12,Agadir,Laâyoune,Laâyoune-Sakia El Hamra,Crème fraîche,Camionnette réfrigérée,638.5,38.6,990.8,991.8,1.0,1,1.7,0.5,118.88,318.6,1845.22,0,30.40262,-9.59807,27.13678,-13.20706,27.13678,-13.20706
CPG100774,2024-07-11,Tadla (Fkih Ben Salah),Salé,Rabat-Salé-Kénitra,Lait pasteurisé,Camion réfrigéré,208.2,62.6,166.7,199.5,32.8,0,4.14,0.94,65.49,175.51,1009.69,0,32.46591,-6.68677,34.04571,-6.73184,34.04571,-6.73184
CPG100775,2024-01-23,Tadla (Fkih Ben Salah),Rabat,Rabat-Salé-Kénitra,Beurre,Camion réfrigéré,184.5,57.6,141.0,192.2,51.2,0,9.13,0.6,58.82,157.64,1106.14,0,32.55258,-6.68607,34.05283,-6.86136,34.05283,-6.86136
CPG100776,2024-08-17,Casablanca,Taroudant,Souss-Massa,Fromage frais,Camion standard,410.1,48.7,428.0,505.6,77.6,0,5.88,0.68,116.69,312.72,1603.35,0,33.52844,-7.58502,30.4714,-8.90897,30.4714,-8.90897
CPG100777,2024-10-31,Marrakech,Fès,Fès-Meknès,Yaourt,Camion standard,476.7,71.8,393.8,398.5,4.7,1,2.83,0.91,121.25,324.95,1883.62,0,31.59246,-7.99623,34.04705,-5.01537,34.04705,-5.01537
CPG100778,2024-11-14,Agadir,Tétouan,Tanger-Tétouan-Al Hoceïma,Yaourt,Camion réfrigéré,925.9,70.2,775.1,791.1,16.0,1,7.52,0.81,312.72,838.1,4995.53,0,30.44045,-9.64248,35.56943,-5.3171,35.56943,-5.3171
CPG100779,2024-05-08,Tadla (Fkih Ben Salah),Oujda,Oriental,Lait pasteurisé,Camion réfrigéré,662.8,78.4,507.3,507.3,0.0,1,4.97,0.81,191.45,513.1,3739.19,0,32.50865,-6.68488,34.70885,-1.90241,34.70885,-1.90241
CPG100780,2024-01-10,Marrakech,Agadir,Souss-Massa,Lait pasteurisé,Camion standard,266.9,57.7,272.1,277.5,5.4,1,7.52,0.91,70.55,189.08,1199.74,0,31.62879,-7.96703,30.47538,-9.59099,30.47538,-9.59099
CPG100781,2024-08-04,Agadir,Oujda,Oriental,Lait UHT,Camion standard,1153.5,82.1,833.7,843.3,9.7,1,6.43,0.8,300.74,805.98,4838.22,0,30.43421,-9.61924,34.67551,-1.89102,34.67551,-1.89102
CPG100782,2024-02-09,Casablanca,Settat,Casablanca-Settat,Fromage frais,Camion réfrigéré,73.4,65.5,66.0,67.3,1.3,1,3.04,0.83,25.77,69.05,447.83,0,33.58273,-7.59675,32.98979,-7.59326,32.98979,-7.59326
CPG100783,2024-07-04,Agadir,Salé,Rabat-Salé-Kénitra,Lait UHT,Camion standard,613.2,66.9,439.6,549.9,110.3,0,0.2,0.71,163.99,439.49,2112.83,0,30.43695,-9.64037,34.01558,-6.8658,34.01558,-6.8658
CPG100784,2024-08-25,Casablanca,Settat,Casablanca-Settat,Yaourt,Camion réfrigéré,82.7,64.2,77.3,77.3,0.0,1,6.91,0.77,26.2,70.21,511.6,0,33.62563,-7.60015,33.03013,-7.61917,33.03013,-7.61917
CPG100785,2024-07-10,Rabat,Fès,Fès-Meknès,Fromage frais,Camion réfrigéré,193.9,79.0,134.8,147.2,12.4,1,0.98,0.68,66.64,178.6,895.41,0,34.01606,-6.85088,34.00582,-5.02556,34.00582,-5.02556
CPG100786,2024-12-29,Agadir,El Jadida,Casablanca-Settat,Lait pasteurisé,Camion réfrigéré,385.9,63.4,365.3,365.3,0.0,1,6.2,0.64,140.03,375.29,1988.57,0,30.43383,-9.59727,33.25119,-8.47695,33.25119,-8.47695
CPG100787,2024-05-13,Agadir,Béni Mellal,Béni Mellal-Khénifra,Fromage frais,Camion réfrigéré,505.3,78.2,387.7,387.7,0.0,1,6.6,0.6,185.8,497.94,2767.8,0,30.3897,-9.62759,32.30408,-6.34249,32.30408,-6.34249
CPG100788,2024-07-08,Rabat,Fès,Fès-Meknès,Fromage frais,Camion réfrigéré,205.5,58.8,183.6,209.6,26.0,0,10.88,0.75,71.84,192.52,1152.52,0,34.05417,-6.85685,34.0313,-4.97075,34.0313,-4.97075
CPG100789,2024-01-22,Tadla (Fkih Ben Salah),Casablanca,Casablanca-Settat,Crème fraîche,Camion standard,172.7,62.7,140.4,165.2,24.8,0,1.75,0.69,50.72,135.92,614.93,0,32.48997,-6.69924,33.59752,-7.6291,33.59752,-7.6291
CPG100790,2024-10-13,Agadir,Marrakech,Marrakech-Safi,Fromage frais,Camion réfrigéré,240.0,58.1,233.0,247.7,14.8,1,5.13,0.67,84.82,227.33,1203.81,0,30.41864,-9.55953,31.62991,-8.00871,31.62991,-8.00871
CPG100791,2024-11-27,Rabat,Essaouira,Marrakech-Safi,Lait pasteurisé,Camion réfrigéré,524.4,50.6,614.9,621.3,6.4,1,6.47,0.89,166.26,445.58,2650.55,0,34.01032,-6.82312,31.5499,-9.765,31.5499,-9.765
CPG100792,2024-09-24,Marrakech,Safi,Marrakech-Safi,Fromage frais,Camion réfrigéré,176.8,57.4,149.8,184.9,35.0,0,4.51,0.74,63.57,170.38,945.52,0,31.66203,-8.00208,32.28791,-9.29494,32.28791,-9.29494
CPG100793,2024-10-17,Rabat,Nador,Oriental,Fromage frais,Camion réfrigéré,492.8,70.7,412.7,418.0,5.3,1,6.19,1.0,170.74,457.58,2756.1,0,34.02588,-6.81763,35.16273,-2.92759,35.16273,-2.92759
CPG100794,2024-10-14,Tadla (Fkih Ben Salah),Oujda,Oriental,Lait pasteurisé,Camion standard,668.2,62.5,613.1,641.1,28.0,0,2.77,0.61,174.85,468.59,2923.29,0,32.47243,-6.66338,34.65252,-1.95135,34.65252,-1.95135
CPG100795,2024-01-18,Agadir,Salé,Rabat-Salé-Kénitra,Lait UHT,Camion réfrigéré,562.8,62.8,498.1,538.0,39.9,0,9.52,0.72,179.27,480.45,2928.19,0,30.41087,-9.60874,34.07169,-6.77809,34.07169,-6.77809
CPG100796,2024-08-11,Tadla (Fkih Ben Salah),Laâyoune,Laâyoune-Sakia El Hamra,Yaourt,Camion standard,1086.1,77.1,835.0,845.2,10.2,1,5.23,0.91,300.56,805.51,3723.99,0,32.47502,-6.70806,27.12764,-13.15631,27.12764,-13.15631
CPG100797,2024-09-15,Tadla (Fkih Ben Salah),El Jadida,Casablanca-Settat,Yaourt,Camion standard,209.7,62.8,185.0,200.2,15.2,1,8.21,0.76,64.03,171.61,922.16,0,32.52759,-6.66501,33.2636,-8.51179,33.2636,-8.51179
CPG100798,2024-11-02,Agadir,Marrakech,Marrakech-Safi,Lait pasteurisé,Camion réfrigéré,261.2,60.0,183.8,261.1,77.2,0,0.61,0.82,76.54,205.11,1460.4,1,30.45095,-9.57767,31.64578,-7.96629,31.64578,-7.96629
CPG100799,2024-04-09,Marrakech,Essaouira,Marrakech-Safi,Lben,Camion réfrigéré,210.0,34.5,237.4,365.2,127.8,0,8.04,0.96,70.04,187.71,1246.04,0,31.62293,-7.99612,31.48708,-9.76867,31.48708,-9.76867
CPG100800,2024-11-30,Agadir,Agadir,Souss-Massa,Fromage frais,Camion standard,5.0,10.3,4.5,29.1,24.7,0,5.69,0.81,1.31,3.5,103.97,0,30.43788,-9.59962,30.36189,-9.59832,30.36189,-9.59832
CPG100801,2024-05-27,Casablanca,Settat,Casablanca-Settat,Yaourt,Camion standard,84.9,90.7,56.2,56.2,0.0,1,3.81,0.71,23.76,63.66,403.64,0,33.59997,-7.5513,33.01313,-7.64255,33.01313,-7.64255
CPG100802,2024-10-23,Casablanca,Safi,Marrakech-Safi,Beurre,Camion réfrigéré,253.9,69.7,218.6,218.6,0.0,1,9.12,0.84,76.28,204.43,1352.98,0,33.60294,-7.62231,32.36271,-9.24877,32.36271,-9.24877
CPG100803,2024-11-01,Marrakech,Settat,Casablanca-Settat,Beurre,Camion réfrigéré,206.3,37.9,221.1,327.0,105.9,0,8.18,0.7,61.31,164.3,1239.23,0,31.63695,-7.98659,32.96711,-7.60287,32.96711,-7.60287
CPG100804,2024-08-10,Casablanca,Casablanca,Casablanca-Settat,Lait pasteurisé,Camion réfrigéré,5.0,8.2,4.4,36.5,32.1,0,8.27,0.93,1.78,4.77,152.46,0,33.56542,-7.59876,33.52408,-7.58132,33.52408,-7.58132
CPG100805,2024-01-06,Rabat,Béni Mellal,Béni Mellal-Khénifra,Beurre,Camion réfrigéré,215.0,62.6,175.1,206.2,31.1,0,6.34,0.7,62.89,168.55,1044.56,0,33.95201,-6.8242,32.37014,-6.33917,32.37014,-6.33917
CPG100806,2024-12-21,Rabat,Marrakech,Marrakech-Safi,Yaourt,Camion standard,301.1,80.0,212.3,225.9,13.6,1,9.27,0.73,82.48,221.04,1249.2,0,33.99418,-6.83828,31.65121,-8.03198,31.65121,-8.03198
CPG100807,2024-08-11,Agadir,Safi,Marrakech-Safi,Crème fraîche,Camion standard,274.1,50.3,214.7,326.8,112.1,0,3.18,0.79,79.88,214.07,1139.63,0,30.41052,-9.5704,32.32346,-9.25352,32.32346,-9.25352
CPG100808,2024-01-24,Rabat,Taroudant,Souss-Massa,Yaourt,Camion réfrigéré,552.5,75.0,442.2,442.2,0.0,1,6.2,0.67,185.58,497.37,3175.93,0,34.04867,-6.81257,30.51686,-8.85023,30.51686,-8.85023
CPG100809,2024-02-19,Rabat,Tanger,Tanger-Tétouan-Al Hoceïma,Fromage frais,Camion réfrigéré,266.9,58.2,265.9,275.2,9.3,1,7.93,0.99,77.63,208.04,1340.68,0,34.03003,-6.85553,35.79497,-5.77361,35.79497,-5.77361
CPG100810,2024-06-13,Tadla (Fkih Ben Salah),Tanger,Tanger-Tétouan-Al Hoceïma,Yaourt,Camion standard,458.6,60.9,364.0,451.6,87.6,0,6.16,0.45,116.96,313.47,2056.65,0,32.44878,-6.71017,35.7424,-5.855,35.7424,-5.855
CPG100811,2024-08-13,Tadla (Fkih Ben Salah),Rabat,Rabat-Salé-Kénitra,Beurre,Camion réfrigéré,200.0,58.5,186.0,205.2,19.2,1,7.17,0.76,63.83,171.06,974.97,0,32.47925,-6.71072,33.98329,-6.84889,33.98329,-6.84889
CPG100812,2024-07-03,Rabat,Laâyoune,Laâyoune-Sakia El Hamra,Crème fraîche,Camion standard,1052.7,62.6,925.9,1009.1,83.2,0,7.48,0.76,324.57,869.84,4173.35,0,34.02077,-6.83648,27.19215,-13.15711,27.19215,-13.15711
CPG100813,2024-11-15,Marrakech,Casablanca,Casablanca-Settat,Crème fraîche,Camion réfrigéré,252.7,69.8,202.5,217.3,14.8,1,5.52,0.5,83.97,225.04,1328.39,0,31.63553,-7.98292,33.584,-7.57529,33.584,-7.57529
CPG100814,2024-04-06,Agadir,Salé,Rabat-Salé-Kénitra,Lait UHT,Camion standard,553.7,66.1,494.6,502.7,8.2,1,0.93,0.78,139.5,373.87,1924.12,0,30.41388,-9.60799,34.06921,-6.80518,34.06921,-6.80518
CPG100815,2024-04-12,Casablanca,Oujda,Oriental,Fromage frais,Camion réfrigéré,614.4,77.6,462.7,475.1,12.3,1,7.37,0.66,206.41,553.18,3523.63,0,33.5872,-7.59195,34.68433,-1.85946,34.68433,-1.85946
CPG100816,2024-12-27,Marrakech,Meknès,Fès-Meknès,Lait UHT,Camion réfrigéré,452.2,52.8,506.0,514.1,8.1,1,3.74,0.8,159.36,427.1,2581.05,1,31.61055,-7.98772,33.87598,-5.53682,33.87598,-5.53682
CPG100817,2024-02-23,Marrakech,Khouribga,Béni Mellal-Khénifra,Lait UHT,Camion réfrigéré,213.9,46.5,244.6,276.2,31.6,0,2.34,0.55,75.18,201.48,1239.68,1,31.6585,-8.02413,32.91722,-6.85,32.91722,-6.85
CPG100818,2024-03-26,Agadir,Agadir,Souss-Massa,Lait pasteurisé,Camion standard,5.0,18.3,3.6,16.4,12.8,1,4.96,0.71,1.28,3.44,92.22,0,30.43576,-9.60478,30.37547,-9.55537,30.37547,-9.55537
CPG100819,2024-01-08,Tadla (Fkih Ben Salah),Settat,Casablanca-Settat,Beurre,Camion réfrigéré,122.1,60.7,116.9,120.6,3.7,1,7.39,0.72,41.77,111.95,667.83,0,32.4927,-6.7034,32.9949,-7.60311,32.9949,-7.60311
CPG100820,2024-11-01,Rabat,Essaouira,Marrakech-Safi,Lait pasteurisé,Camion standard,514.5,55.7,554.1,554.1,0.0,1,0.2,0.59,141.97,380.47,2166.07,0,33.97083,-6.84476,31.53168,-9.74788,31.53168,-9.74788
CPG100821,2024-10-09,Marrakech,Oujda,Oriental,Fromage frais,Camion standard,883.6,68.3,769.6,776.6,7.0,1,3.57,0.94,232.68,623.6,3100.88,0,31.6252,-7.96257,34.70658,-1.90796,34.70658,-1.90796
CPG100822,2024-04-03,Casablanca,Laâyoune,Laâyoune-Sakia El Hamra,Lait UHT,Camion réfrigéré,979.9,70.3,834.7,836.6,1.9,1,8.78,0.63,356.94,956.6,5463.62,0,33.57044,-7.57097,27.1263,-13.1771,27.1263,-13.1771
CPG100823,2024-08-07,Rabat,Settat,Casablanca-Settat,Lait UHT,Camion réfrigéré,142.5,57.8,140.2,147.8,7.7,1,2.38,0.82,41.39,110.94,823.41,0,34.03736,-6.84043,33.00205,-7.59626,33.00205,-7.59626
CPG100824,2024-05-15,Marrakech,Essaouira,Marrakech-Safi,Yaourt,Camion standard,214.4,59.2,181.5,217.5,36.0,0,8.95,0.34,55.43,148.56,941.43,0,31.60242,-7.97071,31.51396,-9.79196,31.51396,-9.79196
CPG100825,2024-01-28,Marrakech,El Jadida,Casablanca-Settat,Fromage frais,Camion standard,223.2,73.8,174.3,181.4,7.1,1,4.7,0.65,69.05,185.04,980.45,0,31.62231,-7.99784,33.28742,-8.52199,33.28742,-8.52199
CPG100826,2024-05-04,Tadla (Fkih Ben Salah),Salé,Rabat-Salé-Kénitra,Beurre,Camionnette réfrigérée,220.1,34.6,260.0,381.9,121.8,0,10.32,0.65,42.96,115.13,968.86,0,32.50854,-6.68488,34.06673,-6.82952,34.06673,-6.82952
CPG100827,2024-05-04,Tadla (Fkih Ben Salah),Taroudant,Souss-Massa,Yaourt,Camion réfrigéré,387.2,77.6,299.6,299.6,0.0,1,14.53,0.8,135.12,362.12,2198.46,0,32.48888,-6.71523,30.47846,-8.84422,30.47846,-8.84422
CPG100828,2024-01-28,Marrakech,Tanger,Tanger-Tétouan-Al Hoceïma,Fromage frais,Camion standard,549.7,68.7,469.1,480.3,11.1,1,2.91,0.78,160.35,429.73,1910.95,0,31.61423,-8.00564,35.8118,-5.81425,35.8118,-5.81425
CPG100829,2024-11-01,Tadla (Fkih Ben Salah),Essaouira,Marrakech-Safi,Fromage frais,Camion réfrigéré,365.7,47.9,371.0,457.9,86.8,0,6.53,0.69,119.17,319.37,2094.12,0,32.48207,-6.65121,31.50448,-9.75018,31.50448,-9.75018
CPG100830,2024-04-21,Casablanca,Casablanca,Casablanca-Settat,Yaourt,Camion réfrigéré,5.0,10.6,4.0,28.2,24.3,0,4.5,0.61,1.49,4.0,93.73,0,33.59972,-7.62156,33.62164,-7.59359,33.62164,-7.59359
CPG100831,2024-12-07,Marrakech,Agadir,Souss-Massa,Beurre,Camionnette réfrigérée,249.8,54.4,250.7,275.7,25.0,0,6.11,0.78,42.51,113.94,982.22,0,31.64162,-8.02203,30.44888,-9.60021,30.44888,-9.60021
CPG100832,2024-08-17,Casablanca,Tétouan,Tanger-Tétouan-Al Hoceïma,Lait UHT,Camion réfrigéré,334.9,70.9,256.5,283.6,27.1,0,12.6,0.89,101.41,271.79,1953.75,1,33.56232,-7.59132,35.60056,-5.3778,35.60056,-5.3778
CPG100833,2024-09-27,Agadir,Laâyoune,Laâyoune-Sakia El Hamra,Fromage frais,Camion réfrigéré,640.3,56.6,634.1,679.0,44.8,0,0.2,1.0,195.56,524.11,2895.65,0,30.42648,-9.62009,27.11672,-13.14615,27.11672,-13.14615
CPG100834,2024-02-22,Casablanca,Oujda,Oriental,Fromage frais,Camion réfrigéré,690.8,65.0,638.1,638.1,0.0,1,8.17,0.56,251.87,675.02,3997.51,0,33.5713,-7.56685,34.68993,-1.97073,34.68993,-1.97073
CPG100835,2024-05-13,Tadla (Fkih Ben Salah),Oujda,Oriental,Lait UHT,Camion réfrigéré,664.5,66.4,583.6,600.4,16.8,1,9.86,0.85,195.42,523.72,3490.42,0,32.50784,-6.69355,34.67961,-1.94501,34.67961,-1.94501
CPG100836,2024-01-21,Marrakech,Essaouira,Marrakech-Safi,Lait UHT,Camion standard,219.6,71.6,184.0,184.0,0.0,1,4.42,0.59,59.53,159.54,982.76,0,31.62464,-8.00042,31.51283,-9.77682,31.51283,-9.77682
CPG100837,2024-07-22,Agadir,Meknès,Fès-Meknès,Yaourt,Camion réfrigéré,674.8,73.3,520.0,552.1,32.1,0,4.41,0.6,227.08,608.58,3692.66,0,30.44964,-9.59598,33.88943,-5.54883,33.88943,-5.54883
CPG100838,2024-03-28,Tadla (Fkih Ben Salah),Casablanca,Casablanca-Settat,Lait UHT,Camion réfrigéré,191.3,55.5,206.0,206.6,0.6,1,1.97,0.82,64.01,171.55,960.38,0,32.48652,-6.69157,33.55371,-7.58576,33.55371,-7.58576
CPG100839,2024-10-06,Agadir,Fès,Fès-Meknès,Yaourt,Camionnette réfrigérée,692.2,55.0,661.6,754.6,93.0,0,10.27,0.63,113.67,304.64,2127.28,0,30.45631,-9.60228,34.07646,-4.99098,34.07646,-4.99098
CPG100840,2024-08-30,Rabat,Essaouira,Marrakech-Safi,Lait pasteurisé,Camion réfrigéré,461.6,47.1,561.3,587.9,26.6,0,3.8,0.48,155.63,417.09,2192.45,0,34.01,-6.81032,31.53303,-9.74313,31.53303,-9.74313
CPG100841,2024-03-27,Agadir,Taroudant,Souss-Massa,Yaourt,Camion réfrigéré,75.4,58.9,74.0,76.8,2.8,1,9.42,0.84,24.24,64.95,542.87,0,30.43708,-9.60583,30.44085,-8.84715,30.44085,-8.84715
CPG100842,2024-11-23,Marrakech,Tanger,Tanger-Tétouan-Al Hoceïma,Lait UHT,Camion standard,538.1,74.9,405.5,430.9,25.4,0,10.23,1.0,143.74,385.22,1996.43,0,31.63127,-7.98327,35.72867,-5.83884,35.72867,-5.83884
CPG100843,2024-11-15,Agadir,Fès,Fès-Meknès,Yaourt,Camion réfrigéré,764.1,54.3,828.9,844.0,15.1,1,11.96,0.66,259.32,694.99,3764.96,0,30.43896,-9.61172,34.00385,-5.03681,34.00385,-5.03681
CPG100844,2024-08-25,Casablanca,Taroudant,Souss-Massa,Beurre,Camion réfrigéré,411.3,50.6,476.4,487.3,10.9,1,8.26,0.81,133.91,358.88,2380.01,0,33.61052,-7.59595,30.47221,-8.89402,30.47221,-8.89402
CPG100845,2024-04-19,Agadir,Meknès,Fès-Meknès,Yaourt,Camion réfrigéré,573.5,62.8,531.4,547.6,16.2,1,7.54,0.59,201.72,540.61,2955.22,1,30.46342,-9.59164,33.85556,-5.51567,33.85556,-5.51567
CPG100846,2024-05-02,Agadir,Tanger,Tanger-Tétouan-Al Hoceïma,Lait pasteurisé,Camion standard,817.5,57.5,852.3,852.3,0.0,1,8.36,0.87,206.01,552.1,2822.77,0,30.43018,-9.62533,35.81815,-5.8089,35.81815,-5.8089
CPG100847,2024-09-23,Agadir,Rabat,Rabat-Salé-Kénitra,Fromage frais,Camion réfrigéré,606.0,60.6,567.7,600.0,32.3,0,5.94,0.63,175.78,471.09,3337.81,0,30.42222,-9.57779,34.03086,-6.85748,34.03086,-6.85748
CPG100848,2024-02-09,Marrakech,Taroudant,Souss-Massa,Crème fraîche,Camionnette réfrigérée,184.3,54.8,181.1,201.6,20.6,0,3.8,0.84,36.97,99.07,630.73,0,31.67216,-8.01919,30.49981,-8.89528,30.49981,-8.89528
CPG100849,2024-10-21,Tadla (Fkih Ben Salah),Taroudant,Souss-Massa,Yaourt,Camion réfrigéré,361.5,70.4,298.7,308.1,9.4,1,5.94,0.7,129.12,346.03,1667.36,0,32.50676,-6.69513,30.52348,-8.90754,30.52348,-8.90754
CPG100850,2024-09-18,Rabat,El Jadida,Casablanca-Settat,Lait pasteurisé,Camion réfrigéré,222.5,65.9,188.2,202.5,14.3,1,3.72,0.58,79.15,212.12,1019.97,0,34.01216,-6.86054,33.26838,-8.51283,33.26838,-8.51283
CPG100851,2024-05-22,Casablanca,Taroudant,Souss-Massa,Fromage frais,Camionnette réfrigérée,440.1,59.7,433.3,442.2,8.9,1,10.46,0.54,81.55,218.54,1615.87,0,33.55182,-7.56807,30.45683,-8.90761,30.45683,-8.90761
CPG100852,2024-12-04,Marrakech,El Jadida,Casablanca-Settat,Lben,Camion réfrigéré,213.2,73.4,166.0,174.3,8.3,1,8.41,0.75,69.14,185.31,1053.64,0,31.63067,-7.96021,33.23103,-8.47065,33.23103,-8.47065
CPG100853,2024-08-16,Casablanca,Khouribga,Béni Mellal-Khénifra,Lait UHT,Camion réfrigéré,123.6,66.7,95.9,111.1,15.2,1,8.91,0.75,43.19,115.74,700.04,0,33.5381,-7.56281,32.90666,-6.90622,32.90666,-6.90622
CPG100854,2024-12-19,Agadir,Essaouira,Marrakech-Safi,Fromage frais,Camion standard,162.0,60.5,149.9,160.7,10.8,1,0.45,0.77,44.04,118.03,645.71,0,30.43526,-9.59049,31.50541,-9.71521,31.50541,-9.71521
CPG100855,2024-06-18,Tadla (Fkih Ben Salah),El Jadida,Casablanca-Settat,Lait UHT,Camion réfrigéré,250.8,50.4,237.6,298.3,60.8,0,6.82,0.89,75.15,201.39,1474.48,0,32.53098,-6.72605,33.3233,-8.53959,33.3233,-8.53959
CPG100856,2024-06-21,Agadir,Agadir,Souss-Massa,Lait UHT,Camion standard,5.0,38.4,4.2,7.8,3.6,1,5.39,0.89,1.53,4.11,97.33,0,30.41058,-9.57942,30.44913,-9.5878,30.44913,-9.5878
CPG100857,2024-02-08,Tadla (Fkih Ben Salah),Kénitra,Rabat-Salé-Kénitra,Lben,Camion standard,208.0,81.6,144.4,153.0,8.5,1,9.97,0.71,52.6,140.96,849.93,0,32.48503,-6.67038,34.23319,-6.60034,34.23319,-6.60034
CPG100858,2024-03-16,Casablanca,Nador,Oriental,Lait UHT,Camion standard,576.5,74.5,453.1,464.1,11.1,1,8.6,0.75,150.56,403.49,2023.52,0,33.5589,-7.61131,35.0973,-2.92659,35.0973,-2.92659
CPG100859,2024-06-16,Tadla (Fkih Ben Salah),Safi,Marrakech-Safi,Lait UHT,Camion standard,285.6,53.7,284.9,318.8,33.9,0,4.83,0.63,80.84,216.64,1229.61,0,32.50818,-6.66484,32.32006,-9.25326,32.32006,-9.25326
CPG100860,2024-04-21,Casablanca,Rabat,Rabat-Salé-Kénitra,Beurre,Camion réfrigéré,105.4,64.3,98.4,98.4,0.0,1,6.5,0.72,32.38,86.78,647.21,0,33.54963,-7.558,34.01656,-6.76723,34.01656,-6.76723
CPG100861,2024-06-13,Tadla (Fkih Ben Salah),Meknès,Fès-Meknès,Fromage frais,Camion standard,207.7,68.6,173.3,181.7,8.4,1,7.4,0.7,59.66,159.88,982.43,0,32.49994,-6.69029,33.88549,-5.55804,33.88549,-5.55804
CPG100862,2024-03-27,Agadir,Tétouan,Tanger-Tétouan-Al Hoceïma,Lait pasteurisé,Camion standard,882.8,79.5,666.6,666.6,0.0,1,4.76,0.61,232.06,621.92,3486.15,0,30.44436,-9.56242,35.56173,-5.34545,35.56173,-5.34545
CPG100863,2024-02-26,Marrakech,Khouribga,Béni Mellal-Khénifra,Lait UHT,Camion réfrigéré,190.8,65.7,160.5,174.4,13.9,1,5.85,0.5,56.63,151.77,919.41,0,31.59279,-7.9602,32.9057,-6.88086,32.9057,-6.88086
CPG100864,2024-02-27,Rabat,Essaouira,Marrakech-Safi,Lait UHT,Camion standard,513.3,78.3,351.0,393.2,42.2,0,7.11,0.6,132.09,353.99,1861.22,0,33.99788,-6.81933,31.50896,-9.73154,31.50896,-9.73154
CPG100865,2024-10-10,Casablanca,Settat,Casablanca-Settat,Crème fraîche,Camion réfrigéré,76.6,85.6,53.7,53.7,0.0,1,7.9,0.65,23.58,63.19,474.07,0,33.59966,-7.5558,33.00954,-7.65596,33.00954,-7.65596
CPG100866,2024-12-21,Agadir,Fès,Fès-Meknès,Lait pasteurisé,Camion standard,770.2,61.5,736.5,751.3,14.8,1,3.11,0.58,218.75,586.24,2813.89,0,30.42329,-9.57901,33.99561,-5.01365,33.99561,-5.01365
CPG100867,2024-04-24,Rabat,El Jadida,Casablanca-Settat,Fromage frais,Camion réfrigéré,229.7,59.8,219.4,230.4,11.0,1,4.11,0.7,76.68,205.51,1123.08,0,34.03708,-6.84469,33.24417,-8.52525,33.24417,-8.52525
CPG100868,2024-10-08,Marrakech,Tétouan,Tanger-Tétouan-Al Hoceïma,Yaourt,Camion réfrigéré,590.3,68.3,501.5,518.6,17.1,1,8.99,0.77,170.27,456.32,2946.86,0,31.59653,-7.99362,35.56633,-5.37518,35.56633,-5.37518
CPG100869,2024-11-02,Tadla (Fkih Ben Salah),El Jadida,Casablanca-Settat,Beurre,Camion standard,249.9,63.6,224.0,235.9,11.9,1,3.73,0.62,73.2,196.18,954.83,0,32.49773,-6.6691,33.31012,-8.5297,33.31012,-8.5297
CPG100870,2024-02-02,Marrakech,Casablanca,Casablanca-Settat,Fromage frais,Camion réfrigéré,237.1,78.0,182.5,182.5,0.0,1,6.74,0.87,78.81,211.21,1198.95,0,31.63765,-7.97159,33.58548,-7.58147,33.58548,-7.58147
CPG100871,2024-04-06,Rabat,Essaouira,Marrakech-Safi,Fromage frais,Camion standard,429.3,73.8,348.8,349.1,0.3,1,4.77,0.9,125.1,335.28,1831.58,0,34.03405,-6.84291,31.52397,-9.76598,31.52397,-9.76598
CPG100872,2024-12-10,Agadir,Marrakech,Marrakech-Safi,Fromage frais,Camion réfrigéré,214.7,58.8,204.9,219.3,14.4,1,6.3,0.59,62.46,167.39,1266.18,0,30.40041,-9.62957,31.63351,-7.95535,31.63351,-7.95535
CPG100873,2024-12-05,Marrakech,Laâyoune,Laâyoune-Sakia El Hamra,Lben,Camion standard,851.8,70.2,646.5,728.2,81.7,0,5.31,0.98,236.66,634.26,3280.26,0,31.63149,-7.99933,27.14562,-13.19377,27.14562,-13.19377
CPG100874,2024-03-22,Tadla (Fkih Ben Salah),Safi,Marrakech-Safi,Beurre,Camion réfrigéré,320.5,47.8,398.6,402.2,3.6,1,7.59,0.81,113.3,303.65,1525.17,0,32.4996,-6.65948,32.34458,-9.22991,32.34458,-9.22991
CPG100875,2024-02-16,Casablanca,Salé,Rabat-Salé-Kénitra,Yaourt,Camion réfrigéré,119.3,50.1,101.3,142.8,41.5,0,10.96,0.6,39.95,107.07,701.36,0,33.57718,-7.60088,34.03204,-6.83447,34.03204,-6.83447
CPG100876,2024-06-23,Agadir,Khouribga,Béni Mellal-Khénifra,Lait UHT,Camionnette réfrigérée,471.1,59.1,460.2,478.6,18.5,1,6.1,0.48,79.64,213.43,1665.95,0,30.45286,-9.59139,32.91744,-6.9824,32.91744,-6.9824
CPG100877,2024-12-29,Agadir,Casablanca,Casablanca-Settat,Lait pasteurisé,Camion réfrigéré,430.6,62.9,321.1,410.5,89.5,0,4.39,0.57,131.94,353.59,2391.74,1,30.41894,-9.58505,33.55948,-7.57743,33.55948,-7.57743
CPG100878,2024-01-29,Agadir,Taroudant,Souss-Massa,Beurre,Camion réfrigéré,81.9,38.2,69.0,128.7,59.7,0,9.01,0.76,24.28,65.08,550.18,0,30.42572,-9.61081,30.45573,-8.87816,30.45573,-8.87816
CPG100879,2024-12-06,Agadir,El Jadida,Casablanca-Settat,Lait UHT,Camion standard,426.9,89.8,285.2,285.2,0.0,1,6.37,0.85,122.51,328.32,1792.78,0,30.41768,-9.60884,33.29465,-8.50821,33.29465,-8.50821
CPG100880,2024-08-25,Marrakech,El Jadida,Casablanca-Settat,Fromage frais,Camionnette réfrigérée,247.5,60.7,212.4,244.8,32.4,0,2.84,0.71,42.9,114.96,952.34,0,31.65334,-7.95298,33.2206,-8.48045,33.2206,-8.48045
CPG100881,2024-07-04,Marrakech,Tétouan,Tanger-Tétouan-Al Hoceïma,Lait UHT,Camion réfrigéré,595.8,49.0,703.6,730.2,26.6,0,2.81,0.78,178.12,477.37,3300.26,0,31.61501,-8.00225,35.5905,-5.34961,35.5905,-5.34961
CPG100882,2024-12-10,Marrakech,Casablanca,Casablanca-Settat,Lait pasteurisé,Camion standard,232.5,75.2,185.4,185.4,0.0,1,7.39,0.59,63.15,169.25,924.13,0,31.6247,-7.98858,33.55564,-7.51676,33.55564,-7.51676
CPG100883,2024-07-24,Tadla (Fkih Ben Salah),Safi,Marrakech-Safi,Beurre,Camionnette réfrigérée,296.2,64.5,259.9,275.4,15.5,1,8.24,0.69,57.86,155.07,960.48,0,32.50304,-6.68375,32.29084,-9.24777,32.29084,-9.24777
CPG100884,2024-02-20,Marrakech,Tanger,Tanger-Tétouan-Al Hoceïma,Beurre,Camionnette réfrigérée,657.7,64.6,610.2,610.9,0.7,1,5.32,0.64,116.77,312.94,1917.05,0,31.63446,-7.97939,35.73758,-5.82722,35.73758,-5.82722
CPG100885,2024-07-01,Casablanca,Béni Mellal,Béni Mellal-Khénifra,Crème fraîche,Camion réfrigéré,229.4,73.9,186.4,186.4,0.0,1,8.19,0.68,83.84,224.68,1307.14,0,33.5647,-7.61323,32.34985,-6.30747,32.34985,-6.30747
CPG100886,2024-05-14,Tadla (Fkih Ben Salah),Taroudant,Souss-Massa,Lait pasteurisé,Camion standard,344.2,65.2,301.5,316.6,15.1,1,7.92,0.58,84.0,225.11,1511.55,0,32.52382,-6.71429,30.45558,-8.88733,30.45558,-8.88733
CPG100887,2024-05-29,Marrakech,Rabat,Rabat-Salé-Kénitra,Lait pasteurisé,Camion réfrigéré,382.1,59.1,370.5,388.1,17.6,1,5.74,0.74,133.15,356.83,2273.93,1,31.62934,-7.97334,34.0352,-6.82511,34.0352,-6.82511
CPG100888,2024-09-16,Tadla (Fkih Ben Salah),Taroudant,Souss-Massa,Fromage frais,Camion réfrigéré,397.9,72.6,304.7,328.7,24.0,0,9.92,0.76,128.32,343.89,2276.16,0,32.51121,-6.69725,30.40577,-8.88821,30.40577,-8.88821
CPG100889,2024-02-06,Tadla (Fkih Ben Salah),Kénitra,Rabat-Salé-Kénitra,Crème fraîche,Camion standard,206.9,63.9,194.2,194.2,0.0,1,3.29,1.0,56.1,150.36,840.27,0,32.4783,-6.63883,34.25047,-6.65362,34.25047,-6.65362
CPG100890,2024-05-23,Agadir,Oujda,Oriental,Yaourt,Camion standard,935.8,67.3,805.2,834.8,29.5,0,8.27,0.62,271.27,726.99,3675.64,0,30.46137,-9.60915,34.65857,-1.93225,34.65857,-1.93225
CPG100891,2024-10-13,Casablanca,Kénitra,Rabat-Salé-Kénitra,Lait pasteurisé,Camion réfrigéré,152.2,71.5,118.2,127.8,9.5,1,7.45,0.71,54.23,145.33,872.66,0,33.56367,-7.55782,34.28344,-6.58516,34.28344,-6.58516
CPG100892,2024-05-02,Marrakech,Laâyoune,Laâyoune-Sakia El Hamra,Lait UHT,Camionnette réfrigérée,924.5,52.7,1043.8,1052.6,8.8,1,0.93,0.93,170.17,456.06,2604.31,0,31.64959,-7.96072,27.12555,-13.14179,27.12555,-13.14179
CPG100893,2024-06-24,Tadla (Fkih Ben Salah),Nador,Oriental,Lait pasteurisé,Camion standard,505.5,63.0,469.3,481.6,12.4,1,10.6,0.56,137.48,368.45,2336.34,0,32.50389,-6.70401,35.14454,-2.96278,35.14454,-2.96278
CPG100894,2024-06-15,Rabat,Khouribga,Béni Mellal-Khénifra,Fromage frais,Camion réfrigéré,158.2,71.0,116.5,133.7,17.2,1,7.41,0.68,54.76,146.76,970.18,0,34.00935,-6.85678,32.85894,-6.89487,32.85894,-6.89487
CPG100895,2024-08-09,Agadir,Marrakech,Marrakech-Safi,Lait UHT,Camion standard,258.1,74.9,181.5,206.7,25.2,0,11.22,0.7,78.0,209.04,1268.93,0,30.39962,-9.59923,31.58767,-8.01151,31.58767,-8.01151
CPG100896,2024-02-27,Rabat,Tétouan,Tanger-Tétouan-Al Hoceïma,Lait pasteurisé,Camion réfrigéré,251.9,42.7,298.5,353.7,55.2,0,3.0,0.68,92.05,246.71,1460.16,0,33.99368,-6.85407,35.56103,-5.35472,35.56103,-5.35472
CPG100897,2024-09-13,Casablanca,Salé,Rabat-Salé-Kénitra,Fromage frais,Camion réfrigéré,121.4,77.1,85.1,94.5,9.4,1,10.29,0.42,35.94,96.32,795.04,0,33.5746,-7.58212,34.01625,-6.84888,34.01625,-6.84888
CPG100898,2024-12-21,Marrakech,Oujda,Oriental,Yaourt,Camion réfrigéré,698.4,70.9,564.4,591.4,26.9,0,9.13,0.85,206.77,554.16,3503.1,0,31.6238,-7.97059,34.691,-1.94194,34.691,-1.94194
CPG100899,2024-09-06,Tadla (Fkih Ben Salah),Taroudant,Souss-Massa,Yaourt,Camion réfrigéré,326.6,60.0,324.4,326.8,2.4,1,6.53,0.63,98.42,263.77,1685.64,0,32.48599,-6.66616,30.46035,-8.86166,30.46035,-8.86166
CPG100900,2024-12-09,Rabat,Settat,Casablanca-Settat,Beurre,Camion réfrigéré,143.3,36.0,130.5,238.8,108.3,0,2.86,0.84,48.4,129.72,840.28,0,34.01724,-6.83198,33.00543,-7.60983,33.00543,-7.60983
CPG100901,2024-05-18,Marrakech,Meknès,Fès-Meknès,Lait pasteurisé,Camion réfrigéré,453.6,59.6,428.4,456.7,28.3,0,8.07,0.76,139.74,374.5,2538.7,0,31.65381,-8.01339,33.86606,-5.5507,33.86606,-5.5507
CPG100902,2024-08-23,Tadla (Fkih Ben Salah),Marrakech,Marrakech-Safi,Lait UHT,Camion standard,189.8,58.9,183.9,193.4,9.5,1,5.26,0.66,47.72,127.89,848.22,0,32.47101,-6.68855,31.62504,-7.97413,31.62504,-7.97413
CPG100903,2024-12-21,Marrakech,Taroudant,Souss-Massa,Fromage frais,Camion réfrigéré,164.8,53.2,157.3,185.9,28.7,0,6.42,0.5,59.02,158.17,826.08,0,31.62289,-7.95256,30.51994,-8.85403,30.51994,-8.85403
CPG100904,2024-12-08,Agadir,Casablanca,Casablanca-Settat,Beurre,Camion standard,436.0,79.5,329.0,329.0,0.0,1,4.97,0.5,120.12,321.91,1759.25,0,30.43798,-9.6007,33.60481,-7.57659,33.60481,-7.57659
CPG100905,2024-09-30,Tadla (Fkih Ben Salah),Safi,Marrakech-Safi,Lait UHT,Camionnette réfrigérée,258.2,48.7,299.0,318.1,19.1,1,2.82,0.82,50.18,134.48,817.27,0,32.54228,-6.70364,32.27846,-9.2502,32.27846,-9.2502
CPG100906,2024-11-26,Marrakech,Marrakech,Marrakech-Safi,Beurre,Camionnette réfrigérée,5.0,3.0,5.5,98.9,93.4,0,12.14,0.72,0.92,2.47,200.31,0,31.64697,-7.95171,31.6311,-7.95957,31.6311,-7.95957
CPG100907,2024-04-20,Casablanca,Béni Mellal,Béni Mellal-Khénifra,Lait UHT,Camionnette réfrigérée,216.6,44.7,284.5,290.7,6.2,1,6.88,0.68,38.32,102.69,888.84,0,33.58566,-7.5732,32.33454,-6.28681,32.33454,-6.28681
CPG100908,2024-03-23,Tadla (Fkih Ben Salah),Nador,Oriental,Crème fraîche,Camion standard,611.2,73.6,486.8,498.2,11.5,1,3.12,0.91,162.87,436.49,2653.17,0,32.53282,-6.68455,35.14664,-2.91022,35.14664,-2.91022
CPG100909,2024-04-12,Rabat,Essaouira,Marrakech-Safi,Fromage frais,Camion réfrigéré,447.5,65.8,407.9,407.9,0.0,1,3.95,0.76,153.79,412.16,2547.43,0,34.01505,-6.86622,31.48478,-9.74815,31.48478,-9.74815
CPG100910,2024-01-26,Rabat,Tétouan,Tanger-Tétouan-Al Hoceïma,Lben,Camion réfrigéré,246.7,51.2,201.5,289.0,87.5,0,7.72,0.69,90.24,241.84,1428.18,0,34.02445,-6.83282,35.56947,-5.36571,35.56947,-5.36571
CPG100911,2024-05-13,Tadla (Fkih Ben Salah),Casablanca,Casablanca-Settat,Crème fraîche,Camion standard,191.2,76.1,150.7,150.7,0.0,1,5.04,0.54,59.32,158.98,886.94,0,32.50916,-6.67365,33.64168,-7.58829,33.64168,-7.58829
CPG100912,2024-09-21,Agadir,Safi,Marrakech-Safi,Crème fraîche,Camion réfrigéré,271.6,65.2,245.7,249.8,4.0,1,5.7,0.82,87.12,233.49,1536.84,0,30.42266,-9.6164,32.31607,-9.23156,32.31607,-9.23156
CPG100913,2024-03-04,Tadla (Fkih Ben Salah),Safi,Marrakech-Safi,Fromage frais,Camion réfrigéré,323.9,65.0,270.1,299.0,28.9,0,7.98,0.91,103.07,276.23,1745.72,0,32.51652,-6.70312,32.31569,-9.25182,32.31569,-9.25182
CPG100914,2024-07-27,Casablanca,Khouribga,Béni Mellal-Khénifra,Lait pasteurisé,Camion standard,110.2,68.9,96.0,96.0,0.0,1,4.12,0.69,33.73,90.4,513.16,0,33.56809,-7.62294,32.88319,-6.91088,32.88319,-6.91088
CPG100915,2024-01-25,Agadir,Safi,Marrakech-Safi,Crème fraîche,Camionnette réfrigérée,239.5,44.4,321.7,323.7,2.0,1,7.11,0.87,47.4,127.04,986.17,0,30.43658,-9.5782,32.33267,-9.26777,32.33267,-9.26777
CPG100916,2024-05-17,Casablanca,Safi,Marrakech-Safi,Yaourt,Camion réfrigéré,255.6,52.1,294.3,294.3,0.0,1,7.67,1.0,85.22,228.38,1415.07,0,33.57892,-7.55897,32.28129,-9.2929,32.28129,-9.2929
CPG100917,2024-08-19,Tadla (Fkih Ben Salah),Nador,Oriental,Fromage frais,Camion standard,479.8,71.2,391.2,404.2,13.0,1,7.8,0.71,133.26,357.15,2098.44,0,32.50036,-6.71411,35.16814,-2.98311,35.16814,-2.98311
CPG100918,2024-07-23,Rabat,Meknès,Fès-Meknès,Crème fraîche,Camion réfrigéré,131.2,30.9,105.1,255.1,150.1,0,2.9,0.29,47.78,128.06,714.1,0,34.05048,-6.83144,33.91876,-5.54449,33.91876,-5.54449
CPG100919,2024-01-06,Rabat,Salé,Rabat-Salé-Kénitra,Beurre,Camion réfrigéré,6.2,10.1,6.5,36.9,30.4,0,7.29,0.97,1.84,4.93,143.63,0,34.02636,-6.82832,34.05864,-6.77502,34.05864,-6.77502
CPG100920,2024-12-14,Tadla (Fkih Ben Salah),Rabat,Rabat-Salé-Kénitra,Fromage frais,Camion réfrigéré,192.4,73.8,156.5,156.5,0.0,1,7.07,0.81,59.62,159.78,972.09,0,32.49007,-6.66957,34.02451,-6.87889,34.02451,-6.87889
CPG100921,2024-09-06,Rabat,Taroudant,Souss-Massa,Beurre,Camion standard,522.6,61.8,507.2,507.7,0.5,1,6.94,0.76,149.9,401.73,2039.7,0,34.02972,-6.84901,30.50584,-8.92357,30.50584,-8.92357
CPG100922,2024-09-16,Rabat,Kénitra,Rabat-Salé-Kénitra,Yaourt,Camion réfrigéré,45.3,56.3,40.0,48.3,8.3,1,8.51,0.76,15.61,41.82,373.06,0,34.01847,-6.81976,34.24613,-6.5358,34.24613,-6.5358
CPG100923,2024-01-31,Rabat,Meknès,Fès-Meknès,Fromage frais,Camion réfrigéré,155.2,90.9,102.5,102.5,0.0,1,6.02,0.69,45.89,122.99,818.63,0,34.00545,-6.85967,33.81921,-5.55133,33.81921,-5.55133
CPG100924,2024-03-05,Tadla (Fkih Ben Salah),Settat,Casablanca-Settat,Yaourt,Camion réfrigéré,135.7,54.9,123.0,148.4,25.5,0,11.26,0.66,43.79,117.36,916.43,0,32.5239,-6.66376,33.01379,-7.58594,33.01379,-7.58594
CPG100925,2024-01-08,Tadla (Fkih Ben Salah),Rabat,Rabat-Salé-Kénitra,Beurre,Camion réfrigéré,198.8,43.4,177.9,274.5,96.6,0,7.43,0.56,62.3,166.97,980.79,0,32.49884,-6.73357,34.0392,-6.85403,34.0392,-6.85403
CPG100926,2024-02-04,Marrakech,Tétouan,Tanger-Tétouan-Al Hoceïma,Fromage frais,Camion standard,660.4,75.0,509.3,528.4,19.0,1,3.51,0.51,175.16,469.43,2805.58,0,31.64718,-7.98721,35.58848,-5.38321,35.58848,-5.38321
CPG100927,2024-05-08,Agadir,Agadir,Souss-Massa,Crème fraîche,Camion réfrigéré,5.0,24.7,5.3,12.1,6.8,1,1.27,0.76,1.67,4.47,47.11,0,30.4231,-9.56902,30.46339,-9.66418,30.46339,-9.66418
CPG100928,2024-09-16,Rabat,Khouribga,Béni Mellal-Khénifra,Beurre,Camion réfrigéré,148.0,63.9,134.2,139.0,4.8,1,7.32,0.64,48.3,129.45,894.26,0,34.01235,-6.82878,32.86376,-6.95349,32.86376,-6.95349
CPG100929,2024-12-26,Casablanca,Meknès,Fès-Meknès,Lait pasteurisé,Camion réfrigéré,209.1,63.7,184.8,197.0,12.3,1,8.99,0.64,63.05,168.97,1251.7,0,33.56234,-7.56838,33.91755,-5.49897,33.91755,-5.49897
CPG100930,2024-11-01,Tadla (Fkih Ben Salah),Settat,Casablanca-Settat,Beurre,Camion réfrigéré,115.2,48.8,105.3,141.5,36.2,0,5.82,0.76,39.88,106.88,618.81,0,32.48929,-6.69773,33.02292,-7.61701,33.02292,-7.61701
CPG100931,2024-09-18,Casablanca,Khouribga,Béni Mellal-Khénifra,Crème fraîche,Camion réfrigéré,112.4,63.0,93.7,107.1,13.5,1,9.95,0.92,34.86,93.42,696.15,0,33.57591,-7.60368,32.90683,-6.89851,32.90683,-6.89851
CPG100932,2024-06-19,Agadir,Marrakech,Marrakech-Safi,Beurre,Camion réfrigéré,243.4,57.6,229.3,253.4,24.1,0,5.12,0.87,82.18,220.24,1473.33,0,30.42563,-9.56986,31.58915,-7.98614,31.58915,-7.98614
CPG100933,2024-06-17,Tadla (Fkih Ben Salah),Meknès,Fès-Meknès,Beurre,Camion standard,211.7,53.9,199.7,235.7,36.0,0,6.17,1.0,57.82,154.96,960.13,0,32.49147,-6.67573,33.88184,-5.50664,33.88184,-5.50664
CPG100934,2024-09-03,Rabat,Marrakech,Marrakech-Safi,Beurre,Camion réfrigéré,328.3,49.3,380.5,399.5,18.9,1,4.89,0.85,98.79,264.76,1876.17,0,34.0288,-6.84482,31.65238,-8.04658,31.65238,-8.04658
CPG100935,2024-07-05,Agadir,Safi,Marrakech-Safi,Lait UHT,Camion standard,257.8,73.7,201.8,209.8,,1,6.08,0.65,64.52,172.91,1200.5,0,30.39871,-9.61422,32.28596,-9.27888,32.28596,-9.27888
CPG100936,2024-08-15,Rabat,Essaouira,Marrakech-Safi,Lait UHT,Camion réfrigéré,466.5,78.9,338.2,354.9,16.6,1,2.67,0.5,142.25,381.23,2412.57,0,33.99216,-6.86269,31.51998,-9.76745,31.51998,-9.76745
CPG100937,2024-10-02,Casablanca,Kénitra,Rabat-Salé-Kénitra,Lait UHT,Camion réfrigéré,151.1,60.1,135.6,150.9,15.3,1,7.4,0.77,54.48,146.02,833.91,1,33.56938,-7.61381,34.22737,-6.5648,34.22737,-6.5648
CPG100938,2024-05-31,Rabat,Rabat,Rabat-Salé-Kénitra,Beurre,Camionnette réfrigérée,5.0,5.5,5.5,54.6,49.1,0,6.71,0.74,0.97,2.6,115.89,0,34.01541,-6.81264,33.96916,-6.8452,33.96916,-6.8452
CPG100939,2024-05-16,Agadir,Fès,Fès-Meknès,Lait pasteurisé,Camion réfrigéré,675.8,82.3,492.5,492.5,0.0,1,5.26,0.66,240.86,645.51,3355.92,0,30.43956,-9.57374,34.00109,-4.97718,34.00109,-4.97718
CPG100940,2024-04-28,Tadla (Fkih Ben Salah),Salé,Rabat-Salé-Kénitra,Fromage frais,Camion standard,227.3,74.2,179.8,183.7,3.9,1,6.69,0.94,59.26,158.81,969.77,0,32.52639,-6.69147,34.04016,-6.82633,34.04016,-6.82633
CPG100941,2024-01-06,Casablanca,Nador,Oriental,Lben,Camion standard,541.8,69.4,440.0,468.7,28.6,0,13.49,0.64,155.09,415.65,2166.79,0,33.57466,-7.57138,35.15736,-2.937,35.15736,-2.937
CPG100942,2024-02-20,Rabat,Safi,Marrakech-Safi,Yaourt,Camion réfrigéré,380.3,62.0,346.5,367.9,21.4,0,3.43,0.6,139.44,373.71,1828.24,0,34.02785,-6.8372,32.36751,-9.25422,32.36751,-9.25422
CPG100943,2024-02-12,Marrakech,Marrakech,Marrakech-Safi,Crème fraîche,Camion réfrigéré,5.0,23.0,6.7,13.1,6.4,1,6.73,0.7,1.59,4.26,124.49,0,31.66986,-7.97511,31.57837,-7.99449,31.57837,-7.99449
CPG100944,2024-06-13,Agadir,Fès,Fès-Meknès,Lait UHT,Camion standard,745.1,76.5,584.1,584.1,0.0,1,5.15,0.58,220.57,591.13,3244.38,0,30.43246,-9.59948,33.99738,-4.98202,33.99738,-4.98202
CPG100945,2024-02-06,Casablanca,Settat,Casablanca-Settat,Fromage frais,Camion réfrigéré,75.7,64.1,70.9,70.9,0.0,1,11.57,0.78,25.03,67.07,530.75,0,33.56457,-7.61071,32.99185,-7.67477,32.99185,-7.67477
CPG100946,2024-12-11,Casablanca,Fès,Fès-Meknès,Yaourt,Camionnette réfrigérée,315.0,54.6,280.8,346.4,65.6,0,7.96,0.77,58.05,155.57,1112.44,0,33.57529,-7.58381,34.05511,-5.0,34.05511,-5.0
CPG100947,2024-12-18,Marrakech,Essaouira,Marrakech-Safi,Fromage frais,Camion réfrigéré,222.4,50.5,243.6,264.3,20.7,0,4.56,0.55,73.24,196.28,1139.06,0,31.65163,-7.98653,31.46967,-9.78207,31.46967,-9.78207
CPG100948,2024-05-23,Agadir,Taroudant,Souss-Massa,Beurre,Camion réfrigéré,91.3,33.9,73.8,161.8,88.0,0,7.16,0.8,27.39,73.41,633.29,0,30.43456,-9.5558,30.43458,-8.88802,30.43458,-8.88802
CPG100949,2024-02-22,Rabat,Tétouan,Tanger-Tétouan-Al Hoceïma,Lait UHT,Camion standard,264.2,76.7,201.7,206.7,5.0,1,8.35,0.48,64.71,173.42,1193.62,0,34.01389,-6.82696,35.60798,-5.37485,35.60798,-5.37485
CPG100950,2024-08-02,Agadir,Taroudant,Souss-Massa,Yaourt,Camion réfrigéré,84.6,73.1,68.3,69.5,1.1,1,2.29,0.59,25.28,67.74,510.81,0,30.44385,-9.60465,30.49114,-8.85957,30.49114,-8.85957
CPG100951,2024-08-28,Casablanca,Tétouan,Tanger-Tétouan-Al Hoceïma,Crème fraîche,Camion standard,368.3,71.0,307.0,311.4,4.4,1,4.61,0.65,89.63,240.22,1482.11,0,33.55934,-7.54538,35.55253,-5.39591,35.55253,-5.39591
CPG100952,2024-12-04,Agadir,Casablanca,Casablanca-Settat,Beurre,Camionnette réfrigérée,433.2,73.6,335.1,353.3,18.2,1,9.7,0.7,78.03,209.12,1474.93,0,30.4299,-9.6082,33.56772,-7.61462,33.56772,-7.61462
CPG100953,2024-02-29,Rabat,Safi,Marrakech-Safi,Yaourt,Camion réfrigéré,377.0,66.1,332.7,342.2,9.5,1,5.9,0.66,133.16,356.87,2153.5,0,34.00552,-6.85082,32.2982,-9.25854,32.2982,-9.25854
CPG100954,2024-01-07,Marrakech,Rabat,Rabat-Salé-Kénitra,Lait UHT,Camion standard,350.0,57.5,332.8,365.0,32.3,0,9.37,0.51,100.88,270.37,1297.14,0,31.59745,-7.98476,33.99958,-6.79516,33.99958,-6.79516
CPG100955,2024-03-19,Marrakech,Casablanca,Casablanca-Settat,Fromage frais,Camionnette réfrigérée,247.3,41.2,349.5,359.8,10.3,1,9.61,0.58,40.91,109.63,1011.01,0,31.63143,-7.98688,33.59999,-7.51079,33.59999,-7.51079
CPG100956,2024-11-24,Marrakech,Laâyoune,Laâyoune-Sakia El Hamra,Crème fraîche,Camion réfrigéré,857.4,79.4,637.7,647.8,10.1,1,2.97,0.57,272.53,730.37,4293.18,0,31.6329,-7.97894,27.1067,-13.13101,27.1067,-13.13101
CPG100957,2024-06-06,Marrakech,Settat,Casablanca-Settat,Fromage frais,Camion standard,171.8,62.6,123.6,164.8,41.1,0,5.76,0.71,43.53,116.67,809.32,0,31.6299,-8.0043,33.0093,-7.61068,33.0093,-7.61068
CPG100958,2024-02-20,Tadla (Fkih Ben Salah),Essaouira,Marrakech-Safi,Crème fraîche,Camion réfrigéré,378.3,55.7,407.6,407.6,0.0,1,3.78,0.91,136.54,365.93,1899.12,0,32.4831,-6.6948,31.49963,-9.73547,31.49963,-9.73547
CPG100959,2024-11-14,Casablanca,Essaouira,Marrakech-Safi,Lait UHT,Camion réfrigéré,335.1,71.2,276.6,282.3,5.7,1,3.82,0.74,112.56,301.66,1858.8,0,33.58039,-7.58946,31.48187,-9.70776,31.48187,-9.70776
CPG100960,2024-03-22,Marrakech,Fès,Fès-Meknès,Lait UHT,Camionnette réfrigérée,506.4,55.5,545.2,547.2,2.0,1,8.55,0.78,83.38,223.46,1815.27,0,31.63133,-7.98614,34.01126,-5.01394,34.01126,-5.01394
CPG100961,2024-06-18,Casablanca,Laâyoune,Laâyoune-Sakia El Hamra,Fromage frais,Camion réfrigéré,1117.3,64.7,976.9,1036.6,59.7,0,8.3,0.84,333.04,892.55,5259.57,0,33.55937,-7.60906,27.09696,-13.13225,27.09696,-13.13225
CPG100962,2024-09-26,Rabat,Tétouan,Tanger-Tétouan-Al Hoceïma,Lait UHT,Camion réfrigéré,249.8,67.3,197.0,222.9,25.9,0,5.78,0.37,85.25,228.46,1294.79,0,33.99825,-6.84581,35.55017,-5.35102,35.55017,-5.35102
CPG100963,2024-01-17,Casablanca,Meknès,Fès-Meknès,Beurre,Camion standard,235.4,78.7,175.7,179.5,3.7,1,6.38,0.56,59.54,159.57,895.32,0,33.58234,-7.59479,33.87997,-5.50123,33.87997,-5.50123
CPG100964,2024-05-30,Agadir,Tanger,Tanger-Tétouan-Al Hoceïma,Lait UHT,Camionnette réfrigérée,928.6,55.3,993.4,1007.1,13.7,1,8.41,0.62,170.56,457.09,2890.04,0,30.41792,-9.60351,35.74429,-5.83558,35.74429,-5.83558
CPG100965,2024-05-27,Rabat,Oujda,Oriental,Crème fraîche,Camion réfrigéré,559.7,68.8,472.5,488.2,15.7,1,2.96,0.97,162.09,434.41,2686.98,0,34.02591,-6.82041,34.71344,-1.85672,34.71344,-1.85672
CPG100966,2024-02-16,Marrakech,Tétouan,Tanger-Tétouan-Al Hoceïma,Lait pasteurisé,Camion réfrigéré,646.4,52.9,647.4,733.4,86.0,0,7.35,0.77,221.44,593.47,2989.21,0,31.606,-7.98829,35.54889,-5.35678,35.54889,-5.35678
CPG100967,2024-02-05,Marrakech,Laâyoune,Laâyoune-Sakia El Hamra,Lben,Camion réfrigéré,927.3,65.8,764.2,846.0,81.8,0,6.69,0.4,267.31,716.38,4690.36,0,31.66129,-7.97676,27.0525,-13.09983,27.0525,-13.09983
CPG100968,2024-12-19,Rabat,Tétouan,Tanger-Tétouan-Al Hoceïma,Yaourt,Camion réfrigéré,284.5,70.4,242.4,242.4,0.0,1,11.0,0.47,88.53,237.27,1782.45,0,34.01526,-6.84684,35.61266,-5.39912,35.61266,-5.39912
CPG100969,2024-05-19,Marrakech,Tanger,Tanger-Tétouan-Al Hoceïma,Lait pasteurisé,Camionnette réfrigérée,540.8,57.6,536.9,563.8,26.9,0,0.2,0.78,89.16,238.95,1861.51,0,31.62174,-8.00781,35.7724,-5.85605,35.7724,-5.85605
CPG100970,2024-01-20,Casablanca,Khouribga,Béni Mellal-Khénifra,Fromage frais,Camion réfrigéré,107.2,63.3,71.2,101.6,30.4,0,9.2,0.35,37.71,101.07,699.24,0,33.60809,-7.56222,32.93344,-6.86921,32.93344,-6.86921
CPG100971,2024-09-18,Casablanca,Béni Mellal,Béni Mellal-Khénifra,Fromage frais,Camion standard,196.7,78.6,150.1,150.1,0.0,1,8.27,0.77,57.44,153.94,827.99,0,33.62002,-7.57567,32.3571,-6.313,32.3571,-6.313
CPG100972,2024-01-17,Rabat,Rabat,Rabat-Salé-Kénitra,Lait UHT,Camion standard,5.0,7.2,4.3,41.8,37.5,0,8.31,0.59,1.3,3.48,143.04,0,34.0407,-6.83453,34.02716,-6.8555,34.02716,-6.8555
CPG100973,2024-01-26,Rabat,Safi,Marrakech-Safi,Lait UHT,Camionnette réfrigérée,387.5,44.4,523.4,523.4,0.0,1,8.98,0.54,71.58,191.83,1330.63,0,34.00312,-6.86867,32.30853,-9.22921,32.30853,-9.22921
CPG100974,2024-08-07,Rabat,Rabat,Rabat-Salé-Kénitra,Fromage frais,Camion réfrigéré,5.0,72.2,4.2,4.2,0.0,1,9.24,0.71,1.78,4.76,165.5,0,34.01404,-6.82094,34.06948,-6.84827,34.06948,-6.84827
CPG100975,2024-09-16,Casablanca,Oujda,Oriental,Lait UHT,Camion standard,661.6,79.1,481.2,502.1,21.0,0,7.87,0.93,189.11,506.81,2881.96,0,33.57136,-7.61346,34.67777,-1.89331,34.67777,-1.89331
CPG100976,2024-03-17,Marrakech,Marrakech,Marrakech-Safi,Fromage frais,Camion standard,5.0,57.1,5.3,5.3,0.0,1,8.37,0.71,1.31,3.51,146.03,0,31.67037,-7.95435,31.65914,-8.00566,31.65914,-8.00566
CPG100977,2024-06-20,Casablanca,Salé,Rabat-Salé-Kénitra,Lait UHT,Camion réfrigéré,104.2,27.7,103.3,225.9,122.7,0,9.2,0.56,35.66,95.58,641.99,0,33.5611,-7.56368,34.09484,-6.79383,34.09484,-6.79383
CPG100978,2024-06-13,Rabat,Taroudant,Souss-Massa,Lait pasteurisé,Camion réfrigéré,517.2,61.8,486.7,502.5,15.7,1,9.61,0.73,186.64,500.21,2614.47,0,34.01931,-6.82051,30.45411,-8.86531,30.45411,-8.86531
CPG100979,2024-12-04,Rabat,Taroudant,Souss-Massa,Crème fraîche,Camion standard,527.4,73.9,385.0,428.1,43.1,0,2.6,0.46,131.87,353.41,1902.69,0,34.04044,-6.83251,30.51969,-8.85607,30.51969,-8.85607
CPG100980,2024-03-10,Casablanca,Khouribga,Béni Mellal-Khénifra,Lait UHT,Camion standard,114.5,59.4,91.9,115.6,23.7,0,6.52,0.68,32.21,86.31,515.1,0,33.574,-7.58953,32.88024,-6.881,32.88024,-6.881
CPG100981,2024-01-01,Agadir,Rabat,Rabat-Salé-Kénitra,Lait pasteurisé,Camion réfrigéré,500.2,66.0,419.1,454.6,35.5,0,13.8,0.73,181.93,487.57,2397.58,0,30.41603,-9.59519,34.01654,-6.82467,34.01654,-6.82467
CPG100982,2024-12-16,Rabat,Salé,Rabat-Salé-Kénitra,Lait pasteurisé,Camion réfrigéré,6.6,11.6,5.5,33.9,28.4,0,8.58,0.8,2.31,6.2,164.13,0,34.02994,-6.8463,34.06678,-6.80643,34.06678,-6.80643
CPG100983,2024-06-26,Rabat,Marrakech,Marrakech-Safi,Fromage frais,Camion standard,364.4,72.4,261.4,302.1,40.7,0,5.65,0.6,110.75,296.81,1267.1,0,34.01516,-6.83511,31.6102,-8.00347,31.6102,-8.00347
CPG100984,2024-01-11,Rabat,Khouribga,Béni Mellal-Khénifra,Lait pasteurisé,Camion standard,142.6,88.6,96.5,96.5,0.0,1,10.2,0.86,34.7,92.99,652.57,0,34.01683,-6.80564,32.94173,-6.86806,32.94173,-6.86806
CPG100985,2024-02-11,Agadir,Rabat,Rabat-Salé-Kénitra,Lait pasteurisé,Camion réfrigéré,590.9,58.0,512.7,611.3,98.6,0,7.53,0.67,178.17,477.5,2818.33,0,30.43721,-9.58329,34.0135,-6.86459,34.0135,-6.86459
CPG100986,2024-02-08,Rabat,Safi,Marrakech-Safi,Lait UHT,Camion réfrigéré,385.8,80.7,286.8,286.8,0.0,1,0.2,0.82,128.64,344.75,1863.26,0,34.04641,-6.83282,32.25446,-9.31198,32.25446,-9.31198
CPG100987,2024-12-12,Casablanca,Béni Mellal,Béni Mellal-Khénifra,Fromage frais,Camion réfrigéré,219.8,68.2,186.6,193.2,6.6,1,6.51,0.64,65.81,176.37,1161.85,0,33.55354,-7.55468,32.31254,-6.3547,32.31254,-6.3547
CPG100988,2024-04-03,Tadla (Fkih Ben Salah),Marrakech,Marrakech-Safi,Fromage frais,Camion standard,185.2,39.2,235.4,283.1,47.7,0,11.09,0.67,52.59,140.94,951.91,0,32.49954,-6.63992,31.61557,-8.00463,31.61557,-8.00463
CPG100989,2024-04-02,Agadir,Fès,Fès-Meknès,Lait pasteurisé,Camionnette réfrigérée,707.2,52.2,783.6,812.2,28.7,0,4.3,0.5,132.64,355.49,2262.07,0,30.41777,-9.59194,34.00219,-4.97961,34.00219,-4.97961
CPG100990,2024-11-02,Tadla (Fkih Ben Salah),Taroudant,Souss-Massa,Fromage frais,Camion réfrigéré,341.3,81.9,243.8,250.0,6.2,1,5.42,0.89,110.15,295.2,1981.81,0,32.52372,-6.70358,30.42638,-8.85098,30.42638,-8.85098
CPG100991,2024-11-16,Rabat,Béni Mellal,Béni Mellal-Khénifra,Lait pasteurisé,Camion réfrigéré,213.1,65.3,191.3,195.7,4.4,1,5.85,0.52,64.42,172.64,1101.8,0,34.04095,-6.84343,32.32453,-6.3058,32.32453,-6.3058
CPG100992,2024-09-06,Tadla (Fkih Ben Salah),Taroudant,Souss-Massa,Lait pasteurisé,Camion réfrigéré,336.6,81.6,226.4,247.5,21.1,0,6.32,0.76,97.0,259.95,1859.53,0,32.48826,-6.70678,30.46579,-8.89813,30.46579,-8.89813
CPG100993,2024-11-17,Rabat,Rabat,Rabat-Salé-Kénitra,Yaourt,Camion réfrigéré,5.0,6.0,3.9,50.3,46.4,0,9.04,0.69,1.69,4.52,160.19,0,34.06412,-6.83819,33.96174,-6.79672,33.96174,-6.79672
CPG100994,2024-02-06,Casablanca,Laâyoune,Laâyoune-Sakia El Hamra,Lait UHT,Camion standard,1168.3,73.3,932.6,956.7,24.0,0,8.22,0.67,,832.99,3972.88,0,33.55976,-7.64152,27.13743,-13.15563,27.13743,-13.15563
CPG100995,2024-06-22,Casablanca,Oujda,Oriental,Yaourt,Camion standard,575.3,71.7,481.3,481.3,0.0,1,4.2,0.71,163.3,437.65,2144.01,0,33.56129,-7.61908,34.66841,-1.9626,34.66841,-1.9626
CPG100996,2024-06-07,Casablanca,Settat,Casablanca-Settat,Beurre,Camion standard,70.5,65.9,47.7,64.2,16.5,1,3.82,0.65,19.79,53.03,348.65,0,33.58908,-7.63113,33.02762,-7.60676,33.02762,-7.60676
CPG100997,2024-12-30,Rabat,Marrakech,Marrakech-Safi,Beurre,Camionnette réfrigérée,375.6,50.5,391.0,446.5,55.5,0,6.89,0.61,68.16,182.68,1430.2,0,34.01445,-6.82132,31.61398,-7.9531,31.61398,-7.9531
CPG100998,2024-04-05,Marrakech,Nador,Oriental,Lait pasteurisé,Camion réfrigéré,751.3,74.7,576.1,603.2,27.0,0,2.65,0.42,229.8,615.85,3653.83,0,31.65027,-8.02085,35.13414,-2.89117,35.13414,-2.89117
CPG100999,2024-08-30,Agadir,Essaouira,Marrakech-Safi,Lait pasteurisé,Camion standard,153.0,57.0,146.8,161.0,14.2,1,5.77,0.66,46.4,124.36,682.24,0,30.43217,-9.60268,31.49098,-9.72725,31.49098,-9.72725
CPG101000,2024-12-15,Agadir,Safi,Marrakech-Safi,Yaourt,Camionnette réfrigérée,256.9,61.6,217.9,250.2,32.3,0,5.94,0.9,43.93,117.74,809.95,0,30.42394,-9.57459,32.31246,-9.23929,32.31246,-9.23929
CPG101001,2024-07-17,Agadir,Tétouan,Tanger-Tétouan-Al Hoceïma,Lben,Camion réfrigéré,829.1,72.7,637.5,683.9,46.3,0,2.55,0.97,285.35,764.73,3666.62,0,30.41248,-9.619,35.63024,-5.3456,35.63024,-5.3456
CPG101002,2024-02-02,Marrakech,Essaouira,Marrakech-Safi,Yaourt,Camion réfrigéré,227.7,54.9,230.1,248.7,18.6,1,0.2,1.0,74.07,198.5,1164.11,0,31.57986,-7.99799,31.5126,-9.79839,31.5126,-9.79839
CPG101003,2024-03-01,Marrakech,Taroudant,Souss-Massa,Yaourt,Camion réfrigéré,196.5,80.5,146.4,146.5,0.0,1,4.46,0.66,62.33,167.05,1166.84,0,31.62725,-7.97306,30.47306,-8.86325,30.47306,-8.86325
CPG101004,2024-03-27,Casablanca,Casablanca,Casablanca-Settat,Lait pasteurisé,Camion réfrigéré,5.0,11.0,4.8,27.2,22.4,0,8.81,0.66,1.53,4.1,159.48,0,33.58422,-7.58031,33.57484,-7.58861,33.57484,-7.58861
CPG101005,2024-04-19,Agadir,Marrakech,Marrakech-Safi,Lben,Camion réfrigéré,230.4,78.3,171.1,176.6,5.6,1,10.01,0.85,67.21,180.12,1245.02,0,30.44275,-9.5965,31.56624,-7.9993,31.56624,-7.9993
CPG101006,2024-07-03,Rabat,Oujda,Oriental,Yaourt,Camion standard,586.5,76.9,457.4,457.4,0.0,1,5.11,0.81,150.92,404.48,2472.52,0,33.99448,-6.82608,34.67259,-1.9321,34.67259,-1.9321
CPG101007,2024-06-22,Rabat,Agadir,Souss-Massa,Yaourt,Camion réfrigéré,533.8,70.5,445.4,454.6,9.2,1,4.15,0.78,163.66,438.61,2706.33,0,34.03787,-6.80516,30.45104,-9.65362,30.45104,-9.65362
CPG101008,2024-02-25,Tadla (Fkih Ben Salah),Meknès,Fès-Meknès,Beurre,Camion réfrigéré,232.8,65.0,174.1,215.0,40.9,0,5.5,0.68,76.95,206.23,1339.54,0,32.50659,-6.69172,33.85448,-5.56229,33.85448,-5.56229
CPG101009,2024-01-29,Rabat,Agadir,Souss-Massa,Lait pasteurisé,Camion standard,532.8,71.2,432.1,448.9,16.9,1,1.79,0.73,158.84,425.68,1758.13,0,33.97857,-6.84515,30.38758,-9.58498,30.38758,-9.58498
CPG101010,2024-07-13,Marrakech,Settat,Casablanca-Settat,Crème fraîche,Camionnette réfrigérée,200.3,53.3,187.4,225.3,37.9,0,7.1,0.69,33.82,90.64,755.14,0,31.65373,-7.96269,33.05544,-7.59889,33.05544,-7.59889
CPG101011,2024-07-15,Tadla (Fkih Ben Salah),Settat,Casablanca-Settat,Crème fraîche,Camion réfrigéré,129.8,65.9,113.7,118.1,4.5,1,2.14,0.61,47.26,126.65,620.89,0,32.47761,-6.69849,33.00223,-7.61964,33.00223,-7.61964
CPG101012,2024-02-03,Casablanca,Meknès,Fès-Meknès,Fromage frais,Camion standard,238.1,65.3,180.5,218.7,38.2,0,1.73,0.82,64.56,173.01,926.3,0,33.57864,-7.59117,33.93084,-5.57515,33.93084,-5.57515
CPG101013,2024-05-07,Agadir,Casablanca,Casablanca-Settat,Yaourt,Camion réfrigéré,532.4,70.6,438.5,452.8,14.2,1,4.6,0.54,194.5,521.25,2543.55,0,30.44711,-9.63016,33.62253,-7.60737,33.62253,-7.60737
CPG101014,2024-03-25,Tadla (Fkih Ben Salah),Salé,Rabat-Salé-Kénitra,Lait UHT,Camion réfrigéré,188.4,53.2,178.6,212.3,33.7,0,1.11,0.72,68.79,184.36,1034.55,1,32.49636,-6.68001,34.04267,-6.78829,34.04267,-6.78829
CPG101015,2024-12-27,Agadir,Taroudant,Souss-Massa,Yaourt,Camionnette réfrigérée,85.4,24.2,91.7,211.7,120.0,0,7.63,0.8,15.03,40.27,356.78,0,30.40661,-9.59107,30.5054,-8.88847,30.5054,-8.88847
CPG101016,2024-09-03,Casablanca,Taroudant,Souss-Massa,Lben,Camionnette réfrigérée,450.0,54.6,386.9,494.3,107.4,0,6.72,0.68,79.52,213.1,1367.7,0,33.56265,-7.58498,30.46902,-8.87756,30.46902,-8.87756
CPG101017,2024-11-11,Marrakech,Nador,Oriental,Lait UHT,Camion standard,668.7,75.0,466.7,535.3,68.5,0,3.65,1.0,178.75,479.06,2846.14,0,31.6179,-7.96961,35.16873,-2.89717,35.16873,-2.89717
CPG101018,2024-12-10,Agadir,Settat,Casablanca-Settat,Yaourt,Camion réfrigéré,447.7,63.0,426.2,426.3,0.1,1,5.83,0.77,160.81,430.98,2558.24,0,30.45395,-9.5928,33.01425,-7.57113,33.01425,-7.57113
CPG101019,2024-11-05,Marrakech,Essaouira,Marrakech-Safi,Lait pasteurisé,Camionnette réfrigérée,211.2,59.9,157.7,211.7,54.0,0,7.92,0.73,42.48,113.85,814.28,0,31.64212,-7.9548,31.51762,-9.72148,31.51762,-9.72148
CPG101020,2024-07-20,Marrakech,Settat,Casablanca-Settat,Yaourt,Camion standard,168.7,36.1,146.4,280.6,134.2,0,5.44,0.45,43.11,115.52,642.67,0,31.62567,-7.96298,33.02863,-7.61109,33.02863,-7.61109
CPG101021,2024-10-26,Rabat,Khouribga,Béni Mellal-Khénifra,Beurre,Camion réfrigéré,161.1,37.9,145.6,254.8,109.2,0,7.65,0.48,51.38,137.71,915.53,0,33.9926,-6.84877,32.8338,-6.90953,32.8338,-6.90953
CPG101022,2024-11-26,Agadir,Meknès,Fès-Meknès,Lben,Camion standard,666.7,72.4,521.8,552.8,31.0,0,7.56,0.5,195.97,525.19,2727.57,0,30.43899,-9.59345,33.85681,-5.52276,33.85681,-5.52276
CPG101023,2024-05-29,Tadla (Fkih Ben Salah),Salé,Rabat-Salé-Kénitra,Lait pasteurisé,Camion standard,203.4,59.2,179.6,206.1,26.4,0,10.48,0.89,57.61,154.39,999.37,0,32.49454,-6.69936,34.05297,-6.84086,34.05297,-6.84086
CPG101024,2024-10-18,Tadla (Fkih Ben Salah),Settat,Casablanca-Settat,Lait UHT,Camion réfrigéré,116.7,55.5,126.2,126.2,0.0,1,12.84,0.71,38.39,102.88,747.57,0,32.52798,-6.70541,33.02042,-7.58005,33.02042,-7.58005
CPG101025,2024-07-15,Rabat,Rabat,Rabat-Salé-Kénitra,Lait UHT,Camion réfrigéré,5.0,46.3,4.0,6.5,2.5,1,2.93,0.78,1.47,3.95,71.24,0,34.03574,-6.82303,33.99553,-6.84442,33.99553,-6.84442
CPG101026,2024-08-18,Tadla (Fkih Ben Salah),Khouribga,Béni Mellal-Khénifra,Lait UHT,Camion réfrigéré,51.3,78.7,35.8,39.1,3.3,1,9.13,0.84,18.0,48.25,413.4,0,32.47996,-6.71559,32.8506,-6.84463,32.8506,-6.84463
CPG101027,2024-04-13,Marrakech,Essaouira,Marrakech-Safi,Beurre,Camion standard,217.7,62.9,162.0,207.7,45.7,0,8.25,0.47,65.17,174.65,1028.31,0,31.60762,-7.9971,31.5117,-9.71005,31.5117,-9.71005
CPG101028,2024-12-18,Rabat,Essaouira,Marrakech-Safi,Yaourt,Camion réfrigéré,452.4,58.9,365.7,460.5,94.8,0,6.82,0.68,145.07,388.79,2083.17,1,34.02374,-6.84739,31.50624,-9.74489,31.50624,-9.74489
CPG101029,2024-02-07,Rabat,Settat,Casablanca-Settat,Lait pasteurisé,Camion standard,141.5,68.1,109.0,124.6,15.6,1,5.97,0.67,36.59,98.06,683.81,0,34.01328,-6.83095,33.03051,-7.59714,33.03051,-7.59714
CPG101030,2024-09-01,Tadla (Fkih Ben Salah),Oujda,Oriental,Lait UHT,Camionnette réfrigérée,648.2,40.2,951.2,966.9,15.7,1,6.17,0.6,107.33,287.65,2105.13,0,32.53538,-6.71009,34.69707,-1.90657,34.69707,-1.90657
CPG101031,2024-08-21,Marrakech,Tanger,Tanger-Tétouan-Al Hoceïma,Yaourt,Camion réfrigéré,529.6,53.0,597.2,599.2,2.0,1,5.06,0.62,191.74,513.86,2582.51,0,31.62561,-8.00312,35.69472,-5.82543,35.69472,-5.82543
CPG101032,2024-05-10,Marrakech,Kénitra,Rabat-Salé-Kénitra,Yaourt,Camion réfrigéré,383.7,71.9,306.1,320.1,14.0,1,3.53,0.58,132.5,355.09,1918.85,0,31.61905,-7.99293,34.24131,-6.61304,34.24131,-6.61304
CPG101033,2024-09-05,Casablanca,Safi,Marrakech-Safi,Lait pasteurisé,Camion réfrigéré,234.4,74.8,173.7,187.9,14.2,1,4.23,0.56,74.63,200.01,1338.33,0,33.57953,-7.58568,32.27427,-9.26316,32.27427,-9.26316
CPG101034,2024-08-22,Agadir,Meknès,Fès-Meknès,Crème fraîche,Camion réfrigéré,626.2,73.4,442.1,512.2,70.1,0,8.27,0.95,217.02,581.62,2945.86,0,30.43823,-9.64984,33.85866,-5.53996,33.85866,-5.53996
CPG101035,2024-09-29,Agadir,Fès,Fès-Meknès,Lait pasteurisé,Camion réfrigéré,660.8,80.8,467.9,490.8,23.0,0,7.95,0.57,208.82,559.63,2980.08,0,30.4206,-9.60368,34.00608,-5.06226,34.00608,-5.06226
CPG101036,2024-12-20,Marrakech,Agadir,Souss-Massa,Yaourt,Camion réfrigéré,239.0,78.9,176.1,181.7,5.6,1,0.99,0.71,77.91,208.79,1152.4,0,31.59163,-7.98558,30.46655,-9.61012,30.46655,-9.61012
CPG101037,2024-06-26,Rabat,Fès,Fès-Meknès,Lait pasteurisé,Camion standard,214.7,77.5,146.4,166.1,19.7,1,4.77,0.82,58.67,157.25,840.9,1,33.99809,-6.83384,34.0593,-5.0438,34.0593,-5.0438
CPG101038,2024-08-20,Agadir,Casablanca,Casablanca-Settat,Lait UHT,Camion standard,489.8,64.2,420.8,457.5,36.7,0,7.58,0.91,141.21,378.44,1819.5,0,30.39777,-9.56318,33.51968,-7.65732,33.51968,-7.65732
CPG101039,2024-01-08,Agadir,Khouribga,Béni Mellal-Khénifra,Lait UHT,Camion réfrigéré,492.9,72.4,408.5,408.5,0.0,1,4.33,0.59,173.66,465.42,2784.75,0,30.41166,-9.61644,32.86798,-6.93239,32.86798,-6.93239
CPG101040,2024-11-12,Agadir,Marrakech,Marrakech-Safi,Yaourt,Camionnette réfrigérée,243.4,50.0,290.2,292.3,2.1,1,6.01,1.0,47.34,126.87,853.83,0,30.44517,-9.58576,31.65051,-7.95151,31.65051,-7.95151
CPG101041,2024-08-15,Casablanca,Safi,Marrakech-Safi,Fromage frais,Camion standard,236.2,42.8,237.8,331.3,93.6,0,6.1,0.66,58.95,157.98,1095.77,0,33.579,-7.5898,32.30916,-9.23035,32.30916,-9.23035
CPG101042,2024-01-08,Agadir,Tétouan,Tanger-Tétouan-Al Hoceïma,Crème fraîche,Camion standard,852.9,53.6,877.3,954.9,77.6,0,4.33,0.5,213.01,570.87,3345.94,0,30.40197,-9.59134,35.57584,-5.36365,35.57584,-5.36365
CPG101043,2024-06-27,Casablanca,Kénitra,Rabat-Salé-Kénitra,Fromage frais,Camion standard,160.2,42.8,131.4,224.7,93.3,0,4.97,0.69,41.87,112.22,660.5,0,33.54951,-7.59148,34.28359,-6.56068,34.28359,-6.56068
CPG101044,2024-07-06,Casablanca,Tanger,Tanger-Tétouan-Al Hoceïma,Yaourt,Camion réfrigéré,380.7,66.4,329.3,343.8,14.5,1,10.22,0.77,126.94,340.2,2192.46,0,33.57023,-7.55564,35.77141,-5.85627,35.77141,-5.85627
CPG101045,2024-05-14,Marrakech,Safi,Marrakech-Safi,Lait UHT,Camion standard,183.6,64.7,159.8,170.2,10.3,1,5.65,0.75,53.25,142.7,697.86,0,31.622,-7.94325,32.27452,-9.19296,32.27452,-9.19296
CPG101046,2024-10-26,Agadir,Settat,Casablanca-Settat,Fromage frais,Camion standard,371.2,69.6,310.6,320.0,9.4,1,8.66,0.73,114.93,308.02,1424.68,0,30.44161,-9.63608,32.98533,-7.57251,32.98533,-7.57251
CPG101047,2024-09-17,Marrakech,Fès,Fès-Meknès,Crème fraîche,Camion réfrigéré,413.9,71.1,335.2,349.4,14.2,1,6.37,0.77,151.18,405.17,2425.37,1,31.63751,-7.97156,33.96665,-5.01561,33.96665,-5.01561
CPG101048,2024-02-27,Agadir,El Jadida,Casablanca-Settat,Lait pasteurisé,Camion standard,413.4,80.0,289.7,310.2,20.5,0,5.82,0.72,123.06,329.79,1571.21,0,30.43804,-9.58872,33.27599,-8.52274,33.27599,-8.52274
CPG101049,2024-05-02,Marrakech,Kénitra,Rabat-Salé-Kénitra,Lait pasteurisé,Camion réfrigéré,396.7,62.0,351.4,384.1,32.7,0,6.22,0.9,133.33,357.32,2165.71,0,31.64615,-7.94393,34.2846,-6.61093,34.2846,-6.61093
CPG101050,2024-05-27,Tadla (Fkih Ben Salah),Khouribga,Béni Mellal-Khénifra,Yaourt,Camion réfrigéré,58.9,49.9,50.5,70.8,20.3,0,10.98,0.68,18.05,48.37,503.56,0,32.54286,-6.7,32.85582,-6.903,32.85582,-6.903
CPG101051,2024-01-23,Tadla (Fkih Ben Salah),Kénitra,Rabat-Salé-Kénitra,Yaourt,Camion réfrigéré,224.1,53.6,233.6,250.9,17.2,1,8.03,0.59,81.09,217.32,1173.26,0,32.50127,-6.70296,34.27266,-6.61311,34.27266,-6.61311
CPG101052,2024-03-09,Rabat,Oujda,Oriental,Crème fraîche,Camion standard,616.2,77.4,468.9,477.5,8.5,1,4.24,0.71,174.12,466.63,2409.63,0,34.02543,-6.82597,34.75819,-1.93136,34.75819,-1.93136
CPG101053,2024-10-24,Casablanca,Tétouan,Tanger-Tétouan-Al Hoceïma,Lait pasteurisé,Camion réfrigéré,356.1,50.7,399.4,421.4,22.1,0,7.37,0.72,125.05,335.12,2057.22,0,33.56818,-7.56016,35.57274,-5.40675,35.57274,-5.40675
CPG101054,2024-08-06,Casablanca,Agadir,Souss-Massa,Fromage frais,Camion réfrigéré,452.7,47.1,519.3,576.7,57.4,0,7.9,0.83,160.5,430.14,2224.66,0,33.56299,-7.57601,30.40685,-9.60969,30.40685,-9.60969
CPG101055,2024-10-27,Marrakech,Nador,Oriental,Yaourt,Camion standard,660.8,61.2,632.2,648.2,16.1,1,9.27,0.76,202.71,543.26,2754.72,0,31.6227,-7.99295,35.20854,-2.97389,35.20854,-2.97389
CPG101056,2024-12-23,Rabat,Taroudant,Souss-Massa,Fromage frais,Camionnette réfrigérée,568.1,50.7,657.6,672.3,14.8,1,1.72,0.58,110.44,295.99,1876.39,0,34.02108,-6.85076,30.51403,-8.87351,30.51403,-8.87351
CPG101057,2024-04-29,Tadla (Fkih Ben Salah),Taroudant,Souss-Massa,Fromage frais,Camion réfrigéré,347.4,60.9,326.3,342.0,15.7,1,7.41,0.91,111.97,300.08,1885.44,0,32.51516,-6.68042,30.4582,-8.91072,30.4582,-8.91072
CPG101058,2024-04-22,Agadir,El Jadida,Casablanca-Settat,Fromage frais,Camionnette réfrigérée,400.6,54.9,412.8,438.0,25.2,0,8.98,0.79,79.76,213.76,1565.32,0,30.43935,-9.60191,33.24749,-8.4535,33.24749,-8.4535
CPG101059,2024-09-14,Marrakech,Oujda,Oriental,Crème fraîche,Camion réfrigéré,874.5,80.5,651.4,651.4,0.0,1,6.72,0.74,283.06,758.59,5071.82,0,31.61807,-7.97838,34.6413,-1.91154,34.6413,-1.91154
CPG101060,2024-06-16,Agadir,Settat,Casablanca-Settat,Crème fraîche,Camionnette réfrigérée,393.7,54.0,429.0,437.1,8.1,1,7.21,0.7,67.76,181.6,1398.97,1,30.39378,-9.62198,32.99055,-7.57641,32.99055,-7.57641
CPG101061,2024-04-19,Marrakech,Casablanca,Casablanca-Settat,Crème fraîche,Camion réfrigéré,275.0,74.9,220.2,220.2,0.0,1,4.86,0.7,85.21,228.37,1266.6,0,31.64402,-7.98329,33.59965,-7.60566,33.59965,-7.60566
CPG101062,2024-10-24,Agadir,Agadir,Souss-Massa,Fromage frais,Camion réfrigéré,5.0,1.9,5.1,155.8,150.7,0,6.61,0.88,1.55,4.16,127.93,0,30.43886,-9.61927,30.39858,-9.578,30.39858,-9.578
CPG101063,2024-12-07,Tadla (Fkih Ben Salah),Marrakech,Marrakech-Safi,Yaourt,Camion réfrigéré,179.8,71.1,151.0,151.6,0.6,1,6.21,0.7,64.78,173.6,894.05,0,32.48331,-6.68333,31.57767,-7.94539,31.57767,-7.94539
CPG101064,2024-07-24,Agadir,Settat,Casablanca-Settat,Fromage frais,Camion standard,387.3,71.0,304.4,327.1,22.7,0,5.5,0.56,105.45,282.61,1704.44,0,30.40091,-9.61271,32.93557,-7.63967,32.93557,-7.63967
CPG101065,2024-07-11,Rabat,Essaouira,Marrakech-Safi,Yaourt,Camion standard,416.2,77.2,323.6,323.6,0.0,1,8.34,0.85,126.36,338.64,1902.07,0,33.99846,-6.84629,31.47834,-9.8055,31.47834,-9.8055
CPG101066,2024-08-21,Casablanca,Safi,Marrakech-Safi,Yaourt,Camionnette réfrigérée,250.6,37.5,358.3,401.3,43.0,0,8.89,0.94,49.38,132.35,862.02,0,33.5935,-7.57563,32.344,-9.24502,32.344,-9.24502
CPG101067,2024-02-09,Marrakech,Casablanca,Casablanca-Settat,Lait UHT,Camion réfrigéré,265.7,73.8,213.1,216.0,2.9,1,9.19,1.0,84.75,227.13,1510.14,0,31.62848,-8.01296,33.58695,-7.57698,33.58695,-7.57698
CPG101068,2024-11-09,Rabat,Nador,Oriental,Fromage frais,Camion standard,406.7,40.3,501.1,605.1,104.1,0,7.61,0.83,114.86,307.81,1741.11,0,34.00257,-6.83518,35.11048,-2.91311,35.11048,-2.91311
CPG101069,2024-11-06,Tadla (Fkih Ben Salah),Laâyoune,Laâyoune-Sakia El Hamra,Yaourt,Camion réfrigéré,951.3,54.2,955.0,1052.6,97.7,0,5.8,0.49,325.76,873.03,4226.09,0,32.48345,-6.6707,27.1207,-13.19924,27.1207,-13.19924
CPG101070,2024-05-12,Casablanca,Settat,Casablanca-Settat,Crème fraîche,Camion standard,70.6,47.0,58.9,90.2,31.2,0,3.84,0.71,20.84,55.84,338.23,0,33.59125,-7.56699,32.96204,-7.60751,32.96204,-7.60751
CPG101071,2024-04-05,Rabat,Salé,Rabat-Salé-Kénitra,Lait pasteurisé,Camion standard,6.5,17.4,6.4,22.5,16.1,1,6.9,0.7,2.0,5.35,124.86,0,34.03274,-6.81688,33.97716,-6.79374,33.97716,-6.79374
CPG101072,2024-06-12,Casablanca,Béni Mellal,Béni Mellal-Khénifra,Lait UHT,Camion standard,196.8,64.0,181.5,184.5,3.0,1,7.96,0.74,50.04,134.12,851.89,0,33.55516,-7.57379,32.30916,-6.34465,32.30916,-6.34465
CPG101073,2024-02-09,Casablanca,Marrakech,Marrakech-Safi,Fromage frais,Camion réfrigéré,238.2,53.7,254.1,266.1,12.0,1,13.31,0.83,75.14,201.38,1402.33,0,33.56919,-7.59849,31.61594,-8.01324,31.61594,-8.01324
CPG101074,2024-11-04,Rabat,Tétouan,Tanger-Tétouan-Al Hoceïma,Yaourt,Camion réfrigéré,288.7,66.5,245.9,260.4,14.6,1,10.28,0.69,96.05,257.42,1721.77,0,34.03196,-6.85113,35.59261,-5.43654,35.59261,-5.43654
CPG101075,2024-01-07,Agadir,Agadir,Souss-Massa,Lait UHT,Camion réfrigéré,5.0,59.6,3.4,5.0,1.6,1,10.3,0.52,1.7,4.57,179.77,0,30.43815,-9.56559,30.40988,-9.57797,30.40988,-9.57797
CPG101076,2024-06-09,Agadir,Tétouan,Tanger-Tétouan-Al Hoceïma,Beurre,Camion standard,868.3,72.0,655.5,723.9,68.3,0,9.65,0.63,228.79,613.17,3633.11,0,30.43366,-9.57473,35.59986,-5.4096,35.59986,-5.4096
CPG101077,2024-11-02,Tadla (Fkih Ben Salah),Marrakech,Marrakech-Safi,Lait UHT,Camion standard,183.0,63.1,159.6,174.0,14.3,1,10.16,0.89,48.38,129.67,833.16,0,32.47794,-6.71028,31.6065,-7.96499,31.6065,-7.96499
CPG101078,2024-11-30,Casablanca,Tanger,Tanger-Tétouan-Al Hoceïma,Crème fraîche,Camion réfrigéré,372.5,45.8,367.0,488.2,121.2,0,6.9,0.71,120.32,322.47,2106.28,1,33.58766,-7.57489,35.79438,-5.83361,35.79438,-5.83361
CPG101079,2024-07-31,Tadla (Fkih Ben Salah),Béni Mellal,Béni Mellal-Khénifra,Fromage frais,Camion réfrigéré,42.4,37.2,34.8,68.3,33.4,0,4.86,0.57,12.82,34.36,285.54,0,32.52764,-6.65888,32.29434,-6.32188,32.29434,-6.32188
CPG101080,2024-06-30,Casablanca,Tanger,Tanger-Tétouan-Al Hoceïma,Fromage frais,Camion réfrigéré,360.2,73.1,277.1,295.9,18.8,1,7.84,0.38,114.18,305.99,2004.28,0,33.56896,-7.6083,35.77651,-5.82441,35.77651,-5.82441
CPG101081,2024-01-27,Casablanca,Meknès,Fès-Meknès,Lait UHT,Camionnette réfrigérée,220.0,55.7,236.9,236.9,0.0,1,7.14,0.69,42.53,113.99,804.98,0,33.55985,-7.60613,33.87383,-5.55824,33.87383,-5.55824
CPG101082,2024-02-04,Rabat,Nador,Oriental,Lait UHT,Camion standard,494.6,52.4,451.7,566.7,114.9,0,8.83,0.73,143.32,384.1,2190.16,0,34.02931,-6.80218,35.16187,-2.87843,35.16187,-2.87843
CPG101083,2024-05-12,Casablanca,Nador,Oriental,Fromage frais,Camion standard,610.5,53.8,663.1,681.2,18.1,1,7.65,0.89,183.07,490.62,2410.25,0,33.56979,-7.55414,35.19742,-2.93125,35.19742,-2.93125
CPG101084,2024-05-11,Agadir,Tétouan,Tanger-Tétouan-Al Hoceïma,Lait pasteurisé,Camion standard,917.5,73.7,747.0,747.0,0.0,1,9.4,0.83,253.39,679.1,3985.1,0,30.42939,-9.6102,35.56123,-5.35422,35.56123,-5.35422
CPG101085,2024-10-13,Rabat,Settat,Casablanca-Settat,Beurre,Camionnette réfrigérée,157.2,54.3,139.3,173.8,34.4,0,12.16,1.0,29.22,78.31,665.03,0,34.00543,-6.85308,32.99405,-7.59802,32.99405,-7.59802
CPG101086,2024-10-20,Marrakech,Fès,Fès-Meknès,Beurre,Camion réfrigéré,514.2,78.9,372.6,391.1,18.5,1,7.26,0.78,188.33,504.73,2573.67,0,31.64062,-7.9727,33.99977,-5.00927,33.99977,-5.00927
CPG101087,2024-05-06,Casablanca,El Jadida,Casablanca-Settat,Beurre,Camion réfrigéré,106.8,81.9,78.3,78.3,0.0,1,2.87,0.8,36.55,97.96,540.86,0,33.59172,-7.60298,33.21824,-8.47903,33.21824,-8.47903
CPG101088,2024-07-03,Marrakech,Taroudant,Souss-Massa,Lait UHT,Camion réfrigéré,190.1,63.6,179.3,179.3,0.0,1,6.66,0.87,60.69,162.64,976.36,1,31.61757,-7.97079,30.53623,-8.9082,30.53623,-8.9082
CPG101089,2024-07-07,Tadla (Fkih Ben Salah),Tanger,Tanger-Tétouan-Al Hoceïma,Lait pasteurisé,Camion réfrigéré,461.7,50.1,447.6,553.2,105.6,0,5.24,0.91,135.8,363.94,2564.22,0,32.49704,-6.70858,35.78037,-5.80302,35.78037,-5.80302
CPG101090,2024-10-24,Agadir,Kénitra,Rabat-Salé-Kénitra,Yaourt,Camion réfrigéré,626.3,68.3,550.5,550.5,0.0,1,4.95,1.0,194.19,520.42,2903.33,1,30.42254,-9.58097,34.25774,-6.57206,34.25774,-6.57206
CPG101091,2024-08-04,Rabat,Meknès,Fès-Meknès,Lait pasteurisé,Camionnette réfrigérée,146.0,26.9,189.7,325.4,135.7,0,11.73,0.92,25.03,67.08,605.71,0,34.01664,-6.83861,33.89993,-5.55526,33.89993,-5.55526
CPG101092,2024-01-10,Tadla (Fkih Ben Salah),Oujda,Oriental,Lait UHT,Camion réfrigéré,596.1,62.9,568.6,568.6,0.0,1,2.78,0.58,189.2,507.05,3444.0,1,32.48859,-6.69079,34.72852,-1.88436,34.72852,-1.88436
CPG101093,2024-01-01,Rabat,Kénitra,Rabat-Salé-Kénitra,Yaourt,Camion standard,45.6,61.6,37.5,44.4,6.9,1,12.47,0.76,12.67,33.97,354.12,0,34.04839,-6.83451,34.22524,-6.51366,34.22524,-6.51366
CPG101094,2024-09-24,Marrakech,Taroudant,Souss-Massa,Lait pasteurisé,Camion réfrigéré,199.9,77.9,154.0,154.0,0.0,1,4.07,0.75,70.09,187.85,1091.29,0,31.64762,-7.9658,30.4606,-8.85571,30.4606,-8.85571
CPG101095,2024-08-10,Rabat,Salé,Rabat-Salé-Kénitra,Crème fraîche,Camion standard,7.0,3.9,7.7,109.6,101.8,0,4.86,1.0,1.9,5.09,102.96,0,34.07946,-6.82141,34.00282,-6.83447,34.00282,-6.83447
CPG101096,2024-07-30,Tadla (Fkih Ben Salah),Béni Mellal,Béni Mellal-Khénifra,Crème fraîche,Camion standard,39.0,46.5,30.5,50.3,19.7,1,6.74,0.4,10.66,28.58,244.72,0,32.50887,-6.71574,32.32298,-6.31239,32.32298,-6.31239
CPG101097,2024-02-02,Agadir,Casablanca,Casablanca-Settat,Yaourt,Camion réfrigéré,509.1,73.4,391.7,415.9,24.3,0,9.2,0.6,151.71,406.59,2656.97,0,30.43423,-9.57916,33.60824,-7.57449,33.60824,-7.57449
CPG101098,2024-02-09,Agadir,Safi,Marrakech-Safi,Crème fraîche,Camion standard,275.7,56.7,218.8,291.6,72.8,0,8.21,0.73,74.07,198.5,1306.69,0,30.44052,-9.63502,32.31242,-9.26863,32.31242,-9.26863
CPG101099,2024-08-04,Rabat,Tétouan,Tanger-Tétouan-Al Hoceïma,Lait UHT,Camion réfrigéré,270.7,65.8,246.7,247.0,0.2,1,6.38,0.61,83.66,224.21,1364.0,0,34.02584,-6.84826,35.58807,-5.35847,35.58807,-5.35847
CPG101100,2024-06-03,Casablanca,Laâyoune,Laâyoune-Sakia El Hamra,Crème fraîche,Camion réfrigéré,1091.4,64.6,990.5,1014.1,23.6,0,1.15,0.49,320.68,859.41,4894.25,0,33.56031,-7.60787,27.10114,-13.14074,27.10114,-13.14074
CPG101101,2024-12-18,Tadla (Fkih Ben Salah),Tanger,Tanger-Tétouan-Al Hoceïma,Lait UHT,Camion réfrigéré,437.9,80.5,314.6,326.4,11.9,1,10.28,0.8,128.97,345.64,2673.2,0,32.49644,-6.68371,35.73363,-5.78661,35.73363,-5.78661
CPG101102,2024-02-12,Agadir,Essaouira,Marrakech-Safi,Yaourt,Camion standard,160.1,75.1,127.9,127.9,0.0,1,5.67,0.57,41.37,110.87,755.89,0,30.41553,-9.60082,31.54982,-9.74489,31.54982,-9.74489
CPG101103,2024-07-31,Casablanca,Oujda,Oriental,Lait UHT,Camion standard,661.4,58.9,651.1,674.3,23.2,0,2.77,0.72,161.05,431.62,2295.29,0,33.58018,-7.60551,34.74657,-1.94649,34.74657,-1.94649
CPG101104,2024-05-07,Marrakech,Meknès,Fès-Meknès,Beurre,Camion réfrigéré,438.2,51.8,497.9,507.3,9.4,1,3.46,0.59,151.62,406.35,2537.87,0,31.63378,-7.96909,33.86765,-5.5285,33.86765,-5.5285
CPG101105,2024-04-15,Marrakech,Salé,Rabat-Salé-Kénitra,Yaourt,Camion réfrigéré,370.2,66.4,326.9,334.5,7.5,1,9.76,0.95,108.42,290.56,2053.92,0,31.62274,-7.95929,34.03431,-6.82276,34.03431,-6.82276
CPG101106,2024-04-03,Casablanca,Marrakech,Marrakech-Safi,Lait UHT,Camion standard,232.2,71.1,196.0,196.0,0.0,1,4.43,1.0,71.88,192.65,1010.97,0,33.57192,-7.60522,31.59607,-7.98554,31.59607,-7.98554
CPG101107,2024-11-12,Agadir,Laâyoune,Laâyoune-Sakia El Hamra,Lait UHT,Camion réfrigéré,574.9,73.3,463.9,470.5,6.6,1,6.76,0.55,180.16,482.84,2956.76,1,30.42843,-9.58947,27.04784,-13.14186,27.04784,-13.14186
CPG101108,2024-07-26,Agadir,Laâyoune,Laâyoune-Sakia El Hamra,Lait pasteurisé,Camion standard,600.0,41.6,865.2,865.2,0.0,1,9.45,0.78,168.75,452.26,2702.79,0,30.43951,-9.63381,27.1161,-13.17572,27.1161,-13.17572
CPG101109,2024-03-10,Tadla (Fkih Ben Salah),Oujda,Oriental,Lait pasteurisé,Camionnette réfrigérée,579.3,60.4,548.6,575.9,27.3,0,1.3,0.84,96.49,258.59,1636.84,1,32.52814,-6.67783,34.6966,-1.92241,34.6966,-1.92241
CPG101110,2024-02-26,Casablanca,Nador,Oriental,Yaourt,Camion réfrigéré,622.1,66.0,532.2,565.7,33.5,0,0.2,0.59,192.28,515.32,3090.19,0,33.56685,-7.57448,35.17928,-2.86407,35.17928,-2.86407
CPG101111,2024-01-14,Casablanca,Fès,Fès-Meknès,Yaourt,Camion réfrigéré,256.1,52.4,191.3,293.2,101.9,0,3.35,0.69,80.86,216.7,1198.37,0,33.56259,-7.60974,33.99633,-5.00791,33.99633,-5.00791
CPG101112,2024-03-17,Marrakech,El Jadida,Casablanca-Settat,Lait pasteurisé,Camion standard,249.4,76.8,194.8,194.8,0.0,1,4.72,0.49,63.43,169.99,1043.97,0,31.61554,-7.96637,33.3147,-8.49719,33.3147,-8.49719
CPG101113,2024-04-14,Marrakech,Kénitra,Rabat-Salé-Kénitra,Lait UHT,Camion réfrigéré,376.2,57.4,387.3,393.3,6.0,1,5.0,0.93,123.48,330.92,2117.51,0,31.6074,-7.99921,34.27887,-6.57724,34.27887,-6.57724
CPG101114,2024-04-06,Agadir,Oujda,Oriental,Fromage frais,Camion réfrigéré,1082.7,69.4,911.9,936.1,24.2,0,2.69,0.63,342.5,917.9,4728.51,0,30.45725,-9.62106,34.68466,-1.87673,34.68466,-1.87673
CPG101115,2024-02-15,Tadla (Fkih Ben Salah),Safi,Marrakech-Safi,Yaourt,Camion standard,274.0,64.2,256.2,256.2,0.0,1,6.89,0.85,67.03,179.64,1208.92,0,32.50751,-6.65282,32.30362,-9.28258,32.30362,-9.28258
CPG101116,2024-01-06,Casablanca,Marrakech,Marrakech-Safi,Lben,Camion réfrigéré,272.2,72.0,223.3,226.8,3.5,1,2.85,0.49,92.26,247.26,1470.36,0,33.57458,-7.60549,31.63997,-7.96781,31.63997,-7.96781
CPG101117,2024-10-02,Tadla (Fkih Ben Salah),El Jadida,Casablanca-Settat,Fromage frais,Camion réfrigéré,222.5,61.2,197.1,218.2,21.0,0,8.32,0.89,79.34,212.63,1221.79,0,32.54207,-6.68493,33.26991,-8.49444,33.26991,-8.49444
CPG101118,2024-10-04,Agadir,Fès,Fès-Meknès,Yaourt,Camion standard,630.0,71.5,528.7,528.7,0.0,1,4.48,0.62,189.11,506.81,2585.07,0,30.43085,-9.61186,34.04745,-4.99234,34.04745,-4.99234
CPG101119,2024-01-30,Tadla (Fkih Ben Salah),Meknès,Fès-Meknès,Lait UHT,Camion standard,224.3,75.3,178.6,178.6,0.0,1,10.36,0.81,63.6,170.44,939.8,0,32.50788,-6.66986,33.93443,-5.53799,33.93443,-5.53799
CPG101120,2024-06-12,Agadir,Taroudant,Souss-Massa,Fromage frais,Camion réfrigéré,76.0,39.8,59.2,114.5,55.3,0,8.13,0.58,23.06,61.79,481.4,0,30.46341,-9.57514,30.50084,-8.90536,30.50084,-8.90536
CPG101121,2024-12-10,Marrakech,El Jadida,Casablanca-Settat,Fromage frais,Camionnette réfrigérée,213.0,53.9,194.0,236.9,42.9,0,10.61,0.73,37.41,100.26,912.83,0,31.64167,-7.9624,33.27472,-8.53381,33.27472,-8.53381
CPG101122,2024-07-05,Rabat,Settat,Casablanca-Settat,Lben,Camion réfrigéré,181.1,51.6,192.0,210.6,18.6,1,11.32,0.52,61.37,164.47,1174.45,0,34.04516,-6.84589,33.04269,-7.61589,33.04269,-7.61589
CPG101123,2024-03-07,Rabat,Taroudant,Souss-Massa,Lait UHT,Camion réfrigéré,496.8,55.9,438.6,533.6,95.0,0,0.45,0.54,179.7,481.59,2558.62,0,34.02093,-6.85136,30.50948,-8.83695,30.50948,-8.83695
CPG101124,2024-10-01,Agadir,Agadir,Souss-Massa,Fromage frais,Camion réfrigéré,5.0,25.2,4.6,11.9,7.3,1,10.47,0.86,1.48,3.96,180.91,0,30.39993,-9.55812,30.42045,-9.63403,30.42045,-9.63403
CPG101125,2024-02-22,Tadla (Fkih Ben Salah),Kénitra,Rabat-Salé-Kénitra,Beurre,Camion standard,247.7,74.8,197.4,198.8,1.4,1,6.2,0.54,63.69,170.68,1040.43,0,32.5096,-6.70726,34.27817,-6.57879,34.27817,-6.57879
CPG101126,2024-06-26,Agadir,Taroudant,Souss-Massa,Lait pasteurisé,Camion standard,81.7,75.9,55.8,64.6,8.9,1,7.55,0.91,20.26,54.31,455.02,0,30.46223,-9.60514,30.50177,-8.82219,30.50177,-8.82219
CPG101127,2024-01-14,Agadir,Kénitra,Rabat-Salé-Kénitra,Lben,Camion réfrigéré,686.1,70.7,551.6,582.4,30.8,0,3.82,0.84,216.97,581.48,3401.51,0,30.44642,-9.59946,34.31221,-6.62115,34.31221,-6.62115
CPG101128,2024-01-26,Tadla (Fkih Ben Salah),Oujda,Oriental,Lait UHT,Camion réfrigéré,632.0,66.0,549.8,574.6,24.8,0,2.57,0.34,230.18,616.89,2833.99,0,32.48839,-6.67587,34.70501,-1.92376,34.70501,-1.92376
CPG101129,2024-11-12,Casablanca,Nador,Oriental,Fromage frais,Camion standard,517.4,71.5,434.2,434.2,0.0,1,2.5,0.76,152.18,407.85,1806.03,0,33.6142,-7.56287,35.14449,-2.90132,35.14449,-2.90132
CPG101130,2024-02-11,Casablanca,Nador,Oriental,Fromage frais,Camion réfrigéré,558.2,67.0,483.3,500.1,16.8,1,3.48,0.78,184.68,494.93,2504.5,0,33.59168,-7.60571,35.1474,-2.90528,35.1474,-2.90528
CPG101131,2024-11-09,Tadla (Fkih Ben Salah),Agadir,Souss-Massa,Beurre,Camionnette réfrigérée,392.6,55.9,379.0,421.6,42.6,0,6.85,0.75,77.52,207.74,1223.94,0,32.47475,-6.69581,30.41488,-9.60637,30.41488,-9.60637
CPG101132,2024-12-28,Agadir,El Jadida,Casablanca-Settat,Lait pasteurisé,Camion standard,393.3,60.0,300.4,393.0,92.6,0,5.4,1.0,104.31,279.55,1502.72,0,30.42543,-9.66016,33.29227,-8.51089,33.29227,-8.51089
CPG101133,2024-04-12,Marrakech,Oujda,Oriental,Yaourt,Camion réfrigéré,834.9,58.1,829.2,862.2,,0,2.8,0.6,247.62,663.63,4083.85,0,31.62933,-7.97992,34.70534,-1.90962,34.70534,-1.90962
CPG101134,2024-11-15,Marrakech,Khouribga,Béni Mellal-Khénifra,Beurre,Camion réfrigéré,213.9,76.6,159.8,167.5,7.7,1,7.59,1.0,75.65,202.75,1051.37,0,31.63001,-7.9925,32.8903,-6.89479,32.8903,-6.89479
CPG101135,2024-06-13,Casablanca,Oujda,Oriental,Lben,Camion réfrigéré,600.5,59.7,603.5,603.5,0.0,1,5.74,0.79,176.13,472.03,3299.99,0,33.58218,-7.57305,34.70097,-1.93349,34.70097,-1.93349
CPG101136,2024-01-12,Casablanca,Oujda,Oriental,Yaourt,Camion réfrigéré,590.5,68.5,515.9,517.0,1.1,1,5.15,0.84,210.07,563.0,2874.62,0,33.58725,-7.57475,34.64218,-1.92014,34.64218,-1.92014
CPG101137,2024-01-29,Tadla (Fkih Ben Salah),Safi,Marrakech-Safi,Yaourt,Camion standard,293.0,68.3,250.4,257.4,7.0,1,3.04,0.75,84.75,227.12,1113.85,0,32.51679,-6.67601,32.32672,-9.21282,32.32672,-9.21282
CPG101138,2024-10-01,Agadir,Rabat,Rabat-Salé-Kénitra,Fromage frais,Camion standard,637.3,87.0,439.7,439.7,0.0,1,2.17,0.95,184.24,493.75,2669.98,0,30.45362,-9.57679,33.99331,-6.82825,33.99331,-6.82825
CPG101139,2024-03-22,Marrakech,Casablanca,Casablanca-Settat,Lait UHT,Camion standard,247.9,53.4,239.9,278.7,38.7,0,4.15,0.65,75.71,202.9,993.52,0,31.65242,-7.94038,33.57703,-7.61981,33.57703,-7.61981
CPG101140,2024-06-22,Tadla (Fkih Ben Salah),El Jadida,Casablanca-Settat,Lait pasteurisé,Camionnette réfrigérée,242.2,44.2,311.7,329.1,17.4,1,6.54,0.75,39.62,106.18,813.72,0,32.52633,-6.66386,33.31583,-8.4917,33.31583,-8.4917
CPG101141,2024-09-05,Tadla (Fkih Ben Salah),Agadir,Souss-Massa,Fromage frais,Camion standard,475.8,62.5,442.4,456.4,13.9,1,6.08,0.69,119.35,319.86,2059.05,0,32.48588,-6.67108,30.41363,-9.59027,30.41363,-9.59027
CPG101142,2024-07-31,Rabat,Tanger,Tanger-Tétouan-Al Hoceïma,Fromage frais,Camion réfrigéré,267.2,46.5,316.3,344.9,28.6,0,3.97,0.84,79.96,214.29,1564.65,0,33.99423,-6.83525,35.74719,-5.783,35.74719,-5.783
CPG101143,2024-10-14,Marrakech,Laâyoune,Laâyoune-Sakia El Hamra,Fromage frais,Camion réfrigéré,938.9,62.1,884.5,907.2,22.7,0,3.13,0.94,341.25,914.56,4156.61,0,31.66501,-7.98544,27.15129,-13.19946,27.15129,-13.19946
CPG101144,2024-01-17,Marrakech,Fès,Fès-Meknès,Lait pasteurisé,Camion réfrigéré,495.1,81.4,358.0,364.9,6.8,1,2.06,0.93,160.6,430.4,2879.33,0,31.62236,-7.98649,34.06101,-5.01036,34.06101,-5.01036
CPG101145,2024-10-22,Agadir,Khouribga,Béni Mellal-Khénifra,Lait UHT,Camion réfrigéré,397.8,69.7,320.6,342.6,22.1,0,9.86,0.77,114.82,307.71,1936.27,0,30.42652,-9.57072,32.86233,-6.91816,32.86233,-6.91816
CPG101146,2024-04-28,Agadir,Meknès,Fès-Meknès,Crème fraîche,Camion standard,612.9,90.3,400.3,407.4,7.1,1,9.81,0.72,178.34,477.95,2134.16,0,30.40786,-9.62288,33.95225,-5.52224,33.95225,-5.52224
CPG101147,2024-02-16,Marrakech,Kénitra,Rabat-Salé-Kénitra,Yaourt,Camion standard,342.4,69.5,265.8,295.8,29.9,0,8.4,0.79,92.42,247.67,1539.46,0,31.61462,-7.99545,34.23384,-6.59483,34.23384,-6.59483
CPG101148,2024-08-07,Agadir,Fès,Fès-Meknès,Lben,Camion réfrigéré,780.9,62.4,751.3,751.3,0.0,1,2.75,0.79,238.0,637.84,3689.81,0,30.42717,-9.56911,33.98745,-4.98263,33.98745,-4.98263
CPG101149,2024-01-12,Tadla (Fkih Ben Salah),El Jadida,Casablanca-Settat,Crème fraîche,Camion standard,222.7,66.6,191.7,200.6,8.8,1,5.93,0.83,67.79,181.68,1007.59,0,32.50091,-6.71152,33.24833,-8.57038,33.24833,-8.57038
CPG101150,2024-04-13,Agadir,Taroudant,Souss-Massa,Lait pasteurisé,Camion réfrigéré,81.3,54.4,71.5,89.8,18.3,1,4.69,0.71,28.58,76.6,526.01,0,30.42232,-9.63179,30.48288,-8.8517,30.48288,-8.8517
CPG101151,2024-11-21,Rabat,Taroudant,Souss-Massa,Yaourt,Camion réfrigéré,571.7,80.5,422.4,425.9,3.5,1,3.68,0.8,202.01,541.4,2540.83,0,34.07071,-6.85081,30.51685,-8.90175,30.51685,-8.90175
CPG101152,2024-10-30,Agadir,Settat,Casablanca-Settat,Lben,Camion réfrigéré,364.6,72.8,300.4,300.6,0.2,1,4.55,0.78,130.8,350.56,2053.33,0,30.39967,-9.61488,32.99021,-7.60036,32.99021,-7.60036
CPG101153,2024-08-14,Agadir,Agadir,Souss-Massa,Lben,Camion réfrigéré,5.0,34.1,4.4,8.8,4.3,1,7.39,1.0,1.82,4.87,139.58,1,30.4191,-9.54166,30.45754,-9.59337,30.45754,-9.59337
CPG101154,2024-02-17,Tadla (Fkih Ben Salah),Laâyoune,Laâyoune-Sakia El Hamra,Crème fraîche,Camion standard,985.1,84.1,696.0,702.9,6.9,1,10.96,0.59,301.96,809.26,3620.77,0,32.49635,-6.72814,27.18049,-13.19161,27.18049,-13.19161
CPG101155,2024-11-26,Rabat,Rabat,Rabat-Salé-Kénitra,Lait pasteurisé,Camion standard,5.0,5.6,4.0,53.8,49.8,0,6.19,0.8,1.51,4.05,112.46,0,34.05466,-6.84382,34.04375,-6.85824,34.04375,-6.85824
CPG101156,2024-08-30,Marrakech,Fès,Fès-Meknès,Crème fraîche,Camion standard,406.1,72.1,305.1,338.0,32.9,0,5.95,0.81,121.9,326.68,1564.11,0,31.63476,-7.98195,34.01688,-5.05342,34.01688,-5.05342
CPG101157,2024-01-26,Agadir,Béni Mellal,Béni Mellal-Khénifra,Beurre,Camionnette réfrigérée,478.8,60.5,474.4,474.4,0.0,1,7.71,1.0,93.11,249.53,1550.96,0,30.43505,-9.59134,32.30377,-6.33883,32.30377,-6.33883
CPG101158,2024-08-12,Rabat,Rabat,Rabat-Salé-Kénitra,Beurre,Camionnette réfrigérée,5.0,11.9,4.7,25.1,20.4,0,8.73,0.95,0.9,2.4,148.58,0,34.01264,-6.8483,34.09607,-6.88129,34.09607,-6.88129
CPG101159,2024-03-16,Rabat,Agadir,Souss-Massa,Lben,Camion réfrigéré,551.9,54.7,529.0,605.8,76.9,0,6.14,0.55,162.29,434.94,2569.33,0,34.03152,-6.8181,30.40344,-9.57886,30.40344,-9.57886
CPG101160,2024-11-09,Agadir,Béni Mellal,Béni Mellal-Khénifra,Lait UHT,Camion réfrigéré,430.0,65.5,328.4,393.7,65.3,0,7.59,0.6,157.03,420.84,2395.63,0,30.44264,-9.61932,32.41773,-6.33601,32.41773,-6.33601
CPG101161,2024-06-17,Casablanca,Agadir,Souss-Massa,Lait pasteurisé,Camionnette réfrigérée,418.1,46.2,534.7,543.4,8.6,1,9.64,0.84,77.26,207.07,1491.58,0,33.56578,-7.55137,30.46835,-9.63753,30.46835,-9.63753
CPG101162,2024-05-23,Tadla (Fkih Ben Salah),Casablanca,Casablanca-Settat,Yaourt,Camion standard,158.0,63.0,150.6,150.6,0.0,1,6.03,0.74,44.38,118.94,630.72,0,32.50087,-6.69525,33.60346,-7.5359,33.60346,-7.5359
CPG101163,2024-09-27,Casablanca,Oujda,Oriental,Lben,Camion standard,651.0,73.1,532.9,534.2,1.2,1,5.12,0.52,161.59,433.06,2522.99,0,33.54398,-7.6191,34.69429,-1.87475,34.69429,-1.87475
CPG101164,2024-05-13,Marrakech,Fès,Fès-Meknès,Lait UHT,Camion réfrigéré,446.9,64.8,384.5,413.6,29.1,0,8.01,0.55,130.26,349.1,2071.9,0,31.64962,-7.96696,34.03588,-5.03508,34.03588,-5.03508
CPG101165,2024-07-17,Tadla (Fkih Ben Salah),Rabat,Rabat-Salé-Kénitra,Beurre,Camion réfrigéré,202.8,39.7,183.9,306.8,,0,11.47,0.55,65.7,176.09,1124.22,0,32.48501,-6.70591,34.10858,-6.82688,34.10858,-6.82688
CPG101166,2024-12-24,Rabat,Settat,Casablanca-Settat,Lait pasteurisé,Camion réfrigéré,154.5,39.5,128.4,234.8,106.3,0,11.45,0.54,52.94,141.89,958.35,1,34.02539,-6.84436,32.95716,-7.68759,32.95716,-7.68759
CPG101167,2024-12-21,Casablanca,Laâyoune,Laâyoune-Sakia El Hamra,Crème fraîche,Camion réfrigéré,1025.1,58.1,1049.3,1057.7,8.4,1,4.38,0.53,346.29,928.06,5281.72,0,33.59182,-7.59793,27.14641,-13.13282,27.14641,-13.13282
CPG101168,2024-01-07,Tadla (Fkih Ben Salah),Rabat,Rabat-Salé-Kénitra,Lait pasteurisé,Camionnette réfrigérée,188.5,45.6,198.7,248.2,49.6,0,9.27,0.99,36.28,97.22,722.63,0,32.49112,-6.6987,34.06163,-6.83659,34.06163,-6.83659
CPG101169,2024-03-29,Agadir,Laâyoune,Laâyoune-Sakia El Hamra,Lait pasteurisé,Camion standard,578.4,59.2,497.5,586.3,88.8,0,5.52,0.74,165.7,444.06,2329.64,0,30.47964,-9.58135,27.14168,-13.1255,27.14168,-13.1255
CPG101170,2024-08-12,Rabat,Agadir,Souss-Massa,Fromage frais,Camion réfrigéré,546.3,53.9,586.6,608.3,21.7,0,7.82,0.91,174.58,467.88,2800.8,0,34.04114,-6.82113,30.41559,-9.62195,30.41559,-9.62195
CPG101171,2024-12-05,Marrakech,Meknès,Fès-Meknès,Fromage frais,Camion réfrigéré,441.7,57.5,430.8,460.8,30.0,0,3.49,0.77,154.66,414.48,2010.54,0,31.58933,-7.9723,33.90487,-5.55613,33.90487,-5.55613
CPG101172,2024-08-31,Rabat,Béni Mellal,Béni Mellal-Khénifra,Lait UHT,Camion réfrigéré,215.2,73.5,175.6,175.6,0.0,1,3.02,0.61,66.94,179.39,1232.49,0,34.02463,-6.87482,32.41139,-6.35698,32.41139,-6.35698
CPG101173,2024-08-27,Tadla (Fkih Ben Salah),Fès,Fès-Meknès,Lben,Camion réfrigéré,275.1,69.4,237.7,237.7,0.0,1,6.81,0.7,90.82,243.39,1679.71,1,32.49192,-6.66976,34.03782,-4.97228,34.03782,-4.97228
CPG101174,2024-05-22,Tadla (Fkih Ben Salah),Taroudant,Souss-Massa,Lait UHT,Camion réfrigéré,344.5,64.0,317.6,322.9,5.3,1,11.61,0.87,102.41,274.45,1704.87,0,32.50781,-6.69731,30.50017,-8.85851,30.50017,-8.85851
CPG101175,2024-04-05,Casablanca,Salé,Rabat-Salé-Kénitra,Beurre,Camion réfrigéré,110.2,63.8,87.2,103.6,16.4,1,3.33,0.54,36.25,97.14,567.51,0,33.57591,-7.58347,34.08186,-6.81647,34.08186,-6.81647
CPG101176,2024-09-14,Casablanca,Laâyoune,Laâyoune-Sakia El Hamra,Lait UHT,Camion réfrigéré,1142.0,55.8,1213.8,1227.4,13.6,1,4.36,0.45,413.79,1108.96,6227.97,0,33.58378,-7.59515,27.12024,-13.18502,27.12024,-13.18502
CPG101177,2024-08-18,Rabat,Settat,Casablanca-Settat,Lait UHT,Camion réfrigéré,177.5,35.8,189.6,297.7,108.1,0,9.36,0.71,58.32,156.3,938.88,0,34.00128,-6.85258,32.95886,-7.59446,32.95886,-7.59446
CPG101178,2024-01-10,Casablanca,Taroudant,Souss-Massa,Crème fraîche,Camion réfrigéré,424.0,76.2,301.5,333.8,32.3,0,8.57,0.63,140.74,377.18,2505.42,0,33.56186,-7.62336,30.50402,-8.87237,30.50402,-8.87237
CPG101179,2024-02-02,Agadir,Nador,Oriental,Fromage frais,Camion réfrigéré,1020.0,62.6,971.2,978.0,6.8,1,6.67,0.63,334.82,897.3,4564.54,0,30.4209,-9.58104,35.10847,-2.94243,35.10847,-2.94243
CPG101180,2024-03-29,Marrakech,Salé,Rabat-Salé-Kénitra,Lait UHT,Camion réfrigéré,315.6,74.5,247.7,254.1,6.4,1,2.73,0.61,103.39,277.09,1508.38,0,31.64004,-7.94851,34.00574,-6.76533,34.00574,-6.76533
CPG101181,2024-11-23,Agadir,Nador,Oriental,Fromage frais,Camion réfrigéré,863.9,86.9,596.5,596.5,0.0,1,9.5,1.0,251.82,674.88,4939.47,0,30.44673,-9.60702,35.17882,-2.91534,35.17882,-2.91534
CPG101182,2024-02-02,Casablanca,Taroudant,Souss-Massa,Yaourt,Camion réfrigéré,442.5,58.9,433.9,450.7,16.7,1,3.49,0.46,151.79,406.78,1967.12,0,33.57293,-7.5838,30.49673,-8.91547,30.49673,-8.91547
CPG101183,2024-10-16,Agadir,Settat,Casablanca-Settat,Yaourt,Camion standard,378.3,68.7,317.6,330.2,12.6,1,5.59,0.59,106.1,284.35,1498.74,0,30.40852,-9.60287,32.99579,-7.63801,32.99579,-7.63801
CPG101184,2024-03-30,Agadir,Béni Mellal,Béni Mellal-Khénifra,Lait UHT,Camionnette réfrigérée,466.3,62.3,416.5,449.0,32.5,0,2.63,0.69,93.95,251.8,1577.65,0,30.43459,-9.61279,32.33977,-6.34093,32.33977,-6.34093
CPG101185,2024-02-08,Marrakech,Fès,Fès-Meknès,Lait pasteurisé,Camionnette réfrigérée,410.7,51.5,446.6,478.9,32.3,0,7.2,0.65,76.23,204.29,1296.9,0,31.62095,-8.01797,34.04957,-5.0511,34.04957,-5.0511
CPG101186,2024-09-21,Tadla (Fkih Ben Salah),Taroudant,Souss-Massa,Yaourt,Camion réfrigéré,408.9,58.4,360.4,420.0,59.7,0,12.34,0.88,143.71,385.14,2538.73,0,32.50842,-6.69677,30.43433,-8.90067,30.43433,-8.90067
CPG101187,2024-07-02,Rabat,Meknès,Fès-Meknès,Lait UHT,Camion réfrigéré,144.4,60.6,128.8,142.9,14.1,1,7.29,0.83,50.6,135.61,904.7,0,34.05508,-6.81518,33.93486,-5.53543,33.93486,-5.53543
CPG101188,2024-04-11,Tadla (Fkih Ben Salah),Fès,Fès-Meknès,Lait pasteurisé,Camionnette réfrigérée,257.6,43.4,324.7,356.1,31.4,0,3.7,0.73,51.99,139.33,846.21,0,32.48764,-6.66284,34.06798,-5.01883,34.06798,-5.01883
CPG101189,2024-04-28,Rabat,El Jadida,Casablanca-Settat,Yaourt,Camion standard,213.0,83.0,153.9,153.9,0.0,1,5.24,0.61,62.96,168.73,918.0,0,33.97724,-6.82114,33.22241,-8.5272,33.22241,-8.5272
CPG101190,2024-04-30,Agadir,Taroudant,Souss-Massa,Crème fraîche,Camion réfrigéré,81.3,68.9,70.9,70.9,0.0,1,6.78,0.57,26.88,72.05,479.39,0,30.40932,-9.60196,30.47003,-8.85565,30.47003,-8.85565
CPG101191,2024-01-21,Marrakech,Fès,Fès-Meknès,Crème fraîche,Camion réfrigéré,414.4,80.9,307.1,307.1,0.0,1,6.2,0.69,125.59,336.59,2262.09,0,31.62052,-7.99827,33.96774,-4.94767,33.96774,-4.94767
CPG101192,2024-10-04,Tadla (Fkih Ben Salah),Rabat,Rabat-Salé-Kénitra,Lait UHT,Camion standard,196.0,68.7,164.2,171.3,7.1,1,9.98,0.67,52.21,139.94,899.12,0,32.47831,-6.68462,33.97086,-6.86261,33.97086,-6.86261
CPG101193,2024-06-07,Rabat,Settat,Casablanca-Settat,Lait UHT,Camionnette réfrigérée,164.0,36.3,207.7,270.7,63.0,0,4.55,0.93,27.82,74.57,634.87,1,34.02282,-6.81098,33.00794,-7.6292,33.00794,-7.6292
CPG101194,2024-12-13,Marrakech,Laâyoune,Laâyoune-Sakia El Hamra,Fromage frais,Camion standard,817.7,77.2,614.2,635.7,21.4,0,5.91,0.7,213.55,572.31,3207.11,0,31.61728,-7.99936,27.15377,-13.17038,27.15377,-13.17038
CPG101195,2024-11-03,Rabat,Casablanca,Casablanca-Settat,Yaourt,Camion réfrigéré,110.5,45.2,138.7,146.5,7.8,1,9.05,0.31,40.38,108.22,683.37,0,34.00801,-6.84976,33.57385,-7.59358,33.57385,-7.59358
CPG101196,2024-04-01,Tadla (Fkih Ben Salah),Settat,Casablanca-Settat,Fromage frais,Camion réfrigéré,119.2,40.4,102.8,176.8,74.0,0,5.52,0.65,36.83,98.7,755.96,0,32.48732,-6.72234,33.01613,-7.60066,33.01613,-7.60066
CPG101197,2024-03-18,Tadla (Fkih Ben Salah),Salé,Rabat-Salé-Kénitra,Lait pasteurisé,Camion standard,203.7,71.8,170.3,170.3,0.0,1,7.47,0.71,50.17,134.46,975.16,0,32.53263,-6.69573,34.05773,-6.77354,34.05773,-6.77354
CPG101198,2024-01-11,Tadla (Fkih Ben Salah),Khouribga,Béni Mellal-Khénifra,Lait UHT,Camion réfrigéré,60.2,53.9,67.1,67.1,0.0,1,6.24,0.63,20.66,55.38,381.7,0,32.47953,-6.68581,32.87311,-6.88168,32.87311,-6.88168
CPG101199,2024-06-16,Tadla (Fkih Ben Salah),Khouribga,Béni Mellal-Khénifra,Lait UHT,Camion standard,50.9,29.2,40.3,104.5,64.2,0,5.35,0.46,12.58,33.73,283.11,0,32.48368,-6.6886,32.93729,-6.95651,32.93729,-6.95651
CPG101200,2024-12-04,Rabat,Safi,Marrakech-Safi,Beurre,Camion réfrigéré,378.4,59.1,377.0,384.1,7.1,1,8.52,0.64,124.53,333.75,1908.14,0,33.97832,-6.88154,32.30308,-9.23787,32.30308,-9.23787
CPG101201,2024-02-16,Tadla (Fkih Ben Salah),Fès,Fès-Meknès,Lait pasteurisé,Camion réfrigéré,277.5,48.7,238.9,341.9,102.9,0,8.66,0.72,92.07,246.73,1632.61,0,32.48725,-6.73272,34.05316,-5.0426,34.05316,-5.0426
CPG101202,2024-12-06,Rabat,Tanger,Tanger-Tétouan-Al Hoceïma,Yaourt,Camion standard,279.1,83.6,200.3,200.3,0.0,1,4.86,0.73,74.88,200.69,1006.66,0,34.0459,-6.84426,35.75338,-5.82548,35.75338,-5.82548
CPG101203,2024-06-09,Agadir,Tétouan,Tanger-Tétouan-Al Hoceïma,Lben,Camion standard,799.1,64.8,739.6,739.6,0.0,1,4.88,0.69,238.89,640.22,3149.52,0,30.44629,-9.5851,35.55549,-5.34304,35.55549,-5.34304
CPG101204,2024-05-12,Tadla (Fkih Ben Salah),Laâyoune,Laâyoune-Sakia El Hamra,Lait pasteurisé,Camion réfrigéré,1047.9,67.6,919.0,929.9,10.9,1,6.89,0.86,335.49,899.11,4996.75,0,32.50059,-6.69947,27.15736,-13.17588,27.15736,-13.17588
CPG101205,2024-01-28,Tadla (Fkih Ben Salah),Oujda,Oriental,Beurre,Camion réfrigéré,561.7,57.2,567.6,589.3,21.7,0,4.74,0.67,199.95,535.86,3080.93,0,32.47988,-6.72197,34.68967,-1.92617,34.68967,-1.92617
CPG101206,2024-02-16,Rabat,Tanger,Tanger-Tétouan-Al Hoceïma,Lait UHT,Camion réfrigéré,266.2,69.1,217.1,231.2,14.1,1,6.64,0.76,97.51,261.32,1613.13,0,34.03178,-6.8204,35.75497,-5.85334,35.75497,-5.85334
CPG101207,2024-07-05,Rabat,Laâyoune,Laâyoune-Sakia El Hamra,Crème fraîche,Camion réfrigéré,1083.9,73.3,882.0,886.9,4.9,1,8.57,0.49,320.06,857.76,5731.9,0,34.03178,-6.85586,27.10189,-13.18629,27.10189,-13.18629
CPG101208,2024-01-23,Casablanca,Taroudant,Souss-Massa,Lait UHT,Camion réfrigéré,396.4,72.0,321.8,330.5,8.6,1,3.67,0.35,124.4,333.38,2010.5,0,33.5709,-7.57051,30.48796,-8.8867,30.48796,-8.8867
CPG101209,2024-07-18,Agadir,Kénitra,Rabat-Salé-Kénitra,Lait UHT,Camion réfrigéré,689.1,59.9,648.0,690.5,42.5,0,7.9,0.58,243.05,651.36,3810.78,0,30.4353,-9.60234,34.24221,-6.60542,34.24221,-6.60542
CPG101210,2024-11-03,Tadla (Fkih Ben Salah),Kénitra,Rabat-Salé-Kénitra,Lait UHT,Camion réfrigéré,228.4,48.3,217.5,283.9,66.4,0,9.92,0.68,75.02,201.06,1141.3,1,32.51624,-6.67962,34.26941,-6.56848,34.26941,-6.56848
CPG101211,2024-12-19,Agadir,Nador,Oriental,Yaourt,Camionnette réfrigérée,1045.3,66.7,918.3,939.9,21.5,0,8.78,0.88,196.95,527.84,3263.91,0,30.43958,-9.59332,35.16104,-2.95584,35.16104,-2.95584
CPG101212,2024-02-04,Marrakech,Essaouira,Marrakech-Safi,Beurre,Camionnette réfrigérée,182.2,44.9,227.2,243.3,16.1,1,1.77,0.71,31.63,84.76,614.19,0,31.61744,-8.01101,31.55723,-9.79316,31.55723,-9.79316
CPG101213,2024-01-10,Marrakech,Laâyoune,Laâyoune-Sakia El Hamra,Beurre,Camion réfrigéré,872.6,63.8,775.4,820.6,45.2,0,5.08,0.95,301.82,808.87,5080.03,0,31.67243,-7.98737,27.11542,-13.12712,27.11542,-13.12712
CPG101214,2024-07-21,Marrakech,Rabat,Rabat-Salé-Kénitra,Lait UHT,Camion standard,310.9,39.9,377.9,467.5,89.7,0,5.45,0.6,80.57,215.92,1290.63,0,31.59458,-7.99511,34.0783,-6.83161,34.0783,-6.83161
CPG101215,2024-02-16,Marrakech,Khouribga,Béni Mellal-Khénifra,Fromage frais,Camion standard,211.4,80.3,156.0,157.8,1.9,1,7.8,0.61,64.38,172.55,840.17,0,31.63182,-7.98034,32.89854,-6.91232,32.89854,-6.91232
CPG101216,2024-09-13,Agadir,Taroudant,Souss-Massa,Fromage frais,Camion standard,81.3,37.5,83.1,130.0,47.0,0,7.07,0.72,25.03,67.09,415.92,0,30.43178,-9.60291,30.5195,-8.84208,30.5195,-8.84208
CPG101217,2024-07-23,Tadla (Fkih Ben Salah),Taroudant,Souss-Massa,Crème fraîche,Camionnette réfrigérée,403.3,40.5,488.8,597.9,109.1,0,3.48,0.85,79.19,212.24,1396.95,0,32.50786,-6.6759,30.48468,-8.87135,30.48468,-8.87135
CPG101218,2024-01-15,Rabat,Marrakech,Marrakech-Safi,Lait pasteurisé,Camion réfrigéré,329.5,61.1,308.3,323.8,15.6,1,1.41,0.56,96.17,257.73,1893.46,0,34.02631,-6.85442,31.6269,-8.03778,31.6269,-8.03778
CPG101219,2024-07-13,Tadla (Fkih Ben Salah),Agadir,Souss-Massa,Fromage frais,Camion réfrigéré,393.8,64.8,347.9,364.7,16.8,1,11.3,0.84,136.69,366.33,2218.77,0,32.50802,-6.68669,30.36662,-9.61505,30.36662,-9.61505
CPG101220,2024-04-04,Rabat,Oujda,Oriental,Lait pasteurisé,Camion standard,587.1,70.0,468.3,503.3,35.0,0,4.22,0.95,174.84,468.56,2597.41,0,33.9983,-6.84318,34.67463,-1.86482,34.67463,-1.86482
CPG101221,2024-05-13,Casablanca,Meknès,Fès-Meknès,Lait UHT,Camion réfrigéré,224.7,52.6,236.4,256.1,19.7,1,8.49,0.73,71.26,190.98,1226.91,0,33.57924,-7.60331,33.83013,-5.57847,33.83013,-5.57847
CPG101222,2024-03-25,Tadla (Fkih Ben Salah),Fès,Fès-Meknès,Yaourt,Camion réfrigéré,274.1,73.3,224.2,224.2,0.0,1,5.55,0.69,89.37,239.5,1522.63,0,32.48282,-6.66683,34.03188,-5.01974,34.03188,-5.01974
CPG101223,2024-02-23,Marrakech,Marrakech,Marrakech-Safi,Crème fraîche,Camion réfrigéré,5.0,16.8,5.4,17.9,12.5,1,1.94,0.56,1.5,4.03,51.58,0,31.642,-7.97217,31.60146,-8.02879,31.60146,-8.02879
CPG101224,2024-01-14,Tadla (Fkih Ben Salah),El Jadida,Casablanca-Settat,Lait UHT,Camion réfrigéré,223.8,75.6,177.7,177.7,0.0,1,5.63,1.0,67.53,180.99,1324.89,0,32.50536,-6.7169,33.26226,-8.51639,33.26226,-8.51639
CPG101225,2024-02-15,Tadla (Fkih Ben Salah),Laâyoune,Laâyoune-Sakia El Hamra,Fromage frais,Camion standard,1158.8,74.0,915.5,939.0,23.5,0,3.93,0.59,309.44,829.31,4362.44,0,32.476,-6.74402,27.13804,-13.16321,27.13804,-13.16321
CPG101226,2024-08-18,Rabat,Salé,Rabat-Salé-Kénitra,Yaourt,Camion réfrigéré,5.8,80.0,4.3,4.3,0.0,1,3.91,0.67,1.99,5.35,91.24,0,34.03507,-6.82034,34.08106,-6.77177,34.08106,-6.77177
CPG101227,2024-06-30,Casablanca,Nador,Oriental,Lait pasteurisé,Camion standard,520.5,76.2,398.6,410.0,11.4,1,6.26,0.83,134.95,361.67,2169.68,0,33.5368,-7.56143,35.1893,-2.90702,35.1893,-2.90702
CPG101228,2024-03-10,Casablanca,Kénitra,Rabat-Salé-Kénitra,Beurre,Camion réfrigéré,139.3,58.0,118.0,144.2,26.2,0,5.53,0.79,43.29,116.01,877.69,0,33.55457,-7.57235,34.24648,-6.59153,34.24648,-6.59153
CPG101229,2024-11-06,Casablanca,Safi,Marrakech-Safi,Crème fraîche,Camion réfrigéré,271.7,77.8,194.1,209.6,15.5,1,7.17,0.65,87.5,234.51,1561.08,1,33.56761,-7.60439,32.31623,-9.2154,32.31623,-9.2154
CPG101230,2024-03-03,Agadir,Béni Mellal,Béni Mellal-Khénifra,Yaourt,Camionnette réfrigérée,463.8,41.7,558.8,667.6,108.8,0,4.12,0.68,85.25,228.48,1559.36,0,30.43206,-9.58523,32.29485,-6.36327,32.29485,-6.36327
CPG101231,2024-12-08,Tadla (Fkih Ben Salah),Salé,Rabat-Salé-Kénitra,Lait pasteurisé,Camionnette réfrigérée,200.1,42.7,226.6,281.2,54.7,0,9.13,0.63,32.98,88.37,695.37,0,32.51131,-6.68224,34.0533,-6.79022,34.0533,-6.79022
CPG101232,2024-08-06,Casablanca,Nador,Oriental,Beurre,Camion standard,593.9,68.3,517.0,521.9,4.9,1,5.09,0.42,174.98,468.94,2636.76,0,33.58275,-7.59338,35.14583,-2.92597,35.14583,-2.92597
CPG101233,2024-10-31,Casablanca,Tanger,Tanger-Tétouan-Al Hoceïma,Beurre,Camion réfrigéré,369.8,43.3,470.1,512.1,42.0,0,5.95,0.56,130.08,348.61,1716.56,0,33.54492,-7.57415,35.73627,-5.8234,35.73627,-5.8234
CPG101234,2024-04-17,Casablanca,Taroudant,Souss-Massa,Lben,Camion réfrigéré,404.6,57.2,417.4,424.4,7.0,1,8.77,0.78,116.79,312.99,2298.63,0,33.59441,-7.60025,30.47309,-8.84614,30.47309,-8.84614
CPG101235,2024-12-08,Casablanca,Casablanca,Casablanca-Settat,Crème fraîche,Camion standard,5.0,14.7,3.3,20.4,17.1,1,1.38,0.72,1.22,3.28,37.55,0,33.55068,-7.57191,33.59675,-7.58371,33.59675,-7.58371
CPG101236,2024-04-14,Tadla (Fkih Ben Salah),Safi,Marrakech-Safi,Beurre,Camionnette réfrigérée,269.7,55.2,271.3,293.0,21.7,0,10.49,0.37,46.24,123.92,1083.22,0,32.50331,-6.68137,32.31876,-9.26798,32.31876,-9.26798
CPG101237,2024-10-02,Rabat,Tanger,Tanger-Tétouan-Al Hoceïma,Beurre,Camion réfrigéré,247.4,64.1,224.7,231.5,6.8,1,9.28,0.47,78.07,209.22,1471.35,0,34.02841,-6.85751,35.73818,-5.78366,35.73818,-5.78366
CPG101238,2024-10-27,Rabat,Essaouira,Marrakech-Safi,Lait UHT,Camion standard,513.0,88.5,347.8,347.8,0.0,1,11.07,0.66,157.06,420.91,2271.73,0,33.99805,-6.84793,31.46139,-9.75327,31.46139,-9.75327
CPG101239,2024-10-02,Casablanca,Tétouan,Tanger-Tétouan-Al Hoceïma,Fromage frais,Camion réfrigéré,360.2,62.8,309.5,343.8,34.3,0,6.21,0.6,118.01,316.27,1925.42,0,33.60866,-7.59758,35.57501,-5.35016,35.57501,-5.35016
CPG101240,2024-07-29,Casablanca,Laâyoune,Laâyoune-Sakia El Hamra,Lait UHT,Camion réfrigéré,1082.5,58.8,1078.1,1104.0,25.9,0,5.84,0.77,333.09,892.68,5069.62,0,33.56061,-7.60567,27.12397,-13.16682,27.12397,-13.16682
CPG101241,2024-02-24,Casablanca,Settat,Casablanca-Settat,Yaourt,Camion réfrigéré,74.8,32.5,72.9,138.2,65.2,0,7.45,0.61,23.45,62.84,535.85,0,33.54209,-7.58294,33.00652,-7.63127,33.00652,-7.63127
CPG101242,2024-01-21,Casablanca,Salé,Rabat-Salé-Kénitra,Lait pasteurisé,Camionnette réfrigérée,114.6,85.1,80.8,80.8,0.0,1,6.68,0.62,20.78,55.68,439.21,0,33.53285,-7.58417,34.06913,-6.7691,34.06913,-6.7691
CPG101243,2024-05-03,Casablanca,El Jadida,Casablanca-Settat,Lait UHT,Camion réfrigéré,99.3,77.2,77.1,77.1,0.0,1,4.28,0.82,28.8,77.18,512.83,0,33.55311,-7.60394,33.2348,-8.52132,33.2348,-8.52132
CPG101244,2024-09-16,Casablanca,Rabat,Rabat-Salé-Kénitra,Lait pasteurisé,Camion réfrigéré,114.2,90.2,72.7,76.0,3.3,1,0.3,0.91,33.15,88.85,608.59,0,33.55815,-7.58596,34.06306,-6.82173,34.06306,-6.82173
CPG101245,2024-12-09,Marrakech,Settat,Casablanca-Settat,Lait UHT,Camion réfrigéré,193.8,58.2,167.0,199.9,32.9,0,14.27,0.68,56.76,152.1,1307.91,0,31.61629,-8.002,33.05334,-7.6187,33.05334,-7.6187
CPG101246,2024-03-25,Marrakech,Taroudant,Souss-Massa,Beurre,Camion réfrigéré,187.2,71.5,147.8,157.1,9.3,1,10.76,0.74,60.78,162.88,1221.05,0,31.64854,-7.97156,30.48414,-8.8053,30.48414,-8.8053
CPG101247,2024-04-17,Tadla (Fkih Ben Salah),Safi,Marrakech-Safi,Beurre,Camionnette réfrigérée,270.2,41.5,356.7,390.4,33.8,0,4.21,0.84,55.35,148.35,1021.64,0,32.51154,-6.66956,32.29627,-9.28701,32.29627,-9.28701
CPG101248,2024-05-17,Marrakech,Béni Mellal,Béni Mellal-Khénifra,Yaourt,Camionnette réfrigérée,220.2,51.6,229.3,256.0,26.7,0,11.89,0.89,42.97,115.16,940.28,0,31.63273,-7.95582,32.36533,-6.33496,32.36533,-6.33496
CPG101249,2024-08-09,Rabat,Oujda,Oriental,Lait pasteurisé,Camion réfrigéré,596.2,57.7,619.6,619.6,0.0,1,4.45,0.75,216.69,580.73,3347.51,0,33.99847,-6.78654,34.65238,-1.93674,34.65238,-1.93674
CPG101250,2024-05-19,Rabat,Béni Mellal,Béni Mellal-Khénifra,Beurre,Camion réfrigéré,208.8,60.4,203.5,207.6,4.0,1,7.28,0.78,73.49,196.94,1248.51,0,34.00909,-6.82368,32.36723,-6.3616,32.36723,-6.3616
CPG101251,2024-01-15,Marrakech,Salé,Rabat-Salé-Kénitra,Beurre,Camion standard,387.2,65.1,277.5,357.1,79.6,0,8.42,0.57,96.28,258.02,1503.22,0,31.64913,-7.95753,34.02172,-6.81603,34.02172,-6.81603
CPG101252,2024-03-17,Rabat,Béni Mellal,Béni Mellal-Khénifra,Lait UHT,Camionnette réfrigérée,213.6,58.3,219.7,220.0,0.3,1,10.59,0.85,36.92,98.94,935.9,0,34.0159,-6.85181,32.32518,-6.36453,32.32518,-6.36453
CPG101253,2024-01-06,Rabat,El Jadida,Casablanca-Settat,Crème fraîche,Camion réfrigéré,200.9,81.5,147.9,147.9,0.0,1,7.87,0.75,67.27,180.29,1022.57,0,34.04717,-6.82782,33.26478,-8.4801,33.26478,-8.4801
CPG101254,2024-02-29,Casablanca,Safi,Marrakech-Safi,Lben,Camion standard,241.9,72.4,194.8,200.5,5.7,1,3.67,0.74,61.66,165.25,991.64,0,33.56078,-7.55652,32.279,-9.23891,32.279,-9.23891
CPG101255,2024-09-24,Agadir,Settat,Casablanca-Settat,Lait pasteurisé,Camion standard,405.7,72.7,320.4,334.7,14.3,1,6.52,0.78,115.61,309.83,1472.85,0,30.45443,-9.59246,33.01295,-7.62851,33.01295,-7.62851
CPG101256,2024-11-23,Tadla (Fkih Ben Salah),Khouribga,Béni Mellal-Khénifra,Beurre,Camion réfrigéré,51.0,46.7,48.2,65.5,17.4,1,2.25,0.77,17.92,48.02,264.01,0,32.48774,-6.68818,32.8756,-6.88309,32.8756,-6.88309
CPG101257,2024-05-20,Marrakech,Kénitra,Rabat-Salé-Kénitra,Lait UHT,Camion réfrigéré,340.8,61.0,309.8,335.0,25.2,0,9.16,0.74,109.13,292.47,2031.05,0,31.6412,-7.97837,34.22732,-6.59936,34.22732,-6.59936
CPG101258,2024-04-01,Tadla (Fkih Ben Salah),Agadir,Souss-Massa,Yaourt,Camion standard,389.9,68.5,339.9,341.6,1.7,1,5.03,0.46,119.34,319.84,1630.67,0,32.50311,-6.68429,30.41824,-9.59467,30.41824,-9.59467
CPG101259,2024-08-28,Rabat,Salé,Rabat-Salé-Kénitra,Lait UHT,Camion réfrigéré,6.0,3.1,5.4,115.3,110.0,0,5.12,0.77,2.09,5.61,105.21,0,33.99107,-6.8722,34.02337,-6.81164,34.02337,-6.81164
CPG101260,2024-03-31,Agadir,Meknès,Fès-Meknès,Crème fraîche,Camion réfrigéré,604.5,53.3,651.6,680.6,28.9,0,5.7,0.68,204.77,548.79,3010.87,0,30.43401,-9.57724,33.91305,-5.50471,33.91305,-5.50471
CPG101261,2024-01-19,Marrakech,Taroudant,Souss-Massa,Yaourt,Camion standard,175.9,70.6,146.5,149.4,2.9,1,4.01,0.63,48.45,129.84,780.34,0,31.60893,-7.94633,30.48055,-8.85123,30.48055,-8.85123
CPG101262,2024-02-16,Agadir,Rabat,Rabat-Salé-Kénitra,Yaourt,Camion réfrigéré,612.7,81.6,445.5,450.6,5.1,1,3.06,0.82,214.11,573.81,2756.58,0,30.44001,-9.59996,34.02903,-6.82981,34.02903,-6.82981
CPG101263,2024-11-12,Rabat,Marrakech,Marrakech-Safi,Yaourt,Camion réfrigéré,328.4,67.1,259.7,293.7,34.0,0,2.43,0.49,97.66,261.72,1881.19,1,34.00641,-6.8246,31.62911,-8.01355,31.62911,-8.01355
CPG101264,2024-01-12,Rabat,Khouribga,Béni Mellal-Khénifra,Lait UHT,Camion réfrigéré,159.9,47.5,150.6,202.1,51.5,0,7.54,0.95,54.73,146.68,945.3,0,34.04192,-6.82409,32.89249,-6.88158,32.89249,-6.88158
CPG101265,2024-03-30,Rabat,Safi,Marrakech-Safi,Fromage frais,Camionnette réfrigérée,314.6,49.0,384.1,385.2,1.1,1,5.49,0.71,56.78,152.18,1207.45,0,34.0324,-6.8227,32.27433,-9.26129,32.27433,-9.26129
CPG101266,2024-03-21,Marrakech,Taroudant,Souss-Massa,Lait UHT,Camion réfrigéré,206.5,59.0,184.4,210.1,25.7,0,7.17,0.54,62.07,166.35,1213.94,0,31.64605,-8.00859,30.4795,-8.87973,30.4795,-8.87973
CPG101267,2024-04-08,Agadir,Nador,Oriental,Beurre,Camion standard,954.8,62.6,914.5,914.5,0.0,1,3.41,0.9,287.83,771.39,3383.09,0,30.41896,-9.59592,35.20003,-2.9219,35.20003,-2.9219
CPG101268,2024-06-30,Marrakech,El Jadida,Casablanca-Settat,Lait UHT,Camion réfrigéré,220.5,40.0,209.5,330.8,121.3,0,9.52,0.53,70.85,189.89,1365.88,0,31.62383,-7.96325,33.26387,-8.49034,33.26387,-8.49034
CPG101269,2024-06-06,Marrakech,Tétouan,Tanger-Tétouan-Al Hoceïma,Lait UHT,Camionnette réfrigérée,588.7,60.9,575.9,580.3,4.3,1,4.96,0.87,98.6,264.24,2099.21,0,31.63133,-8.00133,35.59224,-5.31377,35.59224,-5.31377
CPG101270,2024-10-18,Tadla (Fkih Ben Salah),Fès,Fès-Meknès,Lait pasteurisé,Camion réfrigéré,248.4,46.6,304.6,320.1,15.5,1,13.4,0.76,87.29,233.93,1562.72,1,32.49943,-6.66306,34.0173,-4.95226,34.0173,-4.95226
CPG101271,2024-07-18,Casablanca,Safi,Marrakech-Safi,Yaourt,Camion standard,263.6,70.7,184.0,223.6,39.6,0,6.34,0.74,78.9,211.46,1126.14,0,33.58198,-7.59321,32.32842,-9.24772,32.32842,-9.24772
CPG101272,2024-09-03,Marrakech,Salé,Rabat-Salé-Kénitra,Beurre,Camion standard,306.1,61.5,273.2,298.8,25.6,0,2.08,0.5,85.41,228.9,1090.56,0,31.62585,-7.95794,34.06751,-6.78226,34.06751,-6.78226
CPG101273,2024-05-20,Marrakech,Safi,Marrakech-Safi,Yaourt,Camionnette réfrigérée,179.0,49.9,196.1,215.4,19.3,1,6.34,0.46,31.13,83.44,658.4,0,31.60888,-8.02044,32.29837,-9.22279,32.29837,-9.22279
CPG101274,2024-06-23,Rabat,Laâyoune,Laâyoune-Sakia El Hamra,Fromage frais,Camion réfrigéré,1236.7,76.3,961.3,972.8,11.5,1,7.01,0.63,399.62,1070.98,6683.04,0,34.01882,-6.84771,27.11594,-13.13646,27.11594,-13.13646
CPG101275,2024-12-24,Marrakech,Tanger,Tanger-Tétouan-Al Hoceïma,Beurre,Camion réfrigéré,569.5,60.7,461.7,562.5,100.8,0,11.34,0.75,199.1,533.59,2656.76,0,31.59216,-7.9881,35.76243,-5.84982,35.76243,-5.84982
CPG101276,2024-07-27,Agadir,Taroudant,Souss-Massa,Yaourt,Camion réfrigéré,82.8,45.7,87.5,108.9,21.3,0,3.97,0.56,27.1,72.62,462.2,0,30.40414,-9.59586,30.41534,-8.88766,30.41534,-8.88766
CPG101277,2024-10-11,Tadla (Fkih Ben Salah),Settat,Casablanca-Settat,Lait UHT,Camionnette réfrigérée,133.7,54.1,133.8,148.2,14.4,1,4.29,0.77,23.83,63.86,495.93,1,32.5213,-6.68942,33.05245,-7.60897,33.05245,-7.60897
CPG101278,2024-09-22,Casablanca,Tanger,Tanger-Tétouan-Al Hoceïma,Crème fraîche,Camion standard,307.4,67.3,262.6,274.1,11.5,1,6.63,0.71,86.36,231.43,1163.79,0,33.56972,-7.57528,35.74802,-5.84292,35.74802,-5.84292
CPG101279,2024-03-26,Agadir,Taroudant,Souss-Massa,Fromage frais,Camion réfrigéré,88.7,50.5,69.3,105.4,36.1,0,6.62,0.76,25.64,68.71,514.8,0,30.40822,-9.54966,30.46384,-8.90999,30.46384,-8.90999
CPG101280,2024-10-08,Agadir,Meknès,Fès-Meknès,Lait pasteurisé,Camion réfrigéré,701.5,62.8,632.3,670.4,38.1,0,6.73,0.56,249.68,669.14,3538.52,0,30.45065,-9.60546,33.9457,-5.58346,33.9457,-5.58346
CPG101281,2024-07-02,Rabat,Nador,Oriental,Beurre,Camion réfrigéré,417.3,72.6,344.9,344.9,0.0,1,8.81,0.59,137.55,368.64,2417.91,0,34.01835,-6.89121,35.12364,-2.92494,35.12364,-2.92494
CPG101282,2024-04-07,Agadir,Tétouan,Tanger-Tétouan-Al Hoceïma,Beurre,Camion réfrigéré,839.8,61.6,796.1,817.5,21.4,0,8.03,0.78,262.14,702.53,4176.75,0,30.43673,-9.64619,35.54612,-5.37323,35.54612,-5.37323
CPG101283,2024-09-06,Agadir,Taroudant,Souss-Massa,Crème fraîche,Camion réfrigéré,83.6,56.5,63.0,88.8,25.8,0,8.19,0.62,24.22,64.92,573.27,0,30.47874,-9.59506,30.5018,-8.88242,30.5018,-8.88242
CPG101284,2024-06-12,Marrakech,Tétouan,Tanger-Tétouan-Al Hoceïma,Lait UHT,Camion standard,585.6,75.4,396.0,466.1,70.1,0,12.31,0.75,166.75,446.88,2698.08,0,31.62475,-7.9929,35.57501,-5.34432,35.57501,-5.34432
CPG101285,2024-08-31,Tadla (Fkih Ben Salah),Oujda,Oriental,Lait pasteurisé,Camion standard,603.2,76.9,470.5,470.5,0.0,1,10.93,0.58,156.53,419.49,2607.76,0,32.47862,-6.68486,34.64481,-1.89815,34.64481,-1.89815
CPG101286,2024-06-21,Tadla (Fkih Ben Salah),El Jadida,Casablanca-Settat,Lait UHT,Camion réfrigéré,213.9,60.1,198.8,213.5,14.6,1,7.21,0.9,71.3,191.09,1146.99,0,32.52964,-6.71396,33.278,-8.50501,33.278,-8.50501
CPG101287,2024-09-05,Rabat,Safi,Marrakech-Safi,Crème fraîche,Camion réfrigéré,340.2,62.7,321.2,325.4,4.2,1,5.08,0.4,115.98,310.84,1945.75,0,33.99173,-6.85299,32.28104,-9.25621,32.28104,-9.25621
CPG101288,2024-09-18,Agadir,Tanger,Tanger-Tétouan-Al Hoceïma,Yaourt,Camion réfrigéré,726.1,69.8,608.2,624.4,16.2,1,4.87,0.73,265.46,711.43,3237.8,0,30.4627,-9.59737,35.73398,-5.81388,35.73398,-5.81388
CPG101289,2024-05-15,Marrakech,Fès,Fès-Meknès,Lait UHT,Camion réfrigéré,505.7,71.3,397.3,425.8,28.5,0,9.21,0.68,154.79,414.85,2821.65,0,31.61122,-7.97585,34.01974,-5.06548,34.01974,-5.06548
CPG101290,2024-03-06,Rabat,Settat,Casablanca-Settat,Yaourt,Camionnette réfrigérée,152.8,48.7,172.2,188.3,16.2,1,6.2,0.62,28.0,75.04,622.84,0,33.99696,-6.84453,33.04788,-7.66628,33.04788,-7.66628
CPG101291,2024-08-31,Tadla (Fkih Ben Salah),Kénitra,Rabat-Salé-Kénitra,Lait UHT,Camion réfrigéré,238.5,71.8,199.3,199.3,0.0,1,7.67,0.82,71.58,191.84,1147.71,0,32.52114,-6.73563,34.24175,-6.58881,34.24175,-6.58881
CPG101292,2024-08-31,Agadir,Marrakech,Marrakech-Safi,Beurre,Camion standard,255.7,67.1,228.8,228.8,0.0,1,8.24,0.51,69.3,185.72,1058.29,0,30.44843,-9.58444,31.62858,-8.00499,31.62858,-8.00499
CPG101293,2024-10-03,Rabat,Kénitra,Rabat-Salé-Kénitra,Lait pasteurisé,Camion réfrigéré,38.1,64.0,26.9,35.7,8.7,1,8.95,0.61,13.71,36.74,343.25,0,34.03548,-6.86982,34.23705,-6.55105,34.23705,-6.55105
CPG101294,2024-05-18,Tadla (Fkih Ben Salah),Khouribga,Béni Mellal-Khénifra,Lben,Camion réfrigéré,55.8,42.9,60.9,78.0,17.1,1,4.26,0.63,17.54,47.0,351.53,0,32.46802,-6.71113,32.83294,-6.91367,32.83294,-6.91367
CPG101295,2024-08-18,Agadir,Taroudant,Souss-Massa,Yaourt,Camion réfrigéré,75.2,61.9,54.6,72.9,18.3,1,4.44,0.92,24.03,64.39,423.6,0,30.45117,-9.62367,30.50347,-8.90557,30.50347,-8.90557
CPG101296,2024-05-27,Casablanca,Tétouan,Tanger-Tétouan-Al Hoceïma,Crème fraîche,Camion réfrigéré,322.9,73.8,246.4,262.4,16.0,1,8.37,0.76,106.37,285.08,1690.4,0,33.5697,-7.61808,35.6015,-5.36062,35.6015,-5.36062
CPG101297,2024-05-24,Marrakech,Meknès,Fès-Meknès,Yaourt,Camion réfrigéré,410.2,68.5,330.8,359.3,28.6,0,6.42,0.66,124.81,334.49,2205.09,0,31.62327,-7.96906,33.90714,-5.5103,33.90714,-5.5103
CPG101298,2024-05-16,Agadir,Meknès,Fès-Meknès,Beurre,Camion standard,702.3,72.9,577.9,577.9,0.0,1,7.57,0.52,213.93,573.33,2785.62,0,30.4129,-9.62628,33.88224,-5.49241,33.88224,-5.49241
CPG101299,2024-02-28,Agadir,Tanger,Tanger-Tétouan-Al Hoceïma,Yaourt,Camion réfrigéré,726.9,63.1,679.0,691.0,12.0,1,6.2,0.63,232.25,622.43,3334.46,1,30.4272,-9.61081,35.79387,-5.85301,35.79387,-5.85301
CPG101300,2024-09-16,Tadla (Fkih Ben Salah),Settat,Casablanca-Settat,Lait UHT,Camion réfrigéré,135.9,61.1,124.3,133.4,9.1,1,4.21,0.7,47.73,127.91,726.97,1,32.53203,-6.68237,33.00714,-7.61,33.00714,-7.61
CPG101301,2024-06-12,Rabat,Tétouan,Tanger-Tétouan-Al Hoceïma,Lait UHT,Camionnette réfrigérée,238.1,66.9,213.4,213.4,0.0,1,7.82,0.79,47.4,127.03,941.61,0,34.0325,-6.83904,35.63951,-5.36939,35.63951,-5.36939
CPG101302,2024-09-11,Rabat,Tanger,Tanger-Tétouan-Al Hoceïma,Yaourt,Camion standard,274.9,73.1,223.9,225.5,1.6,1,4.41,0.75,72.01,192.99,1243.92,0,34.0123,-6.83372,35.74914,-5.86834,35.74914,-5.86834
CPG101303,2024-02-29,Casablanca,Settat,Casablanca-Settat,Yaourt,Camion réfrigéré,68.1,59.9,68.3,68.3,0.0,1,5.49,0.83,21.72,58.2,455.52,0,33.59828,-7.59264,33.02334,-7.63961,33.02334,-7.63961
CPG101304,2024-02-01,Rabat,Fès,Fès-Meknès,Yaourt,Camion réfrigéré,207.2,63.2,183.3,196.8,13.5,1,9.67,0.69,62.95,168.7,1224.48,0,33.96203,-6.83555,34.09333,-5.00561,34.09333,-5.00561
CPG101305,2024-01-15,Tadla (Fkih Ben Salah),Fès,Fès-Meknès,Lait UHT,Camionnette réfrigérée,269.2,35.8,362.2,450.6,88.4,0,9.3,0.89,47.82,128.16,911.2,1,32.51727,-6.67938,34.0199,-4.98877,34.0199,-4.98877
CPG101306,2024-06-28,Rabat,Fès,Fès-Meknès,Yaourt,Camion réfrigéré,214.7,58.5,202.1,220.1,18.1,1,7.17,0.65,68.08,182.46,1082.81,0,34.01866,-6.85087,34.00835,-4.96842,34.00835,-4.96842
CPG101307,2024-10-09,Marrakech,Essaouira,Marrakech-Safi,Lait UHT,Camion réfrigéré,181.6,55.9,194.9,194.9,0.0,1,7.88,0.72,54.1,144.99,997.41,0,31.62609,-7.99713,31.52408,-9.75141,31.52408,-9.75141
CPG101308,2024-01-09,Casablanca,Laâyoune,Laâyoune-Sakia El Hamra,Lait pasteurisé,Camion réfrigéré,1003.4,66.3,876.0,908.0,32.0,0,2.12,0.9,330.87,886.73,4873.43,0,33.61564,-7.61632,27.1489,-13.22622,27.1489,-13.22622
CPG101309,2024-02-21,Casablanca,Safi,Marrakech-Safi,Lait pasteurisé,Camion standard,227.1,62.4,192.6,218.2,25.6,0,7.06,0.71,67.11,179.86,1053.06,1,33.56702,-7.57375,32.29988,-9.21561,32.29988,-9.21561
CPG101310,2024-01-03,Agadir,Tanger,Tanger-Tétouan-Al Hoceïma,Fromage frais,Camion réfrigéré,807.9,65.2,734.4,743.7,9.2,1,11.56,0.92,269.92,723.4,4549.62,0,30.42497,-9.60377,35.76385,-5.84918,35.76385,-5.84918
CPG101311,2024-12-01,Marrakech,Kénitra,Rabat-Salé-Kénitra,Lait pasteurisé,Camion réfrigéré,395.8,55.9,405.7,424.5,18.8,1,7.81,0.68,125.04,335.11,1992.65,0,31.62118,-7.97428,34.25038,-6.52402,34.25038,-6.52402
CPG101312,2024-01-09,Rabat,Essaouira,Marrakech-Safi,Yaourt,Camion standard,437.6,65.8,370.8,399.0,28.2,0,5.23,0.62,134.31,359.94,1884.09,0,34.03909,-6.82952,31.53346,-9.79071,31.53346,-9.79071
CPG101313,2024-07-11,Marrakech,El Jadida,Casablanca-Settat,Lben,Camion réfrigéré,246.8,31.9,359.0,463.6,104.5,0,7.44,0.51,76.21,204.24,1283.32,0,31.61495,-7.97043,33.27659,-8.48667,33.27659,-8.48667
CPG101314,2024-01-10,Marrakech,Kénitra,Rabat-Salé-Kénitra,Lait UHT,Camion standard,410.8,53.5,330.2,460.8,130.6,0,7.17,0.45,119.95,321.47,1557.86,0,31.61699,-7.98382,34.29076,-6.61012,34.29076,-6.61012
CPG101315,2024-11-12,Marrakech,Rabat,Rabat-Salé-Kénitra,Fromage frais,Camion réfrigéré,302.8,67.3,226.4,269.9,43.5,0,12.48,0.78,103.71,277.94,1681.3,0,31.63985,-7.95514,33.95253,-6.86993,33.95253,-6.86993
CPG101316,2024-10-12,Rabat,Marrakech,Marrakech-Safi,Lait UHT,Camionnette réfrigérée,382.4,66.0,330.1,347.8,17.8,1,9.36,0.91,76.29,204.45,1291.32,0,34.00545,-6.81678,31.59646,-7.98962,31.59646,-7.98962
CPG101317,2024-08-21,Agadir,Tétouan,Tanger-Tétouan-Al Hoceïma,Lait pasteurisé,Camion réfrigéré,762.8,55.1,811.9,831.2,19.3,1,9.23,0.7,243.55,652.71,3709.8,0,30.40795,-9.58762,35.57669,-5.3746,35.57669,-5.3746
CPG101318,2024-12-28,Tadla (Fkih Ben Salah),Laâyoune,Laâyoune-Sakia El Hamra,Beurre,Camion réfrigéré,947.9,71.7,741.5,793.3,51.8,0,9.43,0.6,317.1,849.82,5402.73,0,32.49957,-6.66634,27.17499,-13.1337,27.17499,-13.1337
CPG101319,2024-07-29,Tadla (Fkih Ben Salah),Fès,Fès-Meknès,Fromage frais,Camion réfrigéré,244.3,59.3,212.1,247.3,35.2,0,6.52,0.72,88.31,236.66,1389.83,0,32.50111,-6.68955,34.01773,-5.02385,34.01773,-5.02385
CPG101320,2024-05-03,Tadla (Fkih Ben Salah),Safi,Marrakech-Safi,Fromage frais,Camion réfrigéré,311.8,72.4,244.6,258.5,13.9,1,6.63,0.57,91.57,245.42,1553.45,0,32.51246,-6.69222,32.33674,-9.30381,32.33674,-9.30381
CPG101321,2024-03-08,Casablanca,Rabat,Rabat-Salé-Kénitra,Yaourt,Camion réfrigéré,104.3,31.3,84.9,199.7,114.8,0,10.41,0.81,38.1,102.11,675.12,0,33.56451,-7.59213,34.012,-6.80079,34.012,-6.80079
CPG101322,2024-08-03,Casablanca,Casablanca,Casablanca-Settat,Yaourt,Camionnette réfrigérée,5.0,44.1,6.8,6.8,0.0,1,8.5,0.63,0.81,2.17,145.84,1,33.5514,-7.57379,33.61775,-7.55267,33.61775,-7.55267
CPG101323,2024-04-27,Marrakech,Tétouan,Tanger-Tétouan-Al Hoceïma,Lait UHT,Camion réfrigéré,639.8,70.8,540.1,542.5,2.5,1,5.97,1.0,229.69,615.56,2869.54,0,31.63968,-7.97782,35.55594,-5.40642,35.55594,-5.40642
CPG101324,2024-08-10,Marrakech,Fès,Fès-Meknès,Crème fraîche,Camion réfrigéré,507.7,77.8,380.7,391.8,11.1,1,5.53,0.69,154.97,415.32,2809.16,0,31.62655,-7.93107,33.99376,-4.96761,33.99376,-4.96761
CPG101325,2024-09-03,Casablanca,Settat,Casablanca-Settat,Lait UHT,Camion standard,75.3,26.3,70.5,172.1,101.6,0,6.65,0.55,20.1,53.88,386.11,0,33.55312,-7.57935,33.00059,-7.65422,33.00059,-7.65422
CPG101326,2024-12-14,Rabat,Essaouira,Marrakech-Safi,Lait pasteurisé,Camion réfrigéré,452.1,89.6,302.7,302.7,0.0,1,5.75,0.81,138.05,369.98,2244.78,0,34.00972,-6.83958,31.49928,-9.80298,31.49928,-9.80298
CPG101327,2024-02-29,Marrakech,Safi,Marrakech-Safi,Lait pasteurisé,Camion standard,177.4,48.3,126.6,220.5,,0,4.64,0.65,44.77,119.99,683.57,0,31.64914,-7.97166,32.29001,-9.2728,32.29001,-9.2728
CPG101328,2024-08-17,Casablanca,Marrakech,Marrakech-Safi,Lait pasteurisé,Camion réfrigéré,294.1,72.9,242.0,242.0,0.0,1,2.11,0.7,91.8,246.04,1368.26,0,33.5577,-7.58859,31.63462,-8.01571,31.63462,-8.01571
CPG101329,2024-01-22,Casablanca,Marrakech,Marrakech-Safi,Yaourt,Camion réfrigéré,254.2,45.0,226.9,339.2,112.3,0,7.51,1.0,90.39,242.24,1533.01,0,33.58095,-7.62011,31.64483,-8.01432,31.64483,-8.01432
CPG101330,2024-09-12,Marrakech,Tanger,Tanger-Tétouan-Al Hoceïma,Yaourt,Camion standard,528.8,80.9,361.1,392.3,31.1,0,8.53,0.66,159.72,428.06,2059.2,0,31.62955,-7.95235,35.7799,-5.86057,35.7799,-5.86057
CPG101331,2024-09-08,Agadir,Safi,Marrakech-Safi,Lait UHT,Camion réfrigéré,271.4,57.4,241.7,283.9,42.2,0,7.08,0.63,96.78,259.38,1549.27,0,30.42601,-9.59968,32.30798,-9.22172,32.30798,-9.22172
CPG101332,2024-07-09,Marrakech,Oujda,Oriental,Yaourt,Camion standard,720.2,86.8,496.1,497.5,1.4,1,9.26,0.75,214.82,575.71,2765.18,0,31.64753,-7.98272,34.64084,-1.86219,34.64084,-1.86219
CPG101333,2024-01-07,Rabat,Fès,Fès-Meknès,Crème fraîche,Camion standard,227.4,65.9,207.1,207.1,0.0,1,2.95,0.86,62.97,168.75,784.47,0,34.03828,-6.82306,34.01745,-4.93649,34.01745,-4.93649
CPG101334,2024-04-08,Tadla (Fkih Ben Salah),Essaouira,Marrakech-Safi,Lait pasteurisé,Camion réfrigéré,380.7,74.3,289.2,307.3,18.1,1,8.52,0.88,125.84,337.25,2017.75,0,32.48202,-6.67152,31.54478,-9.76037,31.54478,-9.76037
CPG101335,2024-12-10,Agadir,Rabat,Rabat-Salé-Kénitra,Lait pasteurisé,Camion standard,559.5,53.6,480.3,626.1,145.8,0,4.51,0.88,163.93,439.34,2042.25,0,30.41777,-9.60142,34.03206,-6.81828,34.03206,-6.81828
CPG101336,2024-12-24,Rabat,Agadir,Souss-Massa,Yaourt,Camionnette réfrigérée,573.1,56.3,575.6,610.3,34.7,0,6.83,0.55,118.47,317.49,1809.16,0,34.02425,-6.85301,30.46965,-9.62638,30.46965,-9.62638
CPG101337,2024-04-09,Marrakech,Nador,Oriental,Lben,Camion réfrigéré,822.5,51.1,931.3,966.7,,0,6.73,0.74,275.07,737.2,4673.95,0,31.66172,-7.97625,35.19125,-2.90183,35.19125,-2.90183
CPG101338,2024-10-03,Agadir,Oujda,Oriental,Lben,Camion standard,1055.9,78.1,793.2,810.8,17.5,1,7.93,0.64,299.91,803.75,3882.61,0,30.41293,-9.63481,34.65532,-1.8915,34.65532,-1.8915
CPG101339,2024-09-13,Casablanca,Salé,Rabat-Salé-Kénitra,Lait UHT,Camion réfrigéré,99.4,71.9,79.9,82.9,3.0,1,7.55,0.67,36.28,97.23,590.15,0,33.58281,-7.57,34.07084,-6.81095,34.07084,-6.81095
CPG101340,2024-09-16,Rabat,Agadir,Souss-Massa,Yaourt,Camion standard,600.7,59.2,562.3,608.9,46.5,0,6.47,0.8,158.13,423.8,2121.46,0,33.99835,-6.84307,30.44312,-9.54541,30.44312,-9.54541
CPG101341,2024-03-01,Tadla (Fkih Ben Salah),Khouribga,Béni Mellal-Khénifra,Crème fraîche,Camion réfrigéré,58.0,57.0,46.8,61.1,14.3,1,8.54,0.8,21.16,56.71,403.85,0,32.50604,-6.67875,32.90069,-6.93025,32.90069,-6.93025
CPG101342,2024-08-02,Marrakech,Laâyoune,Laâyoune-Sakia El Hamra,Lait pasteurisé,Camion réfrigéré,759.1,72.1,615.6,632.1,16.4,1,5.12,0.58,222.68,596.78,3476.18,0,31.62277,-7.98393,27.13944,-13.09137,27.13944,-13.09137
CPG101343,2024-06-22,Rabat,Essaouira,Marrakech-Safi,Lait pasteurisé,Camion standard,419.6,62.4,385.2,403.7,18.5,1,9.45,0.4,117.76,315.61,1529.28,0,34.02508,-6.85345,31.51718,-9.75132,31.51718,-9.75132
CPG101344,2024-02-27,Casablanca,Khouribga,Béni Mellal-Khénifra,Beurre,Camion réfrigéré,112.0,56.9,100.7,118.1,17.4,1,4.29,0.39,32.8,87.91,560.35,0,33.5882,-7.59323,32.89299,-6.88711,32.89299,-6.88711
CPG101345,2024-08-21,Casablanca,Nador,Oriental,Lben,Camion standard,515.2,60.3,471.4,512.4,41.0,0,7.01,0.59,125.34,335.92,2086.94,1,33.59091,-7.58367,35.13803,-2.92794,35.13803,-2.92794
CPG101346,2024-03-19,Tadla (Fkih Ben Salah),Essaouira,Marrakech-Safi,Fromage frais,Camion réfrigéré,352.6,70.7,272.6,299.2,26.7,0,8.82,0.73,103.79,278.17,2143.83,0,32.51336,-6.67932,31.49988,-9.72375,31.49988,-9.72375
CPG101347,2024-01-06,Marrakech,Marrakech,Marrakech-Safi,Yaourt,Camion standard,5.0,59.4,5.0,5.0,0.0,1,4.91,0.78,1.43,3.83,92.19,0,31.61855,-8.01388,31.66237,-7.98581,31.66237,-7.98581
CPG101348,2024-10-09,Rabat,Casablanca,Casablanca-Settat,Yaourt,Camion réfrigéré,103.4,58.4,94.6,106.3,11.7,1,4.75,0.75,37.14,99.55,534.3,0,34.0598,-6.82847,33.5558,-7.57597,33.5558,-7.57597
CPG101349,2024-01-14,Tadla (Fkih Ben Salah),Settat,Casablanca-Settat,Yaourt,Camion réfrigéré,117.8,51.0,99.1,138.7,39.6,0,2.82,0.77,37.65,100.91,696.36,0,32.49988,-6.73174,33.03038,-7.59995,33.03038,-7.59995
CPG101350,2024-04-03,Marrakech,Laâyoune,Laâyoune-Sakia El Hamra,Yaourt,Camion standard,868.6,91.9,565.1,567.3,2.2,1,9.27,0.78,247.43,663.12,3884.82,0,31.61662,-7.98535,27.0884,-13.19234,27.0884,-13.19234
CPG101351,2024-02-18,Casablanca,Essaouira,Marrakech-Safi,Fromage frais,Camion réfrigéré,355.0,67.3,316.5,316.5,0.0,1,9.56,0.71,129.94,348.23,2137.05,0,33.59239,-7.62159,31.49137,-9.71799,31.49137,-9.71799
CPG101352,2024-08-01,Agadir,Salé,Rabat-Salé-Kénitra,Lait pasteurisé,Camion standard,639.1,78.9,486.0,486.0,0.0,1,9.4,1.0,171.33,459.16,2368.27,0,30.39731,-9.59565,34.07446,-6.81757,34.07446,-6.81757
CPG101353,2024-06-09,Tadla (Fkih Ben Salah),Oujda,Oriental,Yaourt,Camion réfrigéré,606.6,51.7,690.1,704.6,14.5,1,7.59,0.88,200.36,536.96,3291.84,0,32.52392,-6.71027,34.68991,-1.85104,34.68991,-1.85104
CPG101354,2024-05-02,Casablanca,Fès,Fès-Meknès,Fromage frais,Camion standard,281.7,69.4,241.2,243.5,2.3,1,10.37,0.9,68.95,184.79,1254.01,0,33.56518,-7.60702,33.96804,-5.03495,33.96804,-5.03495
CPG101355,2024-05-22,Casablanca,Tanger,Tanger-Tétouan-Al Hoceïma,Fromage frais,Camion réfrigéré,355.6,76.1,273.7,280.3,6.6,1,3.05,0.91,116.19,311.39,1872.27,0,33.58309,-7.57893,35.7939,-5.84486,35.7939,-5.84486
CPG101356,2024-10-11,Agadir,Marrakech,Marrakech-Safi,Lait UHT,Camionnette réfrigérée,266.3,57.7,276.9,276.9,0.0,1,3.16,0.92,54.35,145.65,984.22,0,30.39976,-9.57946,31.6103,-8.03309,31.6103,-8.03309
CPG101357,2024-03-23,Rabat,Marrakech,Marrakech-Safi,Yaourt,Camionnette réfrigérée,372.1,54.2,394.9,411.9,17.0,1,3.95,0.69,69.29,185.7,1162.28,0,34.00447,-6.85049,31.71894,-7.98153,31.71894,-7.98153
CPG101358,2024-08-11,Agadir,Essaouira,Marrakech-Safi,Lben,Camion réfrigéré,156.4,47.9,178.1,195.9,17.8,1,4.65,0.99,48.25,129.32,804.34,0,30.44962,-9.60325,31.52479,-9.76403,31.52479,-9.76403
CPG101359,2024-07-05,Tadla (Fkih Ben Salah),Taroudant,Souss-Massa,Yaourt,Camion réfrigéré,377.0,66.2,330.2,341.7,11.5,1,6.84,0.66,109.5,293.45,2170.34,0,32.50787,-6.67402,30.43034,-8.80327,30.43034,-8.80327
CPG101360,2024-05-07,Rabat,Marrakech,Marrakech-Safi,Lait UHT,Camionnette réfrigérée,384.9,49.7,452.5,464.6,12.1,1,2.85,0.86,64.42,172.63,1468.08,0,34.01675,-6.83254,31.6895,-7.94952,31.6895,-7.94952
CPG101361,2024-01-09,Casablanca,Salé,Rabat-Salé-Kénitra,Lait UHT,Camion standard,102.1,50.8,100.3,120.5,20.3,0,11.84,1.0,27.73,74.31,532.03,0,33.57127,-7.56308,34.08319,-6.7746,34.08319,-6.7746
CPG101362,2024-04-08,Rabat,Rabat,Rabat-Salé-Kénitra,Fromage frais,Camionnette réfrigérée,5.0,64.2,4.7,4.7,0.0,1,4.18,0.75,0.85,2.29,77.31,0,33.99698,-6.88685,34.02359,-6.86969,34.02359,-6.86969
CPG101363,2024-09-05,Rabat,Nador,Oriental,Beurre,Camionnette réfrigérée,444.7,53.0,498.8,503.5,4.7,1,6.99,0.67,76.29,204.45,1492.97,0,34.0084,-6.83713,35.17409,-2.91357,35.17409,-2.91357
CPG101364,2024-08-28,Marrakech,Rabat,Rabat-Salé-Kénitra,Beurre,Camion réfrigéré,307.4,74.9,246.1,246.1,0.0,1,9.87,0.82,111.45,298.68,1843.01,0,31.60961,-7.94634,34.05204,-6.84957,34.05204,-6.84957
CPG101365,2024-02-27,Tadla (Fkih Ben Salah),Rabat,Rabat-Salé-Kénitra,Lait UHT,Camion standard,223.0,73.2,178.9,182.9,4.0,1,6.65,0.72,68.97,184.83,1022.54,0,32.50092,-6.69358,34.07889,-6.81901,34.07889,-6.81901
CPG101366,2024-02-08,Agadir,Meknès,Fès-Meknès,Lait pasteurisé,Camion réfrigéré,676.9,49.9,813.5,813.5,0.0,1,0.76,0.9,227.74,610.35,3695.19,0,30.41658,-9.55519,33.91701,-5.5588,33.91701,-5.5588
CPG101367,2024-01-23,Tadla (Fkih Ben Salah),Béni Mellal,Béni Mellal-Khénifra,Lait UHT,Camion réfrigéré,46.5,48.1,39.8,57.9,18.1,1,5.82,0.67,14.04,37.62,332.02,0,32.49071,-6.68174,32.37291,-6.36064,32.37291,-6.36064
CPG101368,2024-06-28,Agadir,Oujda,Oriental,Lait UHT,Camionnette réfrigérée,922.0,50.1,992.5,1105.2,112.7,0,9.77,0.56,186.67,500.28,3071.62,0,30.43153,-9.55591,34.70782,-1.92439,34.70782,-1.92439
CPG101369,2024-11-13,Rabat,Safi,Marrakech-Safi,Lait UHT,Camion réfrigéré,350.9,75.5,262.6,278.7,16.1,1,4.74,0.54,125.65,336.74,1732.81,0,34.03818,-6.82714,32.3019,-9.24172,32.3019,-9.24172
CPG101370,2024-01-16,Agadir,Agadir,Souss-Massa,Lait UHT,Camion standard,5.0,36.6,3.8,8.2,4.4,1,3.63,0.62,1.24,3.33,74.52,0,30.41227,-9.59725,30.43811,-9.59984,30.43811,-9.59984
CPG101371,2024-07-03,Agadir,Agadir,Souss-Massa,Fromage frais,Camion réfrigéré,5.0,17.0,4.2,17.7,13.5,1,3.63,0.67,1.65,4.43,81.94,0,30.41326,-9.62902,30.41806,-9.63538,30.41806,-9.63538
CPG101372,2024-06-01,Casablanca,Marrakech,Marrakech-Safi,Yaourt,Camion réfrigéré,265.0,47.6,317.8,333.7,15.9,1,2.86,0.68,86.25,231.15,1559.57,0,33.57229,-7.60081,31.64635,-7.92859,31.64635,-7.92859
CPG101373,2024-08-03,Agadir,Nador,Oriental,Yaourt,Camion réfrigéré,893.1,67.6,687.7,792.2,104.5,0,9.75,0.9,279.13,748.06,5016.99,0,30.44177,-9.61849,35.19421,-2.96711,35.19421,-2.96711
CPG101374,2024-02-19,Casablanca,Kénitra,Rabat-Salé-Kénitra,Yaourt,Camion réfrigéré,131.6,73.7,89.6,107.2,17.5,1,6.35,0.82,39.87,106.84,804.5,0,33.56617,-7.58493,34.25187,-6.55152,34.25187,-6.55152
CPG101375,2024-05-05,Casablanca,Nador,Oriental,Crème fraîche,Camion standard,611.2,54.8,569.1,668.9,99.8,0,5.29,0.63,181.41,486.19,2102.3,0,33.57995,-7.6083,35.18097,-2.9497,35.18097,-2.9497
CPG101376,2024-01-24,Casablanca,Safi,Marrakech-Safi,Fromage frais,Camion réfrigéré,239.2,70.3,163.0,204.2,41.1,0,11.19,0.75,72.53,194.37,1429.59,0,33.55527,-7.59762,32.2982,-9.24971,32.2982,-9.24971
CPG101377,2024-07-29,Casablanca,Taroudant,Souss-Massa,Lben,Camion réfrigéré,484.9,58.7,433.3,495.2,61.9,0,7.47,0.76,163.11,437.12,2597.62,0,33.59055,-7.58425,30.41725,-8.88072,30.41725,-8.88072
CPG101378,2024-03-24,Casablanca,Salé,Rabat-Salé-Kénitra,Crème fraîche,Camion standard,112.5,52.9,94.8,127.6,32.8,0,3.78,0.8,32.14,86.14,433.48,0,33.57793,-7.64307,34.04251,-6.83027,34.04251,-6.83027
CPG101379,2024-02-15,Tadla (Fkih Ben Salah),Taroudant,Souss-Massa,Yaourt,Camion réfrigéré,333.5,73.3,272.9,272.9,0.0,1,10.71,0.56,113.64,304.55,1618.39,0,32.49931,-6.67295,30.51067,-8.86291,30.51067,-8.86291
CPG101380,2024-04-20,Tadla (Fkih Ben Salah),Safi,Marrakech-Safi,Lait pasteurisé,Camion réfrigéré,290.6,68.1,256.1,256.1,0.0,1,5.71,0.46,91.38,244.89,1367.9,0,32.53075,-6.65731,32.39922,-9.24624,32.39922,-9.24624
CPG101381,2024-11-01,Casablanca,Safi,Marrakech-Safi,Beurre,Camion réfrigéré,259.1,64.9,193.7,239.5,45.8,0,7.17,0.81,82.8,221.91,1487.74,0,33.57485,-7.58815,32.30012,-9.24099,32.30012,-9.24099
CPG101382,2024-04-07,Rabat,Taroudant,Souss-Massa,Lait UHT,Camion réfrigéré,526.0,63.7,480.1,495.7,15.6,1,3.9,0.95,154.62,414.37,2630.94,0,34.00959,-6.83035,30.51144,-8.90746,30.51144,-8.90746
CPG101383,2024-07-13,Casablanca,Kénitra,Rabat-Salé-Kénitra,Lben,Camionnette réfrigérée,155.8,40.5,208.6,230.8,22.2,0,4.9,0.57,29.74,79.71,628.22,0,33.55228,-7.60087,34.23053,-6.5241,34.23053,-6.5241
CPG101384,2024-12-21,Casablanca,Oujda,Oriental,Lait UHT,Camionnette réfrigérée,651.2,61.3,621.8,637.6,15.8,1,10.38,0.76,124.5,333.66,2299.59,0,33.56044,-7.62104,34.6605,-1.94024,34.6605,-1.94024
CPG101385,2024-10-21,Marrakech,Nador,Oriental,Lait pasteurisé,Camion réfrigéré,699.8,53.9,724.0,779.4,55.5,0,4.45,0.56,227.24,609.01,3475.69,0,31.66198,-7.98567,35.1887,-2.94642,35.1887,-2.94642
CPG101386,2024-07-04,Casablanca,Nador,Oriental,Yaourt,Camion standard,580.2,52.1,657.8,668.3,10.5,1,5.43,0.61,159.84,428.38,2405.68,0,33.57071,-7.53405,35.11128,-2.96846,35.11128,-2.96846
CPG101387,2024-10-04,Rabat,Kénitra,Rabat-Salé-Kénitra,Crème fraîche,Camion réfrigéré,46.1,51.4,37.1,53.8,16.6,1,12.45,0.72,15.21,40.75,412.19,0,34.04046,-6.85319,34.28219,-6.60575,34.28219,-6.60575
CPG101388,2024-06-07,Agadir,Agadir,Souss-Massa,Yaourt,Camion réfrigéré,5.0,25.1,5.0,11.9,6.9,1,9.61,0.48,1.67,4.47,170.7,0,30.43807,-9.61967,30.41954,-9.66136,30.41954,-9.66136
CPG101389,2024-10-09,Tadla (Fkih Ben Salah),Fès,Fès-Meknès,Lben,Camion standard,251.8,77.1,196.0,196.0,0.0,1,5.39,0.57,71.41,191.38,1125.32,0,32.51462,-6.70889,34.00609,-4.99886,34.00609,-4.99886
CPG101390,2024-07-07,Marrakech,Casablanca,Casablanca-Settat,Lait UHT,Camionnette réfrigérée,271.4,42.5,346.9,382.8,35.9,0,4.95,0.61,53.65,143.79,994.47,0,31.6366,-7.98361,33.60219,-7.60278,33.60219,-7.60278
CPG101391,2024-09-21,Marrakech,Tanger,Tanger-Tétouan-Al Hoceïma,Lait UHT,Camion standard,600.1,68.9,522.7,522.7,0.0,1,1.89,0.93,162.09,434.4,2171.31,0,31.62749,-7.99999,35.761,-5.93991,35.761,-5.93991
CPG101392,2024-08-17,Rabat,Agadir,Souss-Massa,Yaourt,Camion réfrigéré,536.6,63.8,486.6,504.6,18.1,1,14.37,0.97,,483.89,3028.72,0,34.0177,-6.83017,30.37063,-9.56746,30.37063,-9.56746
CPG101393,2024-05-26,Tadla (Fkih Ben Salah),Tanger,Tanger-Tétouan-Al Hoceïma,Yaourt,Camion réfrigéré,403.8,58.5,414.0,414.0,0.0,1,5.33,0.89,129.21,346.28,1870.39,0,32.46973,-6.64815,35.77343,-5.90411,35.77343,-5.90411
CPG101394,2024-07-01,Rabat,Meknès,Fès-Meknès,Fromage frais,Camion réfrigéré,135.3,79.7,101.8,101.8,0.0,1,3.99,0.84,47.55,127.43,664.36,0,34.02905,-6.84718,33.86729,-5.56928,33.86729,-5.56928
CPG101395,2024-08-21,Rabat,Safi,Marrakech-Safi,Fromage frais,Camion réfrigéré,337.0,58.7,320.2,344.3,24.1,0,9.48,0.72,100.81,270.16,1960.86,0,34.03084,-6.8294,32.29805,-9.21353,32.29805,-9.21353
CPG101396,2024-08-02,Marrakech,Oujda,Oriental,Lait UHT,Camionnette réfrigérée,834.8,72.4,662.0,691.4,29.4,0,7.52,0.7,164.29,440.3,2626.63,0,31.63294,-7.98964,34.66222,-1.90373,34.66222,-1.90373
CPG101397,2024-09-29,Marrakech,Marrakech,Marrakech-Safi,Lben,Camionnette réfrigérée,5.0,15.8,5.0,19.0,13.9,1,2.3,0.87,1.01,2.71,48.69,0,31.63341,-7.9858,31.67477,-8.06014,31.67477,-8.06014
CPG101398,2024-05-31,Agadir,Meknès,Fès-Meknès,Crème fraîche,Camion standard,634.6,62.3,611.6,611.6,0.0,1,4.97,0.95,161.03,431.56,2297.52,0,30.41548,-9.58176,33.90115,-5.57082,33.90115,-5.57082
CPG101399,2024-03-28,Tadla (Fkih Ben Salah),Settat,Casablanca-Settat,Beurre,Camion réfrigéré,134.3,57.4,133.9,140.4,6.5,1,6.3,0.7,41.81,112.06,778.0,0,32.48385,-6.69037,32.98002,-7.57895,32.98002,-7.57895
CPG101400,2024-02-16,Marrakech,Khouribga,Béni Mellal-Khénifra,Yaourt,Camion réfrigéré,211.2,50.2,252.3,252.3,0.0,1,1.15,0.71,64.21,172.1,1021.85,0,31.61864,-7.989,32.86878,-6.87847,32.86878,-6.87847
CPG101401,2024-12-11,Casablanca,Khouribga,Béni Mellal-Khénifra,Lben,Camion réfrigéré,116.1,43.3,115.9,160.7,44.9,0,5.18,0.83,34.86,93.43,609.26,0,33.59605,-7.58179,32.87787,-6.97347,32.87787,-6.97347
CPG101402,2024-04-20,Tadla (Fkih Ben Salah),Taroudant,Souss-Massa,Fromage frais,Camion standard,352.6,79.6,260.0,265.8,5.8,1,7.0,0.84,108.87,291.77,1561.4,0,32.47915,-6.66083,30.46288,-8.85948,30.46288,-8.85948
CPG101403,2024-03-24,Marrakech,Fès,Fès-Meknès,Fromage frais,Camion réfrigéré,445.4,60.0,394.9,445.2,50.3,0,6.39,0.55,160.56,430.31,2167.45,0,31.60555,-7.98641,34.10767,-5.02256,34.10767,-5.02256
CPG101404,2024-11-16,Marrakech,Safi,Marrakech-Safi,Lben,Camion standard,161.0,65.5,136.3,147.5,11.2,1,4.97,0.92,42.09,112.8,623.23,0,31.66685,-7.94971,32.31057,-9.23862,32.31057,-9.23862
CPG101405,2024-02-22,Tadla (Fkih Ben Salah),Taroudant,Souss-Massa,Beurre,Camion standard,322.5,57.8,326.0,334.5,8.6,1,10.32,0.73,88.51,237.21,1473.66,0,32.51803,-6.68606,30.4977,-8.9028,30.4977,-8.9028
CPG101406,2024-04-01,Agadir,Settat,Casablanca-Settat,Crème fraîche,Camion standard,396.1,82.4,258.9,288.5,29.5,0,7.63,0.71,118.4,317.32,1698.94,0,30.3724,-9.60817,32.97648,-7.58182,32.97648,-7.58182
CPG101407,2024-04-28,Marrakech,Khouribga,Béni Mellal-Khénifra,Beurre,Camion réfrigéré,215.6,39.2,223.7,330.4,106.7,0,7.63,0.9,68.62,183.9,1339.77,0,31.63476,-7.94456,32.87298,-6.87049,32.87298,-6.87049
CPG101408,2024-07-06,Tadla (Fkih Ben Salah),Khouribga,Béni Mellal-Khénifra,Lait UHT,Camion réfrigéré,52.5,57.9,38.3,54.4,16.1,1,2.35,0.77,19.05,51.05,303.98,0,32.48973,-6.68068,32.88317,-6.9146,32.88317,-6.9146
CPG101409,2024-01-30,Tadla (Fkih Ben Salah),Essaouira,Marrakech-Safi,Yaourt,Camion réfrigéré,349.8,66.9,289.3,313.8,24.5,0,9.89,0.58,116.53,312.31,1990.95,1,32.4902,-6.66747,31.52872,-9.7713,31.52872,-9.7713
CPG101410,2024-08-20,Agadir,Fès,Fès-Meknès,Crème fraîche,Camion standard,632.2,71.3,517.2,531.8,14.6,1,1.03,0.65,154.79,414.83,2644.39,0,30.41913,-9.57614,34.04484,-5.00944,34.04484,-5.00944
CPG101411,2024-09-14,Agadir,Settat,Casablanca-Settat,Lait pasteurisé,Camion réfrigéré,413.2,58.0,427.2,427.2,0.0,1,2.45,0.59,128.06,343.21,2315.9,0,30.45664,-9.61485,33.01525,-7.6809,33.01525,-7.6809
CPG101412,2024-05-07,Marrakech,Béni Mellal,Béni Mellal-Khénifra,Lait UHT,Camion réfrigéré,213.7,65.8,185.5,194.9,9.4,1,8.71,0.86,76.96,206.25,1307.48,0,31.63232,-7.97312,32.34578,-6.38122,32.34578,-6.38122
CPG101413,2024-04-22,Agadir,Salé,Rabat-Salé-Kénitra,Lait UHT,Camion standard,592.3,64.7,538.7,548.8,10.1,1,6.26,0.97,164.18,440.0,2424.3,0,30.43495,-9.61424,34.04676,-6.80112,34.04676,-6.80112
CPG101414,2024-10-16,Agadir,Salé,Rabat-Salé-Kénitra,Lait UHT,Camion réfrigéré,508.1,69.2,436.2,440.4,4.2,1,3.64,0.63,168.57,451.76,2617.63,0,30.40238,-9.59566,34.06928,-6.83687,34.06928,-6.83687
CPG101415,2024-09-03,Rabat,Casablanca,Casablanca-Settat,Lait UHT,Camion standard,94.0,66.7,84.6,84.6,0.0,1,4.58,0.83,27.88,74.72,405.87,0,34.03222,-6.86826,33.56915,-7.52903,33.56915,-7.52903
CPG101416,2024-05-05,Rabat,Agadir,Souss-Massa,Lait UHT,Camion standard,615.5,80.7,457.6,457.6,0.0,1,12.01,0.84,149.65,401.06,2260.99,0,34.00989,-6.83749,30.51529,-9.58144,30.51529,-9.58144
CPG101417,2024-05-12,Marrakech,Safi,Marrakech-Safi,Fromage frais,Camion réfrigéré,183.8,49.2,210.8,224.0,13.2,1,2.67,0.79,64.86,173.83,845.46,0,31.59597,-7.9633,32.34531,-9.20188,32.34531,-9.20188
CPG101418,2024-08-29,Marrakech,El Jadida,Casablanca-Settat,Yaourt,Camion réfrigéré,226.5,56.6,232.4,240.3,7.9,1,7.15,0.69,71.43,191.43,1284.22,0,31.63437,-7.94085,33.22716,-8.4857,33.22716,-8.4857
CPG101419,2024-11-14,Casablanca,Fès,Fès-Meknès,Fromage frais,Camion standard,313.0,64.3,250.3,291.9,41.6,0,7.05,0.73,85.42,228.92,1186.25,0,33.57091,-7.56934,34.0152,-4.97881,34.0152,-4.97881
CPG101420,2024-11-17,Agadir,Béni Mellal,Béni Mellal-Khénifra,Yaourt,Camion réfrigéré,450.0,49.5,521.4,545.9,24.5,0,8.38,0.8,145.92,391.07,2566.26,0,30.42201,-9.58705,32.41044,-6.33395,32.41044,-6.33395
CPG101421,2024-09-04,Agadir,Oujda,Oriental,Lait UHT,Camion réfrigéré,974.6,63.3,797.8,923.3,125.4,0,6.04,0.52,319.59,856.51,5032.5,0,30.46371,-9.63723,34.67138,-1.8919,34.67138,-1.8919
CPG101422,2024-07-01,Rabat,Marrakech,Marrakech-Safi,Beurre,Camion standard,345.7,62.8,316.6,330.5,14.0,1,3.61,0.78,98.19,263.16,1328.13,0,34.04061,-6.80075,31.64641,-8.00183,31.64641,-8.00183
CPG101423,2024-12-19,Agadir,Kénitra,Rabat-Salé-Kénitra,Fromage frais,Camion réfrigéré,581.7,50.7,682.1,688.3,6.1,1,7.98,0.74,207.8,556.91,2705.29,0,30.43142,-9.63115,34.26555,-6.58856,34.26555,-6.58856
CPG101424,2024-03-30,Tadla (Fkih Ben Salah),Tanger,Tanger-Tétouan-Al Hoceïma,Yaourt,Camion réfrigéré,402.6,54.2,412.0,445.6,33.6,0,7.81,0.96,129.57,347.24,2142.84,0,32.48635,-6.68641,35.76577,-5.78271,35.76577,-5.78271
CPG101425,2024-04-17,Casablanca,El Jadida,Casablanca-Settat,Lait UHT,Camion réfrigéré,122.6,54.6,110.6,134.7,24.0,0,5.32,0.91,43.21,115.8,643.62,0,33.58518,-7.59585,33.21511,-8.53783,33.21511,-8.53783
CPG101426,2024-08-06,Agadir,Rabat,Rabat-Salé-Kénitra,Beurre,Camionnette réfrigérée,555.0,56.2,592.1,592.1,0.0,1,4.82,1.0,90.23,241.82,1932.42,0,30.4606,-9.5937,33.96595,-6.83436,33.96595,-6.83436
CPG101427,2024-02-29,Tadla (Fkih Ben Salah),Casablanca,Casablanca-Settat,Lben,Camion réfrigéré,190.7,44.8,136.3,255.5,119.2,0,11.63,0.58,63.17,169.3,1065.25,0,32.48809,-6.6528,33.58882,-7.60934,33.58882,-7.60934
CPG101428,2024-08-24,Marrakech,Nador,Oriental,Lait UHT,Camion réfrigéré,757.6,64.4,687.3,706.0,18.8,1,1.79,0.8,276.75,741.7,4035.22,0,31.60558,-7.95985,35.12511,-2.94737,35.12511,-2.94737
CPG101429,2024-04-24,Agadir,Marrakech,Marrakech-Safi,Lait UHT,Camion réfrigéré,234.7,45.3,190.1,311.2,121.1,0,1.07,0.94,81.18,217.56,1238.26,0,30.43074,-9.61115,31.63524,-7.97525,31.63524,-7.97525
CPG101430,2024-01-15,Marrakech,Safi,Marrakech-Safi,Crème fraîche,Camionnette réfrigérée,181.8,65.5,148.1,166.5,,1,8.68,0.87,34.21,91.69,752.35,0,31.63346,-7.93409,32.30814,-9.22582,32.30814,-9.22582
CPG101431,2024-10-19,Casablanca,Tétouan,Tanger-Tétouan-Al Hoceïma,Yaourt,Camion réfrigéré,386.3,67.4,311.9,343.9,32.1,0,3.86,0.6,112.45,301.38,1802.4,0,33.58276,-7.61982,35.65415,-5.38438,35.65415,-5.38438
CPG101432,2024-05-01,Rabat,Béni Mellal,Béni Mellal-Khénifra,Lait pasteurisé,Camion réfrigéré,239.6,66.7,208.6,215.6,7.0,1,7.2,0.55,84.11,225.4,1454.44,0,34.00909,-6.86314,32.38042,-6.39398,32.38042,-6.39398
CPG101433,2024-11-04,Casablanca,Nador,Oriental,Crème fraîche,Camion réfrigéré,584.5,57.4,610.6,610.6,0.0,1,9.72,0.81,210.91,565.23,2966.56,0,33.57182,-7.59208,35.18266,-2.9411,35.18266,-2.9411
CPG101434,2024-11-09,Marrakech,Marrakech,Marrakech-Safi,Lben,Camion réfrigéré,5.0,8.4,4.0,35.7,31.8,0,10.79,0.59,1.84,4.92,185.69,0,31.61287,-7.96864,31.64308,-8.03446,31.64308,-8.03446
CPG101435,2024-02-02,Marrakech,Essaouira,Marrakech-Safi,Fromage frais,Camionnette réfrigérée,200.8,51.2,202.1,235.4,33.2,0,4.93,0.62,34.5,92.47,649.82,0,31.64571,-7.99751,31.53222,-9.72461,31.53222,-9.72461
CPG101436,2024-11-25,Tadla (Fkih Ben Salah),Essaouira,Marrakech-Safi,Lait UHT,Camion réfrigéré,372.9,62.3,359.4,359.4,0.0,1,8.17,1.0,129.56,347.23,2095.78,0,32.52467,-6.66823,31.5237,-9.75162,31.5237,-9.75162
CPG101437,2024-06-07,Agadir,Salé,Rabat-Salé-Kénitra,Lait pasteurisé,Camionnette réfrigérée,586.0,66.5,528.4,528.4,0.0,1,8.78,0.63,114.99,308.18,2283.8,0,30.47994,-9.59521,34.07082,-6.806,34.07082,-6.806
CPG101438,2024-03-25,Tadla (Fkih Ben Salah),Settat,Casablanca-Settat,Yaourt,Camion réfrigéré,124.0,50.2,114.9,148.2,33.3,0,7.37,0.69,38.25,102.5,760.5,0,32.47213,-6.71698,33.00159,-7.61154,33.00159,-7.61154
CPG101439,2024-04-30,Casablanca,El Jadida,Casablanca-Settat,Lben,Camion réfrigéré,117.6,71.8,98.4,98.4,0.0,1,8.8,0.54,37.26,99.85,732.52,0,33.58089,-7.56493,33.24129,-8.53585,33.24129,-8.53585
CPG101440,2024-09-23,Marrakech,Khouribga,Béni Mellal-Khénifra,Yaourt,Camion réfrigéré,182.8,59.1,160.9,185.6,24.7,0,3.47,0.44,56.56,151.59,1033.96,0,31.64345,-7.96043,32.8763,-6.9089,32.8763,-6.9089
CPG101441,2024-01-01,Rabat,Kénitra,Rabat-Salé-Kénitra,Crème fraîche,Camion réfrigéré,46.3,39.2,39.9,70.8,30.9,0,8.93,0.66,13.72,36.76,368.63,0,34.0365,-6.82467,34.27027,-6.61002,34.27027,-6.61002
CPG101442,2024-03-01,Tadla (Fkih Ben Salah),Casablanca,Casablanca-Settat,Lait UHT,Camion réfrigéré,185.7,69.8,143.4,159.7,16.4,1,5.99,0.72,54.04,144.84,918.05,0,32.49353,-6.71253,33.57808,-7.60499,33.57808,-7.60499
CPG101443,2024-10-18,Agadir,Oujda,Oriental,Lait UHT,Camion réfrigéré,1016.8,64.4,937.1,946.8,9.8,1,2.81,0.88,319.93,857.42,4719.81,0,30.41996,-9.59804,34.62416,-1.88363,34.62416,-1.88363
CPG101444,2024-03-29,Rabat,El Jadida,Casablanca-Settat,Yaourt,Camion standard,225.0,73.3,177.5,184.2,6.8,1,7.92,0.61,58.33,156.31,863.25,0,34.036,-6.81304,33.2855,-8.50201,33.2855,-8.50201
CPG101445,2024-04-06,Marrakech,Kénitra,Rabat-Salé-Kénitra,Lait pasteurisé,Camion standard,419.7,73.9,340.7,340.7,0.0,1,5.67,0.74,105.74,283.37,1718.2,1,31.63851,-7.96629,34.25615,-6.56909,34.25615,-6.56909
CPG101446,2024-11-16,Casablanca,Marrakech,Marrakech-Safi,Fromage frais,Camion réfrigéré,278.0,53.7,310.3,310.3,0.0,1,3.38,0.74,91.6,245.49,1255.36,0,33.574,-7.57384,31.68024,-8.01464,31.68024,-8.01464
CPG101447,2024-03-27,Tadla (Fkih Ben Salah),Fès,Fès-Meknès,Lait UHT,Camion standard,268.1,48.1,230.3,334.1,103.8,0,7.9,0.99,67.29,180.34,1146.03,0,32.48886,-6.66959,34.00536,-5.00716,34.00536,-5.00716
CPG101448,2024-11-21,Agadir,Casablanca,Casablanca-Settat,Yaourt,Camion réfrigéré,481.6,63.6,433.1,454.3,21.2,0,8.97,0.6,171.26,458.98,2237.51,0,30.42092,-9.61641,33.57254,-7.57837,33.57254,-7.57837
CPG101449,2024-05-07,Marrakech,Essaouira,Marrakech-Safi,Beurre,Camion réfrigéré,201.5,52.6,199.4,229.7,30.3,0,9.48,1.0,69.19,185.44,1081.76,0,31.61655,-7.95763,31.52286,-9.78633,31.52286,-9.78633
CPG101450,2024-05-19,Agadir,Oujda,Oriental,Beurre,Camion réfrigéré,1012.3,57.7,1052.7,1052.7,0.0,1,4.26,0.82,362.63,971.85,5190.43,0,30.41149,-9.59097,34.62576,-1.93639,34.62576,-1.93639
CPG101451,2024-07-13,Casablanca,El Jadida,Casablanca-Settat,Fromage frais,Camion standard,109.6,54.5,105.8,120.6,14.7,1,8.04,0.63,28.54,76.49,555.81,0,33.57178,-7.58365,33.23739,-8.54434,33.23739,-8.54434
CPG101452,2024-07-06,Rabat,Casablanca,Casablanca-Settat,Fromage frais,Camion standard,109.4,76.7,85.5,85.5,0.0,1,2.38,0.75,27.37,73.34,505.66,0,34.02014,-6.83598,33.53714,-7.59445,33.53714,-7.59445
CPG101453,2024-04-03,Rabat,Rabat,Rabat-Salé-Kénitra,Lait pasteurisé,Camion réfrigéré,5.0,7.4,5.5,40.4,35.0,0,9.04,0.85,1.61,4.32,164.2,0,34.01203,-6.81738,33.94902,-6.85157,33.94902,-6.85157
CPG101454,2024-10-09,Agadir,Essaouira,Marrakech-Safi,Beurre,Camion standard,153.9,71.7,116.4,128.8,12.4,1,6.13,0.93,37.69,101.0,595.84,0,30.44448,-9.63384,31.51305,-9.81151,31.51305,-9.81151
CPG101455,2024-12-22,Rabat,Meknès,Fès-Meknès,Lait pasteurisé,Camion standard,134.6,60.7,114.6,133.0,18.5,1,5.33,0.66,39.69,106.37,527.07,0,33.99663,-6.83858,33.83534,-5.5592,33.83534,-5.5592
CPG101456,2024-08-07,Marrakech,Tétouan,Tanger-Tétouan-Al Hoceïma,Lait UHT,Camion réfrigéré,559.5,63.5,528.7,528.7,0.0,1,6.72,0.45,165.59,443.79,2615.79,0,31.63099,-7.98649,35.59023,-5.31346,35.59023,-5.31346
CPG101457,2024-10-13,Tadla (Fkih Ben Salah),Salé,Rabat-Salé-Kénitra,Lait pasteurisé,Camion standard,184.2,65.5,168.7,168.7,0.0,1,9.67,0.81,56.96,152.64,868.55,0,32.51004,-6.69096,34.00771,-6.78373,34.00771,-6.78373
CPG101458,2024-10-24,Rabat,Fès,Fès-Meknès,Lben,Camion réfrigéré,193.3,48.0,200.9,241.8,40.9,0,4.21,0.8,68.31,183.06,974.05,0,34.02942,-6.86016,34.01573,-4.98241,34.01573,-4.98241
CPG101459,2024-10-11,Rabat,Tétouan,Tanger-Tétouan-Al Hoceïma,Lait UHT,Camion standard,289.6,62.6,261.0,277.4,16.4,1,4.19,0.65,85.28,228.56,1112.42,0,34.0336,-6.84118,35.57449,-5.35248,35.57449,-5.35248
CPG101460,2024-06-07,Tadla (Fkih Ben Salah),Essaouira,Marrakech-Safi,Yaourt,Camion réfrigéré,407.7,61.4,377.8,398.1,20.3,0,7.03,0.63,137.51,368.54,2332.95,0,32.50609,-6.68861,31.60457,-9.83326,31.60457,-9.83326
CPG101461,2024-05-28,Casablanca,Casablanca,Casablanca-Settat,Fromage frais,Camionnette réfrigérée,5.0,70.6,4.3,4.3,0.0,1,5.44,0.51,1.03,2.76,98.91,0,33.55877,-7.6045,33.57855,-7.64716,33.57855,-7.64716
CPG101462,2024-01-30,Agadir,Safi,Marrakech-Safi,Lait pasteurisé,Camion standard,247.8,68.7,182.2,216.6,34.4,0,8.88,0.55,73.7,197.53,1195.63,0,30.43159,-9.61137,32.28653,-9.25609,32.28653,-9.25609
CPG101463,2024-04-15,Casablanca,Essaouira,Marrakech-Safi,Lait UHT,Camion réfrigéré,368.2,71.1,310.7,310.7,0.0,1,4.83,0.51,132.98,356.39,1956.39,0,33.5738,-7.58441,31.50447,-9.78697,31.50447,-9.78697
CPG101464,2024-01-18,Rabat,Meknès,Fès-Meknès,Yaourt,Camion réfrigéré,159.3,60.7,157.3,157.3,0.0,1,7.03,0.93,46.43,124.44,986.48,0,34.04508,-6.84485,33.95924,-5.58513,33.95924,-5.58513
CPG101465,2024-05-04,Tadla (Fkih Ben Salah),Kénitra,Rabat-Salé-Kénitra,Crème fraîche,Camion standard,224.0,34.4,249.9,390.4,140.5,0,2.57,0.8,62.78,168.26,794.03,0,32.51096,-6.69907,34.26811,-6.61452,34.26811,-6.61452
CPG101466,2024-02-07,Agadir,Tanger,Tanger-Tétouan-Al Hoceïma,Lben,Camion standard,760.4,71.9,618.2,634.3,16.1,1,5.33,0.84,198.28,531.38,3261.02,0,30.42644,-9.56838,35.71534,-5.82545,35.71534,-5.82545
CPG101467,2024-06-02,Agadir,Settat,Casablanca-Settat,Lait UHT,Camion réfrigéré,427.0,68.2,364.6,375.8,11.2,1,4.96,0.79,132.41,354.86,2165.51,0,30.41369,-9.5873,33.07313,-7.63798,33.07313,-7.63798
CPG101468,2024-04-22,Casablanca,Khouribga,Béni Mellal-Khénifra,Fromage frais,Camion réfrigéré,108.4,62.4,86.0,104.1,18.1,1,8.79,0.72,37.9,101.57,649.57,0,33.60931,-7.57247,32.93921,-6.90542,32.93921,-6.90542
CPG101469,2024-08-26,Rabat,Settat,Casablanca-Settat,Crème fraîche,Camion réfrigéré,174.9,39.3,182.7,267.2,84.5,0,6.78,1.0,54.23,145.35,920.8,0,34.03012,-6.82497,32.97626,-7.63655,32.97626,-7.63655
CPG101470,2024-12-30,Tadla (Fkih Ben Salah),Tétouan,Tanger-Tétouan-Al Hoceïma,Crème fraîche,Camion standard,486.7,50.7,503.0,576.3,73.4,0,7.95,0.71,148.09,396.88,1902.76,0,32.47654,-6.68829,35.5428,-5.41476,35.5428,-5.41476
CPG101471,2024-08-19,Marrakech,Meknès,Fès-Meknès,Lait UHT,Camion réfrigéré,426.9,72.3,354.2,354.2,0.0,1,6.4,0.74,129.6,347.33,2515.03,0,31.63402,-7.98603,33.91041,-5.54581,33.91041,-5.54581
CPG101472,2024-07-11,Agadir,Tétouan,Tanger-Tétouan-Al Hoceïma,Yaourt,Camion standard,930.6,86.9,606.9,642.3,35.5,0,8.91,0.68,226.47,606.95,3590.74,0,30.43785,-9.63675,35.60036,-5.36183,35.60036,-5.36183
CPG101473,2024-07-08,Agadir,Safi,Marrakech-Safi,Fromage frais,Camion standard,240.0,86.0,165.3,167.4,2.1,1,9.08,0.81,60.98,163.44,983.82,0,30.42105,-9.57283,32.30474,-9.31656,32.30474,-9.31656
CPG101474,2024-09-05,Rabat,Settat,Casablanca-Settat,Yaourt,Camion réfrigéré,164.9,52.7,162.8,187.8,25.0,0,5.52,0.68,50.28,134.75,1009.71,0,34.00739,-6.85669,32.95667,-7.63546,32.95667,-7.63546
CPG101475,2024-05-11,Agadir,Khouribga,Béni Mellal-Khénifra,Beurre,Camion réfrigéré,430.6,68.4,321.1,377.9,,0,5.37,0.63,136.6,366.09,2115.94,0,30.45712,-9.6308,32.88936,-6.8784,32.88936,-6.8784
CPG101476,2024-03-27,Marrakech,Meknès,Fès-Meknès,Crème fraîche,Camion réfrigéré,381.5,68.8,332.6,332.6,0.0,1,11.29,0.56,136.65,366.21,1992.25,0,31.63439,-7.95651,33.87183,-5.59181,33.87183,-5.59181
CPG101477,2024-11-04,Agadir,Settat,Casablanca-Settat,Lait pasteurisé,Camion réfrigéré,448.9,50.2,476.6,536.8,60.2,0,10.07,1.0,138.64,371.56,2525.09,0,30.40923,-9.60125,33.01539,-7.5749,33.01539,-7.5749
CPG101478,2024-11-13,Casablanca,Béni Mellal,Béni Mellal-Khénifra,Yaourt,Camionnette réfrigérée,228.5,33.9,287.2,404.8,117.5,0,5.2,0.79,40.2,107.75,718.25,0,33.5852,-7.58201,32.28636,-6.31925,32.28636,-6.31925
CPG101479,2024-12-15,Casablanca,Tanger,Tanger-Tétouan-Al Hoceïma,Lait UHT,Camion standard,334.3,65.3,295.2,306.9,11.7,1,9.6,0.65,90.32,242.07,1267.15,0,33.54648,-7.58827,35.77653,-5.85901,35.77653,-5.85901
CPG101480,2024-08-24,Tadla (Fkih Ben Salah),Nador,Oriental,Yaourt,Camion réfrigéré,548.9,70.8,447.9,465.5,17.6,1,2.61,0.79,197.32,528.82,2946.46,0,32.49132,-6.6964,35.21216,-2.96236,35.21216,-2.96236
CPG101481,2024-07-06,Rabat,Béni Mellal,Béni Mellal-Khénifra,Beurre,Camion standard,257.4,80.5,177.8,191.8,14.0,1,3.03,0.7,65.44,175.37,1073.54,0,33.96638,-6.83184,32.39007,-6.28709,32.39007,-6.28709
CPG101482,2024-05-29,Rabat,Safi,Marrakech-Safi,Yaourt,Camionnette réfrigérée,387.0,64.2,346.4,361.4,15.1,1,3.36,0.7,77.01,206.38,1307.77,0,34.04936,-6.84866,32.30037,-9.28877,32.30037,-9.28877
CPG101483,2024-08-19,Casablanca,Tétouan,Tanger-Tétouan-Al Hoceïma,Yaourt,Camion standard,376.3,63.3,351.3,356.7,5.4,1,4.02,0.55,102.18,273.84,1611.47,0,33.52956,-7.57683,35.62058,-5.35199,35.62058,-5.35199
CPG101484,2024-09-12,Casablanca,Settat,Casablanca-Settat,Lait UHT,Camionnette réfrigérée,80.2,67.6,71.2,71.2,0.0,1,6.82,0.66,16.48,44.18,345.97,0,33.59091,-7.6063,32.9788,-7.63707,32.9788,-7.63707
CPG101485,2024-07-22,Tadla (Fkih Ben Salah),Oujda,Oriental,Fromage frais,Camion réfrigéré,631.6,69.2,535.8,547.5,11.8,1,6.7,0.95,188.49,505.16,3038.87,0,32.4836,-6.70469,34.66402,-1.94241,34.66402,-1.94241
CPG101486,2024-10-13,Casablanca,Béni Mellal,Béni Mellal-Khénifra,Yaourt,Camion standard,216.5,51.3,215.8,253.3,37.5,0,11.83,0.73,64.82,173.73,913.68,0,33.56861,-7.61637,32.30931,-6.37423,32.30931,-6.37423
CPG101487,2024-04-28,Agadir,Laâyoune,Laâyoune-Sakia El Hamra,Beurre,Camion réfrigéré,587.8,56.4,625.2,625.2,0.0,1,4.93,0.67,190.54,510.66,2866.81,0,30.41763,-9.60233,27.11827,-13.20652,27.11827,-13.20652
CPG101488,2024-11-23,Marrakech,Kénitra,Rabat-Salé-Kénitra,Fromage frais,Camionnette réfrigérée,419.2,59.0,420.1,426.1,6.0,1,5.76,0.73,79.31,212.56,1320.11,0,31.62848,-7.97977,34.27549,-6.5721,34.27549,-6.5721
CPG101489,2024-09-21,Agadir,Settat,Casablanca-Settat,Lait UHT,Camion réfrigéré,390.9,85.8,273.4,273.4,0.0,1,4.72,0.92,122.35,327.9,2001.36,1,30.47043,-9.5767,33.00305,-7.62502,33.00305,-7.62502
CPG101490,2024-10-26,Casablanca,Béni Mellal,Béni Mellal-Khénifra,Lben,Camionnette réfrigérée,214.1,43.6,233.2,294.5,61.3,0,7.36,0.71,39.88,106.88,811.46,0,33.62055,-7.61034,32.35597,-6.38937,32.35597,-6.38937
CPG101491,2024-04-26,Rabat,Rabat,Rabat-Salé-Kénitra,Lait UHT,Camion réfrigéré,5.0,9.5,3.8,31.6,27.8,0,2.06,0.5,1.74,4.67,54.69,0,34.02596,-6.85583,34.02559,-6.84325,34.02559,-6.84325
CPG101492,2024-04-15,Tadla (Fkih Ben Salah),Khouribga,Béni Mellal-Khénifra,Lait pasteurisé,Camion réfrigéré,57.5,44.0,68.0,78.5,10.4,1,6.59,0.59,20.72,55.54,409.65,0,32.48319,-6.67424,32.90698,-6.93125,32.90698,-6.93125
CPG101493,2024-08-25,Agadir,Rabat,Rabat-Salé-Kénitra,Fromage frais,Camionnette réfrigérée,631.9,56.5,543.6,671.5,127.9,0,6.14,0.95,129.06,345.88,2163.76,0,30.46177,-9.56669,33.99634,-6.87574,33.99634,-6.87574
CPG101494,2024-11-28,Tadla (Fkih Ben Salah),Agadir,Souss-Massa,Crème fraîche,Camion standard,463.2,55.5,423.2,500.3,77.1,0,11.49,0.59,134.08,359.32,1828.72,0,32.50066,-6.68515,30.43087,-9.60458,30.43087,-9.60458
CPG101495,2024-12-08,Rabat,Essaouira,Marrakech-Safi,Lait UHT,Camion réfrigéré,495.8,50.9,576.5,584.8,8.4,1,3.39,0.74,156.61,419.71,2469.38,0,34.02604,-6.84925,31.50209,-9.77916,31.50209,-9.77916
CPG101496,2024-09-05,Rabat,Taroudant,Souss-Massa,Crème fraîche,Camion réfrigéré,540.2,75.2,406.5,430.8,24.3,0,0.2,0.99,197.28,528.72,2867.65,0,34.03951,-6.83354,30.46102,-8.88637,30.46102,-8.88637
CPG101497,2024-07-15,Rabat,Meknès,Fès-Meknès,Beurre,Camion réfrigéré,133.6,69.7,108.1,115.0,6.9,1,8.3,0.59,45.52,121.98,866.06,0,34.01418,-6.85649,33.91279,-5.5628,33.91279,-5.5628
CPG101498,2024-05-17,Agadir,Tétouan,Tanger-Tétouan-Al Hoceïma,Lait pasteurisé,Camion standard,782.0,70.5,649.1,665.6,16.5,1,7.14,0.57,218.22,584.82,3378.89,0,30.39559,-9.56408,35.57597,-5.35405,35.57597,-5.35405
CPG101499,2024-01-04,Tadla (Fkih Ben Salah),Kénitra,Rabat-Salé-Kénitra,Yaourt,Camion réfrigéré,208.4,43.6,174.7,286.7,112.1,0,4.39,0.21,69.47,186.19,1209.11,0,32.48832,-6.69101,34.33334,-6.55473,34.33334,-6.55473
CPG101500,2024-07-07,Casablanca,Meknès,Fès-Meknès,Fromage frais,Camion standard,225.1,70.5,191.5,191.5,0.0,1,6.14,0.67,67.82,181.75,868.97,0,33.56869,-7.59901,33.89925,-5.55506,33.89925,-5.55506
CPG101501,2024-09-24,Agadir,Meknès,Fès-Meknès,Lait pasteurisé,Camion standard,613.6,64.8,549.0,568.2,19.3,1,0.75,0.68,179.94,482.23,2007.08,0,30.41834,-9.60897,33.93247,-5.53466,33.93247,-5.53466
CPG101502,2024-09-27,Rabat,Oujda,Oriental,Lait pasteurisé,Camion réfrigéré,550.7,67.0,464.9,493.4,28.6,0,8.9,0.79,186.31,499.3,3264.1,0,34.01183,-6.79453,34.64253,-1.873,34.64253,-1.873
CPG101503,2024-07-19,Casablanca,Safi,Marrakech-Safi,Lait pasteurisé,Camion réfrigéré,280.4,70.2,232.9,239.7,6.7,1,11.29,0.62,85.74,229.79,1525.57,0,33.60029,-7.63037,32.26363,-9.21457,32.26363,-9.21457
CPG101504,2024-09-19,Marrakech,Casablanca,Casablanca-Settat,Beurre,Camion standard,278.6,64.1,220.9,260.8,39.9,0,7.36,0.86,78.5,210.39,1055.2,0,31.61323,-7.97068,33.5993,-7.54501,33.5993,-7.54501
CPG101505,2024-07-08,Rabat,Settat,Casablanca-Settat,Fromage frais,Camion réfrigéré,159.7,70.0,134.3,136.9,2.6,1,8.05,0.68,48.67,130.43,968.17,0,34.01278,-6.86431,32.99076,-7.62019,32.99076,-7.62019
CPG101506,2024-10-23,Agadir,Essaouira,Marrakech-Safi,Lait UHT,Camion standard,143.3,82.1,104.7,104.7,0.0,1,0.36,0.74,42.75,114.57,505.15,0,30.43222,-9.60713,31.46393,-9.75155,31.46393,-9.75155
CPG101507,2024-04-04,Casablanca,Essaouira,Marrakech-Safi,Lben,Camion réfrigéré,403.7,69.9,346.8,346.8,0.0,1,10.3,0.6,141.48,379.16,1964.18,0,33.58556,-7.61543,31.45995,-9.75433,31.45995,-9.75433
CPG101508,2024-11-17,Rabat,El Jadida,Casablanca-Settat,Lait pasteurisé,Camion réfrigéré,199.1,68.1,153.4,175.4,22.0,0,6.64,0.95,72.65,194.7,1204.7,0,34.01947,-6.84841,33.29347,-8.52022,33.29347,-8.52022
CPG101509,2024-04-26,Tadla (Fkih Ben Salah),Béni Mellal,Béni Mellal-Khénifra,Lait UHT,Camion réfrigéré,47.0,42.3,51.2,66.7,15.5,1,4.68,0.53,14.04,37.63,323.66,0,32.48787,-6.71091,32.34475,-6.38455,32.34475,-6.38455
CPG101510,2024-02-02,Agadir,Khouribga,Béni Mellal-Khénifra,Yaourt,Camion standard,425.4,58.3,414.1,437.4,23.4,0,6.6,0.71,125.23,335.61,1806.86,0,30.43167,-9.61134,32.93374,-6.90926,32.93374,-6.90926
CPG101511,2024-07-16,Casablanca,Essaouira,Marrakech-Safi,Lait pasteurisé,Camion standard,393.1,83.8,272.4,281.4,8.9,1,2.67,0.46,116.85,313.16,1532.55,0,33.54598,-7.60103,31.49251,-9.7217,31.49251,-9.7217
CPG101512,2024-02-29,Tadla (Fkih Ben Salah),Agadir,Souss-Massa,Lben,Camion réfrigéré,465.6,71.0,393.6,393.6,0.0,1,0.84,0.85,170.06,455.75,2210.22,0,32.49938,-6.68585,30.46634,-9.57799,30.46634,-9.57799
CPG101513,2024-04-10,Marrakech,Rabat,Rabat-Salé-Kénitra,Lben,Camion réfrigéré,371.0,56.8,379.7,391.7,12.0,1,7.28,0.58,118.74,318.23,2133.68,1,31.61163,-8.00372,33.95733,-6.80681,33.95733,-6.80681
CPG101514,2024-05-31,Casablanca,Salé,Rabat-Salé-Kénitra,Beurre,Camion réfrigéré,97.9,74.4,79.0,79.0,0.0,1,7.46,0.73,33.0,88.45,559.07,0,33.58076,-7.5993,34.03032,-6.77783,34.03032,-6.77783
CPG101515,2024-08-02,Marrakech,Nador,Oriental,Lait pasteurisé,Camion réfrigéré,689.5,78.5,502.6,527.1,24.5,0,9.23,0.59,220.97,592.21,3518.03,0,31.63016,-7.97059,35.16052,-2.91555,35.16052,-2.91555
CPG101516,2024-07-17,Agadir,Tanger,Tanger-Tétouan-Al Hoceïma,Fromage frais,Camion standard,818.5,77.4,626.0,634.1,8.1,1,9.44,0.8,205.86,551.7,3675.49,0,30.40389,-9.6162,35.77173,-5.85383,35.77173,-5.85383
CPG101517,2024-01-02,Tadla (Fkih Ben Salah),El Jadida,Casablanca-Settat,Lait pasteurisé,Camion standard,223.0,72.2,171.3,185.2,14.0,1,7.09,0.78,60.19,161.32,853.97,0,32.50309,-6.67701,33.26066,-8.48834,33.26066,-8.48834
CPG101518,2024-05-20,Tadla (Fkih Ben Salah),Tanger,Tanger-Tétouan-Al Hoceïma,Lait pasteurisé,Camion standard,456.4,64.7,401.6,423.0,21.4,0,5.16,0.66,111.78,299.56,1701.49,0,32.4761,-6.68388,35.7218,-5.82243,35.7218,-5.82243
CPG101519,2024-11-14,Tadla (Fkih Ben Salah),Meknès,Fès-Meknès,Beurre,Camion réfrigéré,242.3,61.5,203.9,236.4,32.6,0,9.55,0.61,71.33,191.17,1304.44,0,32.50515,-6.698,33.93564,-5.54245,33.93564,-5.54245
CPG101520,2024-01-29,Agadir,Rabat,Rabat-Salé-Kénitra,Crème fraîche,Camionnette réfrigérée,601.3,55.2,628.7,653.8,25.1,0,3.26,0.62,101.65,272.42,2034.98,0,30.44301,-9.61335,33.9897,-6.8159,33.9897,-6.8159
CPG101521,2024-07-05,Agadir,Tétouan,Tanger-Tétouan-Al Hoceïma,Lait UHT,Camion réfrigéré,733.4,65.1,664.3,676.3,11.9,1,5.81,0.98,232.13,622.12,3330.11,0,30.4484,-9.61751,35.57855,-5.36518,35.57855,-5.36518
CPG101522,2024-10-20,Agadir,Oujda,Oriental,Beurre,Camion réfrigéré,1101.1,51.3,1267.4,1286.7,19.3,1,13.08,0.66,326.7,875.55,6414.39,0,30.43292,-9.59574,34.69612,-1.91029,34.69612,-1.91029
CPG101523,2024-12-23,Agadir,Tanger,Tanger-Tétouan-Al Hoceïma,Lait UHT,Camion standard,755.1,61.3,712.2,739.1,26.9,0,9.09,0.84,213.16,571.26,3060.8,1,30.44619,-9.58626,35.75528,-5.80849,35.75528,-5.80849
CPG101524,2024-09-21,Tadla (Fkih Ben Salah),Settat,Casablanca-Settat,Lait UHT,Camion standard,111.8,55.7,101.4,120.3,18.9,1,8.14,0.6,28.95,77.58,534.47,0,32.52039,-6.66288,32.92184,-7.58313,32.92184,-7.58313
CPG101525,2024-05-26,Rabat,Khouribga,Béni Mellal-Khénifra,Beurre,Camion réfrigéré,143.5,66.5,122.5,129.4,6.9,1,1.76,0.83,48.41,129.74,718.08,0,34.04132,-6.85933,32.90446,-6.89104,32.90446,-6.89104
CPG101526,2024-01-24,Marrakech,Taroudant,Souss-Massa,Yaourt,Camion standard,162.3,51.8,132.2,188.2,56.0,0,8.83,0.89,46.47,124.54,742.9,0,31.63755,-7.96747,30.48182,-8.891,30.48182,-8.891
CPG101527,2024-04-06,Casablanca,Casablanca,Casablanca-Settat,Beurre,Camionnette réfrigérée,5.0,55.9,5.4,5.4,0.0,1,12.54,0.58,1.01,2.71,205.15,0,33.57028,-7.57884,33.56262,-7.57293,33.56262,-7.57293
CPG101528,2024-12-27,Rabat,Rabat,Rabat-Salé-Kénitra,Lait UHT,Camion réfrigéré,5.0,10.4,4.5,28.9,24.4,0,10.65,1.0,1.61,4.32,186.11,0,34.04069,-6.83691,34.00422,-6.83203,34.00422,-6.83203
CPG101529,2024-12-04,Tadla (Fkih Ben Salah),Settat,Casablanca-Settat,Crème fraîche,Camion standard,137.0,42.1,109.5,195.1,85.6,0,5.42,0.98,40.45,108.42,598.56,0,32.48678,-6.68069,32.98669,-7.57828,32.98669,-7.57828
CPG101530,2024-08-02,Agadir,Laâyoune,Laâyoune-Sakia El Hamra,Fromage frais,Camionnette réfrigérée,568.4,44.2,726.3,771.8,45.5,0,6.4,0.84,117.28,314.3,1849.1,0,30.4006,-9.62212,27.1007,-13.16455,27.1007,-13.16455
CPG101531,2024-03-18,Marrakech,Safi,Marrakech-Safi,Beurre,Camion standard,148.3,60.9,131.7,146.2,14.5,1,6.43,0.89,43.79,117.35,708.42,0,31.60039,-7.98824,32.32039,-9.18688,32.32039,-9.18688
CPG101532,2024-09-22,Agadir,Salé,Rabat-Salé-Kénitra,Lait UHT,Camionnette réfrigérée,637.2,54.1,681.4,706.2,24.8,0,9.0,0.52,105.02,281.45,2096.31,0,30.457,-9.5923,34.06697,-6.77269,34.06697,-6.77269
CPG101533,2024-01-16,Rabat,Béni Mellal,Béni Mellal-Khénifra,Lait pasteurisé,Camion réfrigéré,258.6,69.8,222.3,222.3,,1,1.6,0.63,77.15,206.77,1447.32,0,34.0386,-6.87684,32.32797,-6.39859,32.32797,-6.39859
CPG101534,2024-02-16,Marrakech,Marrakech,Marrakech-Safi,Crème fraîche,Camion standard,5.0,9.2,4.6,32.7,28.1,0,6.44,0.89,1.44,3.87,116.86,0,31.63085,-7.96856,31.60032,-8.01759,31.60032,-8.01759
CPG101535,2024-09-17,Marrakech,El Jadida,Casablanca-Settat,Crème fraîche,Camion réfrigéré,207.7,76.8,162.2,162.2,0.0,1,5.35,0.96,60.68,162.61,1021.9,1,31.60888,-7.93383,33.2336,-8.5054,33.2336,-8.5054
CPG101536,2024-10-26,Casablanca,Tétouan,Tanger-Tétouan-Al Hoceïma,Lait pasteurisé,Camionnette réfrigérée,402.1,56.6,354.0,426.3,72.3,0,4.52,0.63,70.73,189.56,1368.62,0,33.56348,-7.57398,35.56685,-5.35378,35.56685,-5.35378
CPG101537,2024-03-04,Marrakech,Béni Mellal,Béni Mellal-Khénifra,Fromage frais,Camion réfrigéré,184.9,78.1,142.1,142.1,0.0,1,1.94,0.91,54.37,145.71,1062.83,0,31.63725,-7.98907,32.40287,-6.37315,32.40287,-6.37315
CPG101538,2024-11-07,Agadir,Casablanca,Casablanca-Settat,Lait UHT,Camion standard,465.9,53.5,410.5,522.1,111.6,0,9.69,0.64,121.44,325.45,1885.17,0,30.42375,-9.58605,33.64922,-7.56779,33.64922,-7.56779
CPG101539,2024-09-13,Marrakech,Béni Mellal,Béni Mellal-Khénifra,Lben,Camion réfrigéré,210.0,68.3,184.6,184.6,0.0,1,7.44,0.62,63.13,169.19,1143.25,0,31.61877,-8.01496,32.37299,-6.34902,32.37299,-6.34902
CPG101540,2024-02-19,Tadla (Fkih Ben Salah),Tanger,Tanger-Tétouan-Al Hoceïma,Lait pasteurisé,Camion standard,486.1,62.0,446.1,470.6,24.5,0,4.83,0.49,138.19,370.35,1795.17,0,32.48748,-6.66746,35.76648,-5.81485,35.76648,-5.81485
CPG101541,2024-03-19,Casablanca,Nador,Oriental,Lait pasteurisé,Camion standard,557.2,88.6,377.3,377.3,0.0,1,12.0,0.85,153.56,411.53,2101.96,0,33.56698,-7.55921,35.1396,-2.94042,35.1396,-2.94042
CPG101542,2024-11-30,Agadir,Oujda,Oriental,Beurre,Camion réfrigéré,1044.0,81.3,770.5,770.5,0.0,1,6.46,0.9,380.47,1019.67,5742.78,0,30.4541,-9.61933,34.72006,-1.89545,34.72006,-1.89545
CPG101543,2024-03-20,Agadir,El Jadida,Casablanca-Settat,Lait UHT,Camion réfrigéré,439.1,63.1,398.7,417.7,18.9,1,9.9,0.61,134.08,359.35,2233.68,0,30.40099,-9.59182,33.33958,-8.50253,33.33958,-8.50253
CPG101544,2024-11-18,Casablanca,Marrakech,Marrakech-Safi,Lait pasteurisé,Camion réfrigéré,264.8,58.0,266.3,274.2,7.9,1,6.45,0.81,88.28,236.59,1464.03,0,33.58847,-7.6017,31.65098,-7.99974,31.65098,-7.99974
CPG101545,2024-06-16,Casablanca,Rabat,Rabat-Salé-Kénitra,Lait UHT,Camion standard,101.3,57.1,81.5,106.4,24.9,0,8.46,0.69,30.39,81.44,558.93,0,33.56139,-7.60979,34.02293,-6.88281,34.02293,-6.88281
CPG101546,2024-04-24,Rabat,Marrakech,Marrakech-Safi,Yaourt,Camion standard,372.4,56.0,344.2,399.3,55.0,0,13.18,0.67,104.88,281.07,1574.04,0,34.0015,-6.85922,31.67695,-7.97624,31.67695,-7.97624
CPG101547,2024-12-10,Agadir,Safi,Marrakech-Safi,Lait UHT,Camion standard,253.8,82.1,170.3,185.4,15.0,1,10.94,0.79,70.02,187.65,1236.85,0,30.4368,-9.61602,32.26189,-9.24351,32.26189,-9.24351
CPG101548,2024-06-07,Rabat,Taroudant,Souss-Massa,Beurre,Camion standard,526.7,55.1,538.4,573.7,35.2,0,9.01,0.2,148.62,398.29,2323.42,0,34.00002,-6.86473,30.45881,-8.86729,30.45881,-8.86729
CPG101549,2024-12-20,Agadir,Nador,Oriental,Lait UHT,Camion réfrigéré,1097.9,81.1,758.1,811.8,53.7,0,7.64,0.54,,1058.09,6176.45,0,30.45494,-9.60622,35.17678,-2.89265,35.17678,-2.89265
CPG101550,2024-05-18,Rabat,Laâyoune,Laâyoune-Sakia El Hamra,Lait UHT,Camionnette réfrigérée,1114.4,51.3,1302.0,1303.4,1.3,1,9.68,0.65,204.64,548.43,3323.8,0,34.0062,-6.84724,27.07715,-13.20553,27.07715,-13.20553
CPG101551,2024-03-11,Marrakech,Meknès,Fès-Meknès,Lait pasteurisé,Camion réfrigéré,448.9,74.7,354.3,360.6,6.3,1,3.38,0.69,134.23,359.73,2113.08,0,31.64598,-8.00313,33.91083,-5.62905,33.91083,-5.62905
CPG101552,2024-12-20,Marrakech,Tanger,Tanger-Tétouan-Al Hoceïma,Beurre,Camion standard,566.0,68.1,498.6,498.6,0.0,1,7.47,0.6,145.9,391.0,2211.39,0,31.63671,-8.03475,35.665,-5.84324,35.665,-5.84324
CPG101553,2024-08-02,Casablanca,Tanger,Tanger-Tétouan-Al Hoceïma,Yaourt,Camion réfrigéré,384.2,72.3,306.6,319.0,12.4,1,7.72,0.66,134.91,361.55,2257.32,0,33.62243,-7.60944,35.70892,-5.84567,35.70892,-5.84567
CPG101554,2024-01-30,Tadla (Fkih Ben Salah),Khouribga,Béni Mellal-Khénifra,Beurre,Camionnette réfrigérée,51.1,38.7,53.3,79.2,26.0,0,4.5,0.68,8.35,22.38,244.67,0,32.46365,-6.6476,32.8888,-6.91107,32.8888,-6.91107
CPG101555,2024-09-24,Agadir,Marrakech,Marrakech-Safi,Fromage frais,Camion réfrigéré,270.0,64.5,235.5,251.2,,1,12.89,0.69,97.81,262.13,1673.69,0,30.40305,-9.55892,31.62964,-7.96705,31.62964,-7.96705
CPG101556,2024-12-23,Agadir,Meknès,Fès-Meknès,Yaourt,Camion réfrigéré,679.3,69.7,565.3,585.0,19.7,1,7.19,0.86,237.9,637.57,3490.88,0,30.47197,-9.60305,33.92695,-5.5264,33.92695,-5.5264
CPG101557,2024-08-28,Rabat,Nador,Oriental,Fromage frais,Camionnette réfrigérée,444.5,43.0,620.8,620.8,0.0,1,4.5,0.41,86.84,232.73,1524.69,0,34.02894,-6.8375,35.15443,-2.91562,35.15443,-2.91562
CPG101558,2024-01-10,Casablanca,Casablanca,Casablanca-Settat,Fromage frais,Camion réfrigéré,5.0,12.5,4.2,23.9,19.8,1,8.37,0.74,1.69,4.52,151.55,0,33.57662,-7.61165,33.62404,-7.62435,33.62404,-7.62435
CPG101559,2024-06-12,Rabat,Meknès,Fès-Meknès,Yaourt,Camion standard,137.0,59.9,101.6,137.3,35.7,0,5.52,0.92,35.89,96.18,571.04,0,34.00396,-6.84207,33.86284,-5.57374,33.86284,-5.57374
CPG101560,2024-01-31,Casablanca,Agadir,Souss-Massa,Lait pasteurisé,Camion standard,458.0,69.3,372.4,396.4,23.9,0,4.6,0.69,120.0,321.59,1853.85,0,33.57517,-7.59243,30.44941,-9.60183,30.44941,-9.60183
CPG101561,2024-08-13,Rabat,Taroudant,Souss-Massa,Yaourt,Camion standard,482.4,81.5,349.2,355.1,5.9,1,0.84,0.6,125.87,337.32,1805.79,0,33.99304,-6.84482,30.49292,-8.87874,30.49292,-8.87874
CPG101562,2024-06-21,Tadla (Fkih Ben Salah),Meknès,Fès-Meknès,Fromage frais,Camion réfrigéré,216.8,55.6,233.9,233.9,0.0,1,8.33,0.88,64.75,173.54,1110.77,0,32.47961,-6.65618,33.95958,-5.56361,33.95958,-5.56361
CPG101563,2024-09-21,Casablanca,Laâyoune,Laâyoune-Sakia El Hamra,Fromage frais,Camion réfrigéré,1085.1,59.4,1075.6,1095.4,19.8,1,12.52,0.82,339.8,910.65,5454.65,0,33.59489,-7.58823,27.10129,-13.14659,27.10129,-13.14659
CPG101564,2024-05-26,Marrakech,Laâyoune,Laâyoune-Sakia El Hamra,Lben,Camion réfrigéré,857.6,74.7,688.6,688.6,0.0,1,4.09,0.32,282.53,757.18,4947.5,0,31.64626,-8.02869,27.09439,-13.17725,27.09439,-13.17725
CPG101565,2024-11-18,Tadla (Fkih Ben Salah),Oujda,Oriental,Lait UHT,Camionnette réfrigérée,593.9,61.6,576.9,578.0,1.1,1,9.17,0.6,121.88,326.63,2156.16,0,32.51486,-6.66419,34.6892,-1.92066,34.6892,-1.92066
CPG101566,2024-06-26,Agadir,Taroudant,Souss-Massa,Lait UHT,Camion réfrigéré,87.5,34.1,86.3,154.0,67.7,0,7.71,0.72,31.04,83.2,551.03,0,30.40045,-9.56083,30.52459,-8.88686,30.52459,-8.88686
CPG101567,2024-10-16,Marrakech,Tétouan,Tanger-Tétouan-Al Hoceïma,Lait UHT,Camionnette réfrigérée,661.7,40.7,891.7,974.9,83.2,0,2.82,0.9,133.15,356.85,2060.95,0,31.59895,-7.97861,35.52471,-5.3832,35.52471,-5.3832
CPG101568,2024-03-08,Rabat,Fès,Fès-Meknès,Beurre,Camionnette réfrigérée,189.1,57.7,171.2,196.7,25.5,0,4.65,0.55,36.94,99.0,602.78,0,34.04784,-6.84392,34.02831,-5.01596,34.02831,-5.01596
CPG101569,2024-08-13,Marrakech,Salé,Rabat-Salé-Kénitra,Yaourt,Camion standard,389.5,60.6,350.7,385.6,35.0,0,9.33,0.63,115.1,308.47,1653.52,0,31.61804,-8.00052,34.04974,-6.74165,34.04974,-6.74165
CPG101570,2024-02-14,Rabat,Settat,Casablanca-Settat,Lait pasteurisé,Camion réfrigéré,155.3,45.3,124.0,205.8,81.8,0,4.98,0.75,53.54,143.49,790.92,0,34.09455,-6.8757,33.04288,-7.60793,33.04288,-7.60793
CPG101571,2024-07-31,Rabat,Settat,Casablanca-Settat,Beurre,Camion standard,173.6,64.1,139.8,162.5,22.7,0,5.88,0.72,44.91,120.35,679.23,0,34.03771,-6.84049,33.0367,-7.65607,33.0367,-7.65607
CPG101572,2024-05-26,Marrakech,El Jadida,Casablanca-Settat,Beurre,Camion réfrigéré,206.5,65.6,188.7,188.7,0.0,1,7.63,0.7,75.92,203.46,1149.19,0,31.65927,-7.94664,33.27667,-8.48601,33.27667,-8.48601
CPG101573,2024-03-21,Agadir,Essaouira,Marrakech-Safi,Lait pasteurisé,Camion standard,152.5,49.0,157.9,186.7,28.8,0,9.69,0.84,44.5,119.27,719.61,0,30.42852,-9.57924,31.5102,-9.78101,31.5102,-9.78101
CPG101574,2024-02-27,Agadir,Safi,Marrakech-Safi,Lait UHT,Camion réfrigéré,253.7,52.2,271.0,291.9,20.9,0,2.86,0.85,74.58,199.88,1242.05,0,30.45268,-9.6081,32.31861,-9.30097,32.31861,-9.30097
CPG101575,2024-11-05,Casablanca,Salé,Rabat-Salé-Kénitra,Lait UHT,Camionnette réfrigérée,107.0,60.5,94.7,106.1,11.5,1,8.58,0.82,22.15,59.36,465.68,0,33.56986,-7.61041,34.04898,-6.83769,34.04898,-6.83769
CPG101576,2024-03-29,Rabat,Taroudant,Souss-Massa,Yaourt,Camion réfrigéré,574.8,58.8,561.2,586.1,24.9,0,4.13,0.8,200.33,536.89,2739.01,0,34.05221,-6.8481,30.38151,-8.88993,30.38151,-8.88993
CPG101577,2024-03-21,Agadir,Nador,Oriental,Lait UHT,Camion standard,951.4,65.1,844.7,877.0,32.3,0,5.26,0.76,258.25,692.12,3512.61,0,30.42942,-9.57782,35.19491,-2.93237,35.19491,-2.93237
CPG101578,2024-05-13,Casablanca,Fès,Fès-Meknès,Lait UHT,Camion réfrigéré,294.9,61.5,275.0,287.6,12.6,1,8.58,0.73,99.36,266.29,1639.61,0,33.54579,-7.57663,34.00794,-5.01756,34.00794,-5.01756
CPG101579,2024-02-27,Marrakech,Taroudant,Souss-Massa,Lait UHT,Camionnette réfrigérée,179.6,48.1,205.2,224.2,19.1,1,7.35,0.94,34.92,93.58,697.07,0,31.64741,-7.96271,30.43975,-8.85915,30.43975,-8.85915
CPG101580,2024-11-05,Marrakech,Khouribga,Béni Mellal-Khénifra,Beurre,Camionnette réfrigérée,219.9,66.0,188.3,199.9,11.6,1,14.06,0.65,42.02,112.62,857.71,0,31.63452,-7.96745,32.8658,-6.95242,32.8658,-6.95242
CPG101581,2024-10-02,Casablanca,Laâyoune,Laâyoune-Sakia El Hamra,Beurre,Camion réfrigéré,1037.8,71.1,875.3,876.1,0.7,1,3.47,0.47,345.45,925.81,4915.08,0,33.55735,-7.62951,27.13645,-13.17976,27.13645,-13.17976
CPG101582,2024-07-29,Agadir,Essaouira,Marrakech-Safi,Lait UHT,Camion réfrigéré,130.6,54.0,130.6,145.1,14.5,1,4.46,0.53,38.31,102.67,672.51,0,30.44152,-9.60161,31.53573,-9.6976,31.53573,-9.6976
CPG101583,2024-03-08,Tadla (Fkih Ben Salah),Tétouan,Tanger-Tétouan-Al Hoceïma,Fromage frais,Camion standard,458.4,78.5,349.9,350.3,0.3,1,9.08,0.65,139.5,373.87,1862.68,0,32.51759,-6.68491,35.59323,-5.36159,35.59323,-5.36159
CPG101584,2024-05-11,Marrakech,Oujda,Oriental,Lait UHT,Camionnette réfrigérée,844.9,49.2,1026.8,1030.6,3.8,1,6.6,0.7,162.42,435.29,3144.58,0,31.65806,-7.9852,34.70516,-1.9258,34.70516,-1.9258
CPG101585,2024-12-19,Tadla (Fkih Ben Salah),Meknès,Fès-Meknès,Fromage frais,Camion standard,206.1,47.8,144.1,258.6,114.5,0,8.18,0.7,58.97,158.05,971.47,0,32.5149,-6.69632,33.88443,-5.55629,33.88443,-5.55629
CPG101586,2024-11-30,Tadla (Fkih Ben Salah),Casablanca,Casablanca-Settat,Yaourt,Camionnette réfrigérée,157.6,52.8,179.1,179.1,0.0,1,11.51,0.67,29.55,79.21,662.18,0,32.50045,-6.66475,33.57883,-7.63212,33.57883,-7.63212
CPG101587,2024-02-23,Marrakech,Kénitra,Rabat-Salé-Kénitra,Crème fraîche,Camion réfrigéré,399.0,59.9,352.2,399.5,47.3,0,8.23,0.85,137.25,367.82,1913.02,0,31.6406,-7.98255,34.23079,-6.58571,34.23079,-6.58571
CPG101588,2024-06-10,Marrakech,Agadir,Souss-Massa,Lait pasteurisé,Camionnette réfrigérée,217.2,57.2,225.8,227.9,2.1,1,3.56,0.57,41.21,110.45,753.78,0,31.648,-7.96713,30.40391,-9.61439,30.40391,-9.61439
CPG101589,2024-05-25,Agadir,Kénitra,Rabat-Salé-Kénitra,Fromage frais,Camion standard,569.6,67.6,440.6,505.3,64.7,0,11.07,0.3,148.16,397.08,2495.64,0,30.40506,-9.62298,34.25203,-6.52702,34.25203,-6.52702
CPG101590,2024-11-11,Tadla (Fkih Ben Salah),Fès,Fès-Meknès,Beurre,Camionnette réfrigérée,264.5,59.1,247.9,268.3,20.3,0,5.96,0.88,48.11,128.93,908.68,0,32.46403,-6.69409,34.0055,-5.04853,34.0055,-5.04853
CPG101591,2024-03-10,Agadir,Settat,Casablanca-Settat,Lait UHT,Camion standard,370.7,54.0,391.5,411.8,20.3,0,6.43,1.0,91.86,246.19,1624.46,0,30.43666,-9.59578,32.99483,-7.60753,32.99483,-7.60753
CPG101592,2024-10-26,Rabat,Meknès,Fès-Meknès,Lait pasteurisé,Camionnette réfrigérée,153.6,47.6,180.3,193.4,13.1,1,2.92,0.7,27.07,72.54,566.48,1,33.9816,-6.83766,33.89741,-5.53901,33.89741,-5.53901
CPG101593,2024-10-05,Casablanca,Essaouira,Marrakech-Safi,Yaourt,Camionnette réfrigérée,372.2,50.6,441.5,441.5,0.0,1,9.7,0.64,62.91,168.61,1216.06,0,33.62528,-7.58482,31.52474,-9.76758,31.52474,-9.76758
CPG101594,2024-09-29,Rabat,Settat,Casablanca-Settat,Lait pasteurisé,Camion réfrigéré,157.8,50.5,138.2,187.3,49.1,0,6.94,0.64,54.12,145.05,935.92,0,34.06229,-6.87439,33.00999,-7.64764,33.00999,-7.64764
CPG101595,2024-08-29,Rabat,Agadir,Souss-Massa,Yaourt,Camion réfrigéré,533.9,58.2,529.4,550.5,21.1,0,7.08,0.79,191.3,512.68,2523.43,0,34.00757,-6.83312,30.43629,-9.61614,30.43629,-9.61614
CPG101596,2024-05-24,Agadir,Laâyoune,Laâyoune-Sakia El Hamra,Lait UHT,Camion réfrigéré,630.7,51.4,590.9,736.4,145.5,0,4.18,0.82,183.94,492.95,3173.96,0,30.45389,-9.57761,27.08996,-13.16521,27.08996,-13.16521
CPG101597,2024-05-15,Marrakech,Taroudant,Souss-Massa,Fromage frais,Camion standard,174.2,41.9,244.7,249.2,4.5,1,4.37,0.78,48.63,130.33,813.29,0,31.62635,-8.0039,30.47837,-8.90062,30.47837,-8.90062
CPG101598,2024-03-30,Casablanca,Khouribga,Béni Mellal-Khénifra,Fromage frais,Camion réfrigéré,133.4,49.7,157.7,160.9,3.2,1,0.44,0.65,40.34,108.1,756.64,0,33.57019,-7.62485,32.86547,-6.90247,32.86547,-6.90247
CPG101599,2024-10-24,Tadla (Fkih Ben Salah),Tétouan,Tanger-Tétouan-Al Hoceïma,Lait UHT,Camion réfrigéré,470.1,76.5,368.9,368.9,0.0,1,10.23,0.75,155.83,417.62,2232.09,1,32.46545,-6.70022,35.56305,-5.39573,35.56305,-5.39573
CPG101600,2024-11-06,Agadir,Marrakech,Marrakech-Safi,Fromage frais,Camion réfrigéré,258.4,47.7,209.8,324.7,114.9,0,9.21,0.67,79.16,212.15,1327.66,0,30.43819,-9.60164,31.67139,-7.98315,31.67139,-7.98315
CPG101601,2024-09-01,Tadla (Fkih Ben Salah),Béni Mellal,Béni Mellal-Khénifra,Fromage frais,Camion réfrigéré,38.7,17.9,42.0,129.9,87.9,0,7.02,0.52,12.94,34.68,276.38,0,32.47788,-6.70395,32.33186,-6.36211,32.33186,-6.36211
CPG101602,2024-06-29,Casablanca,Casablanca,Casablanca-Settat,Beurre,Camion réfrigéré,5.0,16.0,5.0,18.7,13.7,1,8.18,0.74,1.66,4.44,146.35,0,33.57841,-7.58648,33.54144,-7.52696,33.54144,-7.52696
CPG101603,2024-04-16,Marrakech,Casablanca,Casablanca-Settat,Crème fraîche,Camionnette réfrigérée,293.4,53.8,307.6,327.2,19.6,1,6.08,0.96,54.27,145.44,1014.71,0,31.62958,-7.98121,33.56735,-7.58267,33.56735,-7.58267
CPG101604,2024-12-23,Marrakech,Casablanca,Casablanca-Settat,Lait UHT,Camion réfrigéré,279.2,65.2,256.1,257.0,0.9,1,2.82,0.67,91.35,244.83,1550.9,0,31.6293,-7.96794,33.56192,-7.6121,33.56192,-7.6121
CPG101605,2024-01-01,Tadla (Fkih Ben Salah),Marrakech,Marrakech-Safi,Lait UHT,Camion réfrigéré,182.0,57.6,157.3,189.7,32.4,0,4.7,0.78,62.8,168.3,1052.62,0,32.49984,-6.70392,31.63789,-7.88777,31.63789,-7.88777
CPG101606,2024-04-18,Casablanca,Taroudant,Souss-Massa,Yaourt,Camion standard,419.9,84.5,290.4,298.3,7.9,1,10.66,0.98,115.18,308.67,1833.37,0,33.56272,-7.62808,30.5145,-8.90936,30.5145,-8.90936
CPG101607,2024-06-01,Rabat,Agadir,Souss-Massa,Crème fraîche,Camion standard,517.6,63.5,474.4,488.7,14.3,1,5.64,0.69,135.34,362.72,2203.3,0,33.99278,-6.85051,30.44137,-9.53959,30.44137,-9.53959
CPG101608,2024-10-28,Marrakech,Laâyoune,Laâyoune-Sakia El Hamra,Yaourt,Camion réfrigéré,863.5,55.5,903.8,932.9,29.1,0,6.5,0.41,260.51,698.16,4513.06,0,31.62272,-8.01233,27.13394,-13.18856,27.13394,-13.18856
CPG101609,2024-08-12,Casablanca,Meknès,Fès-Meknès,Fromage frais,Camionnette réfrigérée,234.0,56.5,210.6,248.5,37.9,0,2.13,0.65,45.45,121.82,777.29,0,33.59884,-7.61486,33.90292,-5.5855,33.90292,-5.5855
CPG101610,2024-09-06,Tadla (Fkih Ben Salah),Settat,Casablanca-Settat,Fromage frais,Camion réfrigéré,125.2,65.8,114.2,114.2,0.0,1,5.92,0.48,38.95,104.38,793.45,0,32.50916,-6.68271,32.98645,-7.53472,32.98645,-7.53472
CPG101611,2024-03-02,Agadir,Oujda,Oriental,Beurre,Camion réfrigéré,1010.1,58.8,1011.6,1031.5,19.9,1,6.69,0.49,330.14,884.77,5837.81,0,30.40595,-9.61109,34.69178,-1.90835,34.69178,-1.90835
CPG101612,2024-03-04,Casablanca,Béni Mellal,Béni Mellal-Khénifra,Lait pasteurisé,Camion réfrigéré,197.8,68.0,159.8,174.5,14.7,1,5.92,1.0,58.05,155.58,1169.77,1,33.57721,-7.57189,32.37906,-6.33155,32.37906,-6.33155
CPG101613,2024-09-01,Tadla (Fkih Ben Salah),Marrakech,Marrakech-Safi,Beurre,Camion standard,198.6,61.5,193.7,193.7,0.0,1,2.53,0.52,56.21,150.65,716.67,0,32.52586,-6.68779,31.62684,-8.01932,31.62684,-8.01932
CPG101614,2024-12-27,Casablanca,Tétouan,Tanger-Tétouan-Al Hoceïma,Lait UHT,Camionnette réfrigérée,403.7,51.4,470.9,470.9,0.0,1,7.05,0.85,75.35,201.93,1340.64,0,33.54223,-7.57514,35.60712,-5.3654,35.60712,-5.3654
CPG101615,2024-07-07,Rabat,El Jadida,Casablanca-Settat,Lben,Camion réfrigéré,194.7,57.0,177.5,204.9,27.4,0,4.92,0.69,66.87,179.2,1148.48,0,34.03636,-6.86522,33.29537,-8.53783,33.29537,-8.53783
CPG101616,2024-04-02,Rabat,Oujda,Oriental,Lait UHT,Camion réfrigéré,578.5,60.2,559.5,576.5,17.1,1,11.04,0.64,196.37,526.28,2741.19,0,34.0192,-6.84228,34.63097,-1.93593,34.63097,-1.93593
CPG101617,2024-11-23,Agadir,El Jadida,Casablanca-Settat,Lait pasteurisé,Camionnette réfrigérée,348.9,62.6,313.8,334.3,20.5,0,5.08,0.52,70.7,189.46,1183.86,0,30.44924,-9.62326,33.2501,-8.52396,33.2501,-8.52396
CPG101618,2024-03-29,Tadla (Fkih Ben Salah),Meknès,Fès-Meknès,Crème fraîche,Camion réfrigéré,230.2,55.2,200.2,250.2,50.0,0,6.38,0.63,73.49,196.95,1247.5,0,32.5148,-6.65724,33.90669,-5.58053,33.90669,-5.58053
CPG101619,2024-09-27,Casablanca,Oujda,Oriental,Beurre,Camion réfrigéré,647.5,71.2,505.2,545.6,40.4,0,4.48,0.93,231.23,619.7,3035.82,0,33.56937,-7.63658,34.71767,-1.91291,34.71767,-1.91291
CPG101620,2024-07-06,Marrakech,El Jadida,Casablanca-Settat,Yaourt,Camion réfrigéré,199.3,41.4,190.0,288.9,98.9,0,3.5,0.89,62.01,166.18,1109.08,0,31.63771,-7.99246,33.26631,-8.5381,33.26631,-8.5381
CPG101621,2024-12-01,Rabat,Taroudant,Souss-Massa,Beurre,Camionnette réfrigérée,485.3,61.4,468.7,474.5,5.8,1,4.81,0.59,98.03,262.73,1733.65,0,34.03807,-6.80951,30.48875,-8.87599,30.48875,-8.87599
CPG101622,2024-10-27,Tadla (Fkih Ben Salah),Casablanca,Casablanca-Settat,Beurre,Camionnette réfrigérée,193.8,45.6,251.5,255.1,3.6,1,3.31,0.54,36.27,97.22,632.36,0,32.50138,-6.69495,33.57817,-7.598,33.57817,-7.598
CPG101623,2024-05-29,Casablanca,El Jadida,Casablanca-Settat,Lait UHT,Camion standard,123.8,35.8,119.6,207.7,88.1,0,9.78,0.64,30.75,82.4,598.38,0,33.56468,-7.59528,33.22147,-8.48446,33.22147,-8.48446
CPG101624,2024-06-24,Casablanca,Casablanca,Casablanca-Settat,Lben,Camion standard,5.0,71.9,4.2,4.2,0.0,1,4.73,0.69,1.35,3.63,90.63,0,33.5613,-7.6186,33.59716,-7.56537,33.59716,-7.56537
CPG101625,2024-10-19,Marrakech,Agadir,Souss-Massa,Fromage frais,Camion réfrigéré,223.2,54.7,201.1,244.8,43.7,0,0.27,0.78,72.18,193.45,1008.09,0,31.62849,-7.97933,30.41314,-9.65455,30.41314,-9.65455
CPG101626,2024-09-23,Rabat,Laâyoune,Laâyoune-Sakia El Hamra,Yaourt,Camion réfrigéré,1248.0,54.2,1352.6,1382.7,30.1,0,6.4,0.81,409.38,1097.14,7020.85,0,34.0241,-6.8593,27.09814,-13.18946,27.09814,-13.18946
CPG101627,2024-01-12,Agadir,Marrakech,Marrakech-Safi,Yaourt,Camion standard,272.0,53.7,264.0,303.7,39.7,0,6.64,0.6,78.04,209.14,1226.28,0,30.4755,-9.60226,31.59586,-7.91369,31.59586,-7.91369
CPG101628,2024-10-09,Marrakech,Taroudant,Souss-Massa,Lait pasteurisé,Camion réfrigéré,201.5,60.5,183.1,199.6,16.5,1,13.25,0.63,72.53,194.38,1225.37,0,31.60592,-8.02205,30.50909,-8.92656,30.50909,-8.92656
CPG101629,2024-06-16,Tadla (Fkih Ben Salah),Essaouira,Marrakech-Safi,Fromage frais,Camion réfrigéré,345.9,59.9,323.2,346.6,23.4,0,6.51,0.59,122.1,327.23,1994.55,0,32.49719,-6.71311,31.51672,-9.75647,31.51672,-9.75647
CPG101630,2024-11-22,Rabat,Khouribga,Béni Mellal-Khénifra,Lben,Camion réfrigéré,150.4,54.0,157.6,167.3,9.7,1,5.6,0.84,52.39,140.4,797.61,0,34.02597,-6.8563,32.83453,-6.91188,32.83453,-6.91188
CPG101631,2024-02-19,Casablanca,Fès,Fès-Meknès,Fromage frais,Camion standard,276.4,75.2,201.0,220.5,19.5,1,9.77,1.0,84.48,226.4,1185.24,0,33.55948,-7.60227,33.97977,-4.99352,33.97977,-4.99352
CPG101632,2024-04-20,Marrakech,Laâyoune,Laâyoune-Sakia El Hamra,Fromage frais,Camion réfrigéré,808.4,70.2,690.9,691.0,0.2,1,5.25,0.44,246.59,660.85,4659.98,0,31.68398,-7.97901,27.10158,-13.14796,27.10158,-13.14796
CPG101633,2024-11-09,Rabat,Essaouira,Marrakech-Safi,Yaourt,Camion réfrigéré,510.3,68.5,418.1,447.1,29.0,0,6.2,0.67,163.48,438.14,2973.83,0,34.0126,-6.83946,31.4752,-9.75178,31.4752,-9.75178
CPG101634,2024-12-07,Rabat,Taroudant,Souss-Massa,Lait pasteurisé,Camionnette réfrigérée,570.4,67.7,491.5,505.6,14.1,1,3.0,0.63,108.93,291.93,1829.75,0,33.99862,-6.82811,30.43144,-8.87707,30.43144,-8.87707
CPG101635,2024-11-02,Tadla (Fkih Ben Salah),Settat,Casablanca-Settat,Lait pasteurisé,Camion standard,127.6,59.8,102.3,128.1,25.8,0,7.95,0.95,31.03,83.17,574.56,0,32.515,-6.65381,32.99068,-7.60093,32.99068,-7.60093
CPG101636,2024-10-12,Casablanca,El Jadida,Casablanca-Settat,Lait pasteurisé,Camion standard,119.1,71.7,80.8,99.6,18.8,1,7.3,0.72,29.62,79.39,514.38,0,33.5503,-7.58292,33.22239,-8.5273,33.22239,-8.5273
CPG101637,2024-10-27,Tadla (Fkih Ben Salah),Meknès,Fès-Meknès,Yaourt,Camion standard,216.3,74.6,157.9,173.9,16.0,1,3.94,0.82,65.89,176.59,886.39,0,32.49398,-6.72211,33.88752,-5.57274,33.88752,-5.57274
CPG101638,2024-06-04,Casablanca,Nador,Oriental,Lait pasteurisé,Camion standard,493.9,63.5,454.7,466.8,12.2,1,7.84,0.64,134.2,359.66,1953.53,0,33.58171,-7.59444,35.14919,-2.90545,35.14919,-2.90545
CPG101639,2024-01-06,Casablanca,Meknès,Fès-Meknès,Yaourt,Camion standard,216.7,52.8,235.6,246.2,10.5,1,5.63,0.74,57.17,153.22,973.71,0,33.57222,-7.59976,33.83017,-5.58273,33.83017,-5.58273
CPG101640,2024-03-15,Agadir,Taroudant,Souss-Massa,Lait pasteurisé,Camion réfrigéré,73.2,51.0,74.5,86.2,11.7,1,11.66,0.76,25.13,67.34,502.63,1,30.44221,-9.64156,30.48662,-8.87505,30.48662,-8.87505
CPG101641,2024-06-23,Rabat,Salé,Rabat-Salé-Kénitra,Yaourt,Camion standard,7.0,85.5,4.9,4.9,0.0,1,7.86,0.74,2.12,5.67,148.02,0,34.02587,-6.81917,34.06594,-6.7817,34.06594,-6.7817
CPG101642,2024-12-22,Tadla (Fkih Ben Salah),Tétouan,Tanger-Tétouan-Al Hoceïma,Lait pasteurisé,Camion standard,444.4,64.4,394.3,414.1,19.8,1,9.45,0.69,125.71,336.91,1622.75,0,32.51169,-6.67268,35.56205,-5.42596,35.56205,-5.42596
CPG101643,2024-05-11,Rabat,Rabat,Rabat-Salé-Kénitra,Yaourt,Camion standard,5.0,5.7,4.8,53.1,48.3,0,5.62,0.6,1.45,3.89,103.79,0,34.07653,-6.84403,34.02172,-6.79139,34.02172,-6.79139
CPG101644,2024-12-12,Casablanca,Safi,Marrakech-Safi,Lait pasteurisé,Camion réfrigéré,260.7,57.2,218.8,273.6,54.7,0,5.8,0.66,75.96,203.58,1264.03,0,33.60153,-7.60191,32.34389,-9.21678,32.34389,-9.21678
CPG101645,2024-01-25,Casablanca,Kénitra,Rabat-Salé-Kénitra,Lben,Camion réfrigéré,155.7,68.8,125.8,135.9,10.0,1,4.22,0.78,45.32,121.45,904.9,0,33.63011,-7.60513,34.29518,-6.58945,34.29518,-6.58945
CPG101646,2024-03-09,Agadir,Béni Mellal,Béni Mellal-Khénifra,Beurre,Camion standard,409.6,63.1,358.2,389.6,31.4,0,5.84,0.78,103.79,278.16,1749.35,0,30.43244,-9.59681,32.33765,-6.31668,32.33765,-6.31668
CPG101647,2024-05-22,Casablanca,Salé,Rabat-Salé-Kénitra,Fromage frais,Camionnette réfrigérée,111.9,58.0,97.9,115.8,17.9,1,14.24,0.9,20.42,54.74,616.11,0,33.52828,-7.59233,34.07711,-6.77985,34.07711,-6.77985
CPG101648,2024-12-05,Marrakech,El Jadida,Casablanca-Settat,Lait UHT,Camionnette réfrigérée,247.4,54.6,262.2,272.0,9.8,1,11.47,0.68,49.8,133.48,902.54,0,31.5741,-7.98105,33.24849,-8.49907,33.24849,-8.49907
CPG101649,2024-06-13,Agadir,Salé,Rabat-Salé-Kénitra,Lait pasteurisé,Camion réfrigéré,633.8,69.3,489.8,548.4,58.6,0,6.41,0.76,203.41,545.13,2867.2,0,30.41901,-9.62329,34.03275,-6.80711,34.03275,-6.80711
CPG101650,2024-08-23,Rabat,Tétouan,Tanger-Tétouan-Al Hoceïma,Yaourt,Camion réfrigéré,264.6,50.0,220.8,317.2,96.4,0,3.97,0.47,87.03,233.24,1231.91,0,34.05362,-6.83141,35.53943,-5.41668,35.53943,-5.41668
CPG101651,2024-11-23,Tadla (Fkih Ben Salah),El Jadida,Casablanca-Settat,Lait pasteurisé,Camion réfrigéré,250.2,64.4,222.4,233.2,10.8,1,0.32,0.62,84.14,225.51,1307.81,0,32.52149,-6.71542,33.23537,-8.46245,33.23537,-8.46245
CPG101652,2024-07-09,Casablanca,Meknès,Fès-Meknès,Fromage frais,Camion standard,204.6,50.7,146.6,241.9,95.3,0,9.6,0.64,56.27,150.81,1026.6,0,33.54957,-7.58099,33.89931,-5.55927,33.89931,-5.55927
CPG101653,2024-10-16,Tadla (Fkih Ben Salah),Agadir,Souss-Massa,Lait UHT,Camion standard,444.8,73.3,341.3,364.0,22.6,0,8.2,0.75,132.47,355.02,1995.33,0,32.47955,-6.67045,30.43704,-9.57893,30.43704,-9.57893
CPG101654,2024-01-01,Tadla (Fkih Ben Salah),Laâyoune,Laâyoune-Sakia El Hamra,Lait pasteurisé,Camion standard,994.8,62.4,940.9,955.9,15.0,1,7.97,0.94,253.91,680.48,3532.7,0,32.48718,-6.6839,27.12633,-13.17468,27.12633,-13.17468
CPG101655,2024-06-27,Tadla (Fkih Ben Salah),Settat,Casablanca-Settat,Lait UHT,Camion standard,133.3,53.2,149.3,150.4,1.2,1,3.51,1.0,38.31,102.67,506.25,0,32.4971,-6.72213,32.95023,-7.55687,32.95023,-7.55687
CPG101656,2024-07-26,Marrakech,Settat,Casablanca-Settat,Yaourt,Camion standard,194.5,39.8,192.2,293.4,101.2,0,4.14,0.61,48.11,128.94,883.25,0,31.6231,-7.98236,32.98609,-7.56311,32.98609,-7.56311
CPG101657,2024-05-15,Tadla (Fkih Ben Salah),Taroudant,Souss-Massa,Lait pasteurisé,Camion standard,354.9,64.7,326.1,328.9,2.8,1,2.16,0.47,107.66,288.52,1217.27,0,32.50252,-6.68447,30.50295,-8.86173,30.50295,-8.86173
CPG101658,2024-06-19,Marrakech,Casablanca,Casablanca-Settat,Lait UHT,Camion standard,231.8,70.9,194.8,196.2,1.4,1,6.93,0.56,58.79,157.57,1056.66,0,31.64171,-7.99269,33.59891,-7.60171,33.59891,-7.60171
CPG101659,2024-03-27,Tadla (Fkih Ben Salah),Béni Mellal,Béni Mellal-Khénifra,Lait UHT,Camionnette réfrigérée,47.5,50.2,56.8,56.8,0.0,1,3.66,0.83,9.5,25.46,201.22,0,32.51912,-6.71099,32.38608,-6.31829,32.38608,-6.31829
CPG101660,2024-04-23,Tadla (Fkih Ben Salah),Fès,Fès-Meknès,Lait UHT,Camion réfrigéré,297.2,64.1,270.5,278.0,7.5,1,6.44,0.8,101.56,272.17,1681.79,0,32.47106,-6.67613,33.99232,-5.05003,33.99232,-5.05003
CPG101661,2024-04-20,Tadla (Fkih Ben Salah),Tanger,Tanger-Tétouan-Al Hoceïma,Lait pasteurisé,Camion réfrigéré,489.0,61.0,459.8,480.7,21.0,0,4.63,0.88,155.97,417.99,2842.6,0,32.49186,-6.697,35.72246,-5.77976,35.72246,-5.77976
CPG101662,2024-02-05,Rabat,Rabat,Rabat-Salé-Kénitra,Yaourt,Camion standard,5.0,15.3,4.0,19.6,15.7,1,10.15,0.84,1.33,3.57,171.69,0,34.01353,-6.8184,34.04696,-6.91703,34.04696,-6.91703
CPG101663,2024-04-29,Marrakech,Khouribga,Béni Mellal-Khénifra,Lait UHT,Camion standard,207.6,42.2,207.3,295.3,88.0,0,3.15,0.62,62.68,167.97,921.51,0,31.605,-7.98188,32.8545,-6.90717,32.8545,-6.90717
CPG101664,2024-03-22,Casablanca,Kénitra,Rabat-Salé-Kénitra,Beurre,Camion réfrigéré,157.4,54.1,161.2,174.4,13.2,1,5.15,0.71,52.88,141.71,935.77,0,33.55481,-7.6071,34.25033,-6.57568,34.25033,-6.57568
CPG101665,2024-10-24,Tadla (Fkih Ben Salah),Settat,Casablanca-Settat,Lait UHT,Camion standard,136.0,48.3,113.7,169.0,55.3,0,4.08,0.72,42.19,113.07,568.9,0,32.489,-6.67491,32.96775,-7.61958,32.96775,-7.61958
CPG101666,2024-08-14,Rabat,Laâyoune,Laâyoune-Sakia El Hamra,Lait pasteurisé,Camion réfrigéré,1073.3,59.1,1087.2,1090.2,3.0,1,0.2,0.68,309.81,830.28,5332.56,0,33.98929,-6.8505,27.11299,-13.15462,27.11299,-13.15462
CPG101667,2024-12-13,Agadir,Oujda,Oriental,Lait UHT,Camion standard,1106.3,65.7,994.8,1009.9,15.1,1,3.4,0.46,284.86,763.44,3783.64,0,30.39974,-9.62999,34.71899,-1.92006,34.71899,-1.92006
CPG101668,2024-08-27,Rabat,Tanger,Tanger-Tétouan-Al Hoceïma,Lait pasteurisé,Camionnette réfrigérée,273.7,50.0,297.0,328.2,31.1,0,5.81,0.63,49.59,132.89,875.12,0,34.03904,-6.82185,35.69149,-5.81991,35.69149,-5.81991
CPG101669,2024-08-27,Casablanca,Meknès,Fès-Meknès,Lait UHT,Camion standard,222.4,65.8,173.8,202.8,29.0,0,8.01,0.74,60.33,161.68,914.0,0,33.60291,-7.59335,33.8226,-5.5785,33.8226,-5.5785
CPG101670,2024-04-11,Tadla (Fkih Ben Salah),Fès,Fès-Meknès,Crème fraîche,Camion réfrigéré,244.9,69.1,211.4,212.5,1.1,1,7.12,0.71,76.8,205.82,1357.46,0,32.48928,-6.65863,34.00932,-4.98581,34.00932,-4.98581
CPG101671,2024-06-02,Rabat,Khouribga,Béni Mellal-Khénifra,Lait UHT,Camionnette réfrigérée,150.9,41.4,218.5,218.5,0.0,1,4.31,0.63,26.14,70.07,600.13,0,34.04157,-6.82582,32.8977,-6.87699,32.8977,-6.87699
CPG101672,2024-04-02,Agadir,Laâyoune,Laâyoune-Sakia El Hamra,Crème fraîche,Camion réfrigéré,608.5,64.8,537.8,563.7,25.9,0,12.34,0.84,197.91,530.41,3649.0,0,30.40297,-9.57212,27.08998,-13.15654,27.08998,-13.15654
CPG101673,2024-12-07,Agadir,Béni Mellal,Béni Mellal-Khénifra,Crème fraîche,Camion standard,501.5,80.3,373.2,374.6,1.4,1,3.68,0.41,154.39,413.75,2201.39,1,30.39072,-9.62089,32.33244,-6.38627,32.33244,-6.38627
CPG101674,2024-04-20,Rabat,Tétouan,Tanger-Tétouan-Al Hoceïma,Lait pasteurisé,Camion réfrigéré,287.3,69.7,232.6,247.2,14.6,1,0.78,0.9,102.79,275.47,1376.64,0,34.00749,-6.8414,35.55781,-5.35133,35.55781,-5.35133
CPG101675,2024-12-13,Rabat,Settat,Casablanca-Settat,Fromage frais,Camion réfrigéré,147.3,67.0,120.0,131.9,11.8,1,8.18,0.72,45.2,121.14,831.7,0,34.00456,-6.8488,32.99566,-7.5796,32.99566,-7.5796
CPG101676,2024-08-02,Agadir,Khouribga,Béni Mellal-Khénifra,Lait UHT,Camion réfrigéré,419.9,62.5,402.8,403.3,0.5,1,7.04,0.9,136.39,365.53,2427.41,0,30.44476,-9.61892,32.89068,-6.9012,32.89068,-6.9012
CPG101677,2024-08-29,Tadla (Fkih Ben Salah),Laâyoune,Laâyoune-Sakia El Hamra,Lait pasteurisé,Camion réfrigéré,1033.1,60.9,1004.9,1017.6,12.8,1,6.34,0.55,348.39,933.69,5651.29,0,32.49244,-6.70298,27.151,-13.1316,27.151,-13.1316
CPG101678,2024-05-23,Marrakech,Béni Mellal,Béni Mellal-Khénifra,Fromage frais,Camion standard,229.6,64.0,215.2,215.2,0.0,1,7.88,0.61,59.74,160.1,1041.91,0,31.60247,-8.0021,32.34039,-6.30297,32.34039,-6.30297
CPG101679,2024-09-18,Rabat,Essaouira,Marrakech-Safi,Beurre,Camion standard,511.7,67.9,436.5,452.4,15.9,1,7.31,0.8,132.91,356.2,2039.86,0,34.01151,-6.85216,31.48756,-9.7824,31.48756,-9.7824
CPG101680,2024-12-28,Tadla (Fkih Ben Salah),Meknès,Fès-Meknès,Lait UHT,Camion réfrigéré,241.3,68.1,208.1,212.5,4.4,1,1.31,0.84,79.46,212.96,1147.43,0,32.51555,-6.67878,33.89956,-5.53126,33.89956,-5.53126
CPG101681,2024-05-08,Agadir,Khouribga,Béni Mellal-Khénifra,Yaourt,Camionnette réfrigérée,431.5,51.1,431.3,506.3,75.0,0,6.27,0.81,72.39,194.0,1461.44,0,30.40917,-9.61404,32.85034,-6.92695,32.85034,-6.92695
CPG101682,2024-01-08,Marrakech,Oujda,Oriental,Yaourt,Camion réfrigéré,770.9,50.1,923.1,923.1,0.0,1,6.09,0.5,277.98,744.99,3449.54,0,31.65115,-7.98715,34.66923,-1.92867,34.66923,-1.92867
CPG101683,2024-02-23,Rabat,Tanger,Tanger-Tétouan-Al Hoceïma,Lben,Camion réfrigéré,265.0,41.5,256.4,383.3,126.8,0,10.43,0.59,77.74,208.35,1521.7,0,34.01461,-6.82134,35.76435,-5.79865,35.76435,-5.79865
CPG101684,2024-12-06,Marrakech,Essaouira,Marrakech-Safi,Lait UHT,Camion réfrigéré,227.2,71.2,180.0,191.4,11.4,1,8.52,0.71,67.51,180.92,1207.92,0,31.62818,-7.94086,31.54026,-9.76191,31.54026,-9.76191
CPG101685,2024-04-14,Casablanca,Marrakech,Marrakech-Safi,Yaourt,Camion réfrigéré,247.9,56.2,264.6,264.6,0.0,1,4.41,0.87,86.79,232.59,1399.23,0,33.6017,-7.59882,31.64788,-7.94211,31.64788,-7.94211
CPG101686,2024-10-16,Rabat,Meknès,Fès-Meknès,Lben,Camion standard,143.5,49.9,143.7,172.6,28.9,0,1.91,0.65,41.38,110.91,549.1,0,34.04377,-6.85237,33.89663,-5.52298,33.89663,-5.52298
CPG101687,2024-05-12,Tadla (Fkih Ben Salah),Tétouan,Tanger-Tétouan-Al Hoceïma,Fromage frais,Camion réfrigéré,489.6,69.4,411.2,423.2,12.0,1,7.96,0.9,173.01,463.68,2799.5,0,32.50457,-6.67994,35.61979,-5.36349,35.61979,-5.36349
CPG101688,2024-10-17,Tadla (Fkih Ben Salah),Casablanca,Casablanca-Settat,Lben,Camion réfrigéré,155.9,50.6,166.7,184.7,18.0,1,7.49,0.5,46.85,125.55,807.8,0,32.52973,-6.70345,33.60884,-7.56378,33.60884,-7.56378
CPG101689,2024-12-02,Rabat,Essaouira,Marrakech-Safi,Lait pasteurisé,Camion réfrigéré,412.8,66.4,373.0,373.0,0.0,1,8.84,0.91,134.21,359.67,2346.65,0,34.02614,-6.82117,31.49541,-9.72775,31.49541,-9.72775
CPG101690,2024-05-15,Marrakech,Casablanca,Casablanca-Settat,Yaourt,Camion réfrigéré,278.0,46.6,244.9,357.8,112.9,0,6.24,0.82,100.34,268.92,1570.06,0,31.61023,-7.99036,33.53269,-7.68312,33.53269,-7.68312
CPG101691,2024-07-05,Marrakech,Rabat,Rabat-Salé-Kénitra,Lait pasteurisé,Camionnette réfrigérée,314.2,42.3,435.7,445.4,9.7,1,2.02,0.89,60.73,162.76,1124.41,0,31.6279,-7.95621,34.0757,-6.82308,34.0757,-6.82308
CPG101692,2024-09-30,Casablanca,Essaouira,Marrakech-Safi,Beurre,Camion réfrigéré,379.8,50.0,441.2,456.1,15.0,1,0.2,0.55,129.55,347.2,1749.53,0,33.58357,-7.58347,31.52992,-9.7672,31.52992,-9.7672
CPG101693,2024-03-01,Tadla (Fkih Ben Salah),Laâyoune,Laâyoune-Sakia El Hamra,Yaourt,Camion réfrigéré,1050.4,79.5,792.8,792.8,0.0,1,3.35,0.65,365.68,980.04,5418.15,0,32.48098,-6.71369,27.09482,-13.16811,27.09482,-13.16811
CPG101694,2024-07-22,Agadir,Agadir,Souss-Massa,Yaourt,Camion standard,5.0,21.3,4.2,14.1,9.8,1,5.73,0.91,1.44,3.87,106.45,0,30.45033,-9.57215,30.42712,-9.61642,30.42712,-9.61642
CPG101695,2024-01-04,Casablanca,Taroudant,Souss-Massa,Crème fraîche,Camion réfrigéré,473.0,78.5,353.8,361.7,7.9,1,6.73,0.84,147.97,396.57,2187.5,0,33.59038,-7.60547,30.41302,-8.8876,30.41302,-8.8876
CPG101696,2024-04-23,Marrakech,Nador,Oriental,Yaourt,Camion réfrigéré,738.0,60.5,731.6,731.6,0.0,1,5.81,0.66,213.01,570.87,3777.22,0,31.60501,-7.97722,35.23986,-2.94405,35.23986,-2.94405
CPG101697,2024-08-27,Casablanca,Meknès,Fès-Meknès,Lait pasteurisé,Camionnette réfrigérée,246.1,62.7,209.4,235.7,26.3,0,4.06,1.0,50.65,135.74,782.68,0,33.59381,-7.56922,33.90019,-5.5639,33.90019,-5.5639
CPG101698,2024-07-25,Marrakech,Meknès,Fès-Meknès,Lait pasteurisé,Camion standard,426.0,87.3,292.6,292.6,0.0,1,11.69,0.47,110.6,296.4,1578.49,0,31.6355,-7.97028,33.86367,-5.56741,33.86367,-5.56741
CPG101699,2024-08-26,Agadir,Oujda,Oriental,Fromage frais,Camion standard,1163.0,76.9,810.0,907.8,97.8,0,2.67,0.87,288.72,773.77,5062.93,0,30.39766,-9.61107,34.71613,-1.87542,34.71613,-1.87542
CPG101700,2024-07-12,Rabat,Tanger,Tanger-Tétouan-Al Hoceïma,Lait pasteurisé,Camion réfrigéré,229.6,78.9,174.6,174.6,0.0,1,0.2,0.81,81.39,218.11,1204.26,0,34.05225,-6.84259,35.7053,-5.81801,35.7053,-5.81801
CPG101701,2024-04-04,Marrakech,Agadir,Souss-Massa,Crème fraîche,Camion standard,246.8,64.7,217.1,228.9,11.8,1,8.71,0.66,65.85,176.47,930.47,0,31.67045,-7.96866,30.41116,-9.59368,30.41116,-9.59368
CPG101702,2024-07-19,Rabat,Salé,Rabat-Salé-Kénitra,Fromage frais,Camion réfrigéré,7.0,17.0,5.9,24.7,18.8,1,8.67,0.81,2.11,5.66,166.76,0,34.02543,-6.85866,33.98979,-6.88992,33.98979,-6.88992
CPG101703,2024-08-11,Agadir,Rabat,Rabat-Salé-Kénitra,Yaourt,Camion réfrigéré,619.4,69.6,472.6,534.2,61.6,0,7.51,0.72,221.86,594.59,3062.88,0,30.45842,-9.62399,34.03785,-6.84153,34.03785,-6.84153
CPG101704,2024-01-14,Agadir,Settat,Casablanca-Settat,Fromage frais,Camion réfrigéré,371.7,62.9,329.2,354.5,25.4,0,9.24,0.68,133.58,357.98,2273.83,0,30.45671,-9.57309,32.94793,-7.65026,32.94793,-7.65026
CPG101705,2024-03-13,Rabat,Casablanca,Casablanca-Settat,Lait pasteurisé,Camion réfrigéré,103.8,49.5,81.2,126.0,44.7,0,7.71,0.9,35.53,95.23,632.56,0,33.9949,-6.8272,33.57623,-7.55194,33.57623,-7.55194
CPG101706,2024-12-06,Tadla (Fkih Ben Salah),Tanger,Tanger-Tétouan-Al Hoceïma,Yaourt,Camion standard,456.7,56.3,469.5,487.0,17.5,1,6.23,0.77,127.43,341.51,2003.86,0,32.5047,-6.68641,35.79881,-5.80256,35.79881,-5.80256
CPG101707,2024-01-04,Rabat,Fès,Fès-Meknès,Fromage frais,Camion standard,179.3,44.4,182.5,242.4,59.9,0,6.2,0.75,53.61,143.67,769.42,0,34.0367,-6.83967,34.04293,-5.01778,34.04293,-5.01778
CPG101708,2024-02-15,Agadir,Marrakech,Marrakech-Safi,Lait pasteurisé,Camion réfrigéré,230.2,65.7,171.6,210.1,38.5,0,11.69,0.77,81.73,219.04,1232.26,0,30.45975,-9.63535,31.61226,-7.96501,31.61226,-7.96501
CPG101709,2024-10-12,Marrakech,Salé,Rabat-Salé-Kénitra,Lait UHT,Camion réfrigéré,390.3,59.7,392.3,392.3,0.0,1,2.54,0.86,122.38,327.99,2072.19,0,31.63874,-7.97241,34.10723,-6.80912,34.10723,-6.80912
CPG101710,2024-12-10,Marrakech,Béni Mellal,Béni Mellal-Khénifra,Fromage frais,Camion standard,198.9,76.4,153.1,156.2,3.1,1,8.0,0.53,53.71,143.95,861.9,0,31.63357,-7.9741,32.34964,-6.39831,32.34964,-6.39831
CPG101711,2024-02-06,Agadir,Safi,Marrakech-Safi,Yaourt,Camion réfrigéré,284.0,63.8,257.5,267.1,9.6,1,7.43,0.76,92.86,248.86,1543.29,0,30.37933,-9.63326,32.30578,-9.20708,32.30578,-9.20708
CPG101712,2024-06-11,Rabat,Tétouan,Tanger-Tétouan-Al Hoceïma,Lben,Camionnette réfrigérée,232.3,31.1,434.9,448.8,13.9,1,10.36,0.56,,107.32,917.25,0,34.01906,-6.83284,35.59508,-5.39549,35.59508,-5.39549
CPG101713,2024-11-06,Tadla (Fkih Ben Salah),Rabat,Rabat-Salé-Kénitra,Yaourt,Camion réfrigéré,193.4,54.6,177.6,212.5,34.9,0,5.35,0.63,64.1,171.8,1160.02,1,32.46456,-6.67722,34.05253,-6.79067,34.05253,-6.79067
CPG101714,2024-10-18,Marrakech,Casablanca,Casablanca-Settat,Lait pasteurisé,Camion réfrigéré,231.2,66.4,184.1,209.0,24.9,0,6.97,0.72,81.51,218.45,1165.95,0,31.64286,-7.96964,33.55638,-7.66757,33.55638,-7.66757
CPG101715,2024-07-22,Marrakech,Béni Mellal,Béni Mellal-Khénifra,Lait UHT,Camion réfrigéré,222.7,64.0,199.1,208.7,9.5,1,5.63,0.65,69.81,187.09,1350.15,0,31.62064,-7.96888,32.34496,-6.40374,32.34496,-6.40374
CPG101716,2024-09-06,Casablanca,Tétouan,Tanger-Tétouan-Al Hoceïma,Fromage frais,Camion réfrigéré,340.8,67.4,279.5,303.3,23.8,0,6.06,0.75,111.09,297.71,2042.82,0,33.58329,-7.58481,35.6329,-5.33536,35.6329,-5.33536
CPG101717,2024-10-09,Marrakech,Béni Mellal,Béni Mellal-Khénifra,Beurre,Camion réfrigéré,191.6,51.8,159.5,221.8,62.3,0,9.32,0.5,65.21,174.76,1053.86,0,31.6046,-8.0307,32.32417,-6.35691,32.32417,-6.35691
CPG101718,2024-03-13,Casablanca,Tétouan,Tanger-Tétouan-Al Hoceïma,Lait UHT,Camion réfrigéré,342.1,76.5,262.5,268.4,5.9,1,1.66,0.74,116.02,310.94,1842.91,0,33.61357,-7.5969,35.56617,-5.37726,35.56617,-5.37726
CPG101719,2024-11-20,Agadir,Taroudant,Souss-Massa,Crème fraîche,Camion réfrigéré,74.0,23.9,54.4,185.6,131.2,0,3.63,0.65,24.34,65.24,423.39,0,30.43574,-9.60167,30.48214,-8.9067,30.48214,-8.9067
CPG101720,2024-05-22,Marrakech,Marrakech,Marrakech-Safi,Lait pasteurisé,Camion réfrigéré,5.0,33.3,4.7,9.0,4.3,1,7.09,0.98,1.72,4.62,128.99,1,31.65386,-7.94067,31.6237,-7.98213,31.6237,-7.98213
CPG101721,2024-09-12,Rabat,Marrakech,Marrakech-Safi,Beurre,Camion réfrigéré,320.4,70.5,272.7,272.7,0.0,1,8.56,0.62,111.85,299.75,1586.49,0,34.03188,-6.86138,31.64274,-7.95993,31.64274,-7.95993
CPG101722,2024-08-16,Marrakech,Marrakech,Marrakech-Safi,Fromage frais,Camion standard,5.0,10.0,3.6,29.9,,0,7.24,0.44,1.53,4.11,127.81,0,31.6422,-7.96572,31.6601,-7.98827,31.6601,-7.98827
CPG101723,2024-10-01,Casablanca,Safi,Marrakech-Safi,Fromage frais,Camion réfrigéré,242.7,38.4,259.9,378.8,118.8,0,3.84,0.74,74.54,199.77,1370.2,0,33.59028,-7.60009,32.29135,-9.18252,32.29135,-9.18252
CPG101724,2024-03-04,Marrakech,Casablanca,Casablanca-Settat,Lait pasteurisé,Camion réfrigéré,284.8,45.6,310.6,374.4,63.8,0,4.87,0.56,90.39,242.24,1310.74,0,31.58836,-7.97455,33.58641,-7.64911,33.58641,-7.64911
CPG101725,2024-04-05,Marrakech,Casablanca,Casablanca-Settat,Lait pasteurisé,Camionnette réfrigérée,250.6,66.5,226.1,226.1,0.0,1,6.62,0.52,46.07,123.48,905.59,0,31.61308,-7.99955,33.56891,-7.5951,33.56891,-7.5951
CPG101726,2024-10-07,Tadla (Fkih Ben Salah),Béni Mellal,Béni Mellal-Khénifra,Lait pasteurisé,Camion réfrigéré,46.2,57.3,48.0,48.4,0.4,1,4.89,0.62,14.73,39.47,331.97,0,32.50649,-6.6731,32.32357,-6.40648,32.32357,-6.40648
CPG101727,2024-08-28,Marrakech,Khouribga,Béni Mellal-Khénifra,Fromage frais,Camionnette réfrigérée,222.4,47.6,228.8,280.2,51.4,0,0.2,0.62,45.85,122.88,826.32,0,31.6439,-7.98122,32.84839,-6.88433,32.84839,-6.88433
CPG101728,2024-05-09,Casablanca,Taroudant,Souss-Massa,Lben,Camion standard,439.5,86.3,305.4,305.7,0.3,1,6.58,0.69,125.82,337.21,1903.51,0,33.57213,-7.56829,30.43835,-8.84811,30.43835,-8.84811
CPG101729,2024-07-22,Agadir,Settat,Casablanca-Settat,Yaourt,Camion réfrigéré,360.4,60.0,355.3,360.4,5.1,1,7.76,0.55,115.02,308.25,2133.49,0,30.38044,-9.56408,33.00845,-7.65039,33.00845,-7.65039
CPG101730,2024-10-07,Tadla (Fkih Ben Salah),Béni Mellal,Béni Mellal-Khénifra,Yaourt,Camion réfrigéré,46.6,53.8,48.5,51.9,3.4,1,6.77,0.38,17.14,45.92,314.56,0,32.51751,-6.7064,32.35058,-6.34115,32.35058,-6.34115
CPG101731,2024-03-20,Tadla (Fkih Ben Salah),Marrakech,Marrakech-Safi,Fromage frais,Camion réfrigéré,167.5,71.2,133.8,141.1,7.3,1,10.27,0.78,59.38,159.13,920.22,0,32.48763,-6.71924,31.62937,-7.99237,31.62937,-7.99237
CPG101732,2024-09-16,Marrakech,Taroudant,Souss-Massa,Beurre,Camionnette réfrigérée,182.8,56.4,180.8,194.4,13.6,1,12.99,0.81,31.13,83.42,707.93,0,31.61451,-7.97801,30.47962,-8.86087,30.47962,-8.86087
CPG101733,2024-05-07,Agadir,Nador,Oriental,Fromage frais,Camion standard,952.0,55.7,1025.0,1025.0,0.0,1,7.55,0.63,233.26,625.14,3451.94,0,30.37631,-9.59817,35.17269,-2.9089,35.17269,-2.9089
CPG101734,2024-06-11,Tadla (Fkih Ben Salah),Settat,Casablanca-Settat,Lben,Camion standard,136.4,65.3,125.4,125.4,0.0,1,9.28,0.61,39.12,104.85,704.63,0,32.52032,-6.68937,33.02459,-7.5753,33.02459,-7.5753
CPG101735,2024-06-11,Casablanca,Agadir,Souss-Massa,Beurre,Camion réfrigéré,465.4,73.5,349.5,379.9,30.4,0,4.41,0.75,135.43,362.95,2313.4,0,33.62089,-7.59171,30.44826,-9.60349,30.44826,-9.60349
CPG101736,2024-11-13,Agadir,Khouribga,Béni Mellal-Khénifra,Crème fraîche,Camion standard,422.8,65.4,388.1,388.1,0.0,1,4.86,0.53,115.7,310.07,1816.28,0,30.40087,-9.61241,32.85076,-6.90772,32.85076,-6.90772
CPG101737,2024-04-09,Casablanca,Oujda,Oriental,Yaourt,Camion standard,647.8,89.5,427.7,434.0,6.3,1,5.55,0.63,197.68,529.79,2398.59,0,33.59013,-7.62935,34.64379,-1.87768,34.64379,-1.87768
CPG101738,2024-12-07,Tadla (Fkih Ben Salah),Essaouira,Marrakech-Safi,Lait UHT,Camion standard,393.6,76.3,280.6,309.7,29.1,0,7.46,0.99,103.08,276.26,1564.94,0,32.46271,-6.66872,31.53218,-9.83171,31.53218,-9.83171
CPG101739,2024-06-27,Tadla (Fkih Ben Salah),Salé,Rabat-Salé-Kénitra,Yaourt,Camion standard,212.9,69.0,160.3,185.2,24.9,0,7.73,0.72,54.25,145.38,890.0,0,32.49044,-6.68953,34.03301,-6.82153,34.03301,-6.82153
CPG101740,2024-06-04,Rabat,Settat,Casablanca-Settat,Lait UHT,Camion réfrigéré,141.8,69.0,110.9,123.3,12.4,1,6.96,0.93,41.2,110.43,849.6,0,34.00489,-6.81627,33.05071,-7.59377,33.05071,-7.59377
CPG101741,2024-12-06,Rabat,Nador,Oriental,Beurre,Camion réfrigéré,408.1,56.1,416.9,436.5,19.6,1,7.32,0.45,132.75,355.77,2184.78,0,34.05097,-6.83414,35.13042,-2.89068,35.13042,-2.89068
CPG101742,2024-12-05,Casablanca,Fès,Fès-Meknès,Lben,Camion réfrigéré,301.7,57.8,302.2,313.0,10.8,1,6.46,0.83,100.86,270.3,1771.78,0,33.55789,-7.60456,34.03017,-5.04176,34.03017,-5.04176
CPG101743,2024-02-10,Marrakech,El Jadida,Casablanca-Settat,Lben,Camion standard,242.9,65.7,210.1,221.9,11.8,1,1.67,0.89,71.34,191.2,898.36,0,31.63527,-7.99126,33.29798,-8.54972,33.29798,-8.54972
CPG101744,2024-09-23,Rabat,El Jadida,Casablanca-Settat,Beurre,Camion réfrigéré,190.1,52.4,199.5,217.5,18.0,1,6.59,0.84,65.26,174.9,1133.36,0,34.05573,-6.86726,33.21167,-8.48406,33.21167,-8.48406
CPG101745,2024-01-30,Agadir,Taroudant,Souss-Massa,Lait UHT,Camion réfrigéré,92.7,52.1,87.7,106.7,19.0,1,10.67,0.73,30.02,80.46,578.62,0,30.42591,-9.59266,30.49704,-8.87359,30.49704,-8.87359
CPG101746,2024-07-22,Casablanca,Tétouan,Tanger-Tétouan-Al Hoceïma,Yaourt,Camion standard,361.3,71.5,303.4,303.4,0.0,1,4.67,0.86,95.9,257.0,1405.33,0,33.60555,-7.5862,35.54649,-5.37366,35.54649,-5.37366
CPG101747,2024-09-12,Tadla (Fkih Ben Salah),Khouribga,Béni Mellal-Khénifra,Yaourt,Camionnette réfrigérée,52.1,34.3,68.0,91.2,23.2,0,7.62,0.69,10.51,28.16,295.02,0,32.50481,-6.72092,32.87177,-6.90209,32.87177,-6.90209
CPG101748,2024-08-15,Agadir,Fès,Fès-Meknès,Lait pasteurisé,Camionnette réfrigérée,657.2,49.3,760.8,799.5,38.8,0,4.63,0.66,106.53,285.51,1999.59,0,30.42361,-9.60672,34.02791,-5.00129,34.02791,-5.00129
CPG101749,2024-05-12,Agadir,Béni Mellal,Béni Mellal-Khénifra,Crème fraîche,Camion réfrigéré,504.8,57.5,463.1,526.4,63.3,0,3.19,0.48,171.78,460.37,2732.3,0,30.44441,-9.58117,32.33129,-6.3684,32.33129,-6.3684
CPG101750,2024-09-11,Marrakech,Khouribga,Béni Mellal-Khénifra,Fromage frais,Camion standard,202.8,69.6,141.2,174.9,33.7,0,7.14,0.6,57.32,153.61,849.41,0,31.67297,-7.92882,32.8996,-6.87182,32.8996,-6.87182
CPG101751,2024-06-29,Casablanca,Oujda,Oriental,Beurre,Camionnette réfrigérée,648.9,55.0,661.5,707.5,46.1,0,10.07,0.66,,329.39,2370.27,0,33.57817,-7.57622,34.66421,-1.94065,34.66421,-1.94065
CPG101752,2024-05-19,Tadla (Fkih Ben Salah),Kénitra,Rabat-Salé-Kénitra,Lait UHT,Camion réfrigéré,218.1,77.2,163.1,169.6,6.5,1,6.56,0.7,71.61,191.92,1108.28,1,32.49089,-6.69712,34.25689,-6.58037,34.25689,-6.58037
CPG101753,2024-05-30,Agadir,Fès,Fès-Meknès,Lait UHT,Camion réfrigéré,742.6,72.8,581.5,612.3,,0,10.81,0.62,234.19,627.63,3531.85,0,30.43255,-9.58045,34.01106,-4.97512,34.01106,-4.97512
CPG101754,2024-10-28,Casablanca,Marrakech,Marrakech-Safi,Crème fraîche,Camion standard,274.1,62.8,261.0,261.7,0.7,1,7.62,0.81,84.25,225.79,1120.95,0,33.58782,-7.61875,31.5854,-8.03272,31.5854,-8.03272
CPG101755,2024-07-22,Casablanca,Safi,Marrakech-Safi,Yaourt,Camion standard,229.9,66.4,195.7,207.7,12.0,1,5.95,1.0,64.06,171.68,1048.7,0,33.6226,-7.61566,32.29395,-9.24584,32.29395,-9.24584
CPG101756,2024-06-23,Marrakech,El Jadida,Casablanca-Settat,Lait UHT,Camion réfrigéré,205.3,50.7,231.8,242.9,11.0,1,8.63,0.79,59.47,159.38,1157.9,0,31.638,-7.99543,33.29902,-8.5569,33.29902,-8.5569
CPG101757,2024-01-13,Marrakech,El Jadida,Casablanca-Settat,Lait UHT,Camionnette réfrigérée,224.5,44.9,299.9,299.9,0.0,1,1.49,0.7,38.76,103.88,708.45,0,31.62289,-7.99278,33.26239,-8.54605,33.26239,-8.54605
CPG101758,2024-03-24,Marrakech,Settat,Casablanca-Settat,Lait pasteurisé,Camion réfrigéré,167.4,76.0,132.1,132.1,0.0,1,9.21,0.94,55.36,148.36,1046.7,0,31.67299,-7.97431,32.98599,-7.58746,32.98599,-7.58746
CPG101759,2024-05-24,Agadir,Agadir,Souss-Massa,Fromage frais,Camion standard,5.0,4.3,4.1,70.1,66.0,0,9.18,0.52,1.44,3.86,159.25,0,30.43465,-9.59474,30.43971,-9.61718,30.43971,-9.61718
CPG101760,2024-12-18,Casablanca,Safi,Marrakech-Safi,Lait UHT,Camion réfrigéré,222.6,55.4,224.2,241.2,17.0,1,7.69,0.76,73.46,196.87,1085.64,0,33.55411,-7.59849,32.31138,-9.2552,32.31138,-9.2552
CPG101761,2024-02-06,Agadir,Meknès,Fès-Meknès,Lait pasteurisé,Camionnette réfrigérée,650.1,49.4,752.9,789.5,36.6,0,7.67,0.87,120.85,323.88,2106.24,1,30.43253,-9.57107,33.93042,-5.5467,33.93042,-5.5467
CPG101762,2024-10-20,Rabat,Settat,Casablanca-Settat,Lait UHT,Camion réfrigéré,147.8,72.1,123.0,123.0,0.0,1,8.29,0.77,43.71,117.13,765.21,1,34.02161,-6.8724,32.97975,-7.63397,32.97975,-7.63397
CPG101763,2024-01-20,Tadla (Fkih Ben Salah),Laâyoune,Laâyoune-Sakia El Hamra,Lait pasteurisé,Camionnette réfrigérée,1036.4,50.5,1232.6,1232.6,0.0,1,7.8,0.9,196.62,526.95,3016.33,0,32.51074,-6.68177,27.12997,-13.13497,27.12997,-13.13497
CPG101764,2024-11-19,Agadir,Safi,Marrakech-Safi,Lait UHT,Camion standard,283.8,58.4,269.0,291.7,22.7,0,8.39,0.62,79.39,212.77,1228.77,0,30.45564,-9.57322,32.30365,-9.23815,32.30365,-9.23815
CPG101765,2024-05-29,Agadir,Nador,Oriental,Yaourt,Camion réfrigéré,1005.5,71.1,811.9,848.2,36.3,0,6.8,0.51,290.39,778.25,4597.92,0,30.41402,-9.58975,35.14612,-2.96423,35.14612,-2.96423
CPG101766,2024-07-07,Tadla (Fkih Ben Salah),Salé,Rabat-Salé-Kénitra,Fromage frais,Camionnette réfrigérée,210.8,54.8,220.2,230.7,10.5,1,10.87,0.28,38.94,104.35,801.83,0,32.50912,-6.71927,34.06869,-6.81471,34.06869,-6.81471
CPG101767,2024-04-04,Agadir,Taroudant,Souss-Massa,Yaourt,Camionnette réfrigérée,90.9,53.4,75.7,102.1,26.4,0,9.34,0.77,18.71,50.15,408.29,1,30.39862,-9.59903,30.48529,-8.89507,30.48529,-8.89507
CPG101768,2024-06-27,Marrakech,Fès,Fès-Meknès,Yaourt,Camion réfrigéré,477.6,65.0,426.6,441.0,14.4,1,6.9,0.88,164.63,441.22,2421.45,0,31.60523,-8.00675,34.03845,-5.05937,34.03845,-5.05937
CPG101769,2024-05-16,Tadla (Fkih Ben Salah),Essaouira,Marrakech-Safi,Lben,Camion réfrigéré,361.8,73.0,277.4,297.5,20.0,0,3.92,0.73,121.45,325.48,1932.63,0,32.55401,-6.69037,31.49206,-9.79065,31.49206,-9.79065
CPG101770,2024-07-19,Tadla (Fkih Ben Salah),Béni Mellal,Béni Mellal-Khénifra,Crème fraîche,Camion standard,42.0,73.4,34.3,34.3,0.0,1,10.83,0.73,11.3,30.27,316.59,0,32.52281,-6.71191,32.33317,-6.35483,32.33317,-6.35483
CPG101771,2024-02-20,Casablanca,Casablanca,Casablanca-Settat,Lait pasteurisé,Camion réfrigéré,5.0,10.1,4.2,29.6,25.4,0,9.87,0.74,1.69,4.54,175.48,0,33.59218,-7.57777,33.50774,-7.55383,33.50774,-7.55383
CPG101772,2024-12-16,Tadla (Fkih Ben Salah),Agadir,Souss-Massa,Fromage frais,Camion standard,391.7,53.7,316.5,437.4,120.9,0,2.29,0.74,114.76,307.55,1512.7,0,32.51851,-6.67138,30.42791,-9.58039,30.42791,-9.58039
CPG101773,2024-11-02,Rabat,Salé,Rabat-Salé-Kénitra,Fromage frais,Camion standard,6.7,12.9,7.0,31.0,24.0,0,6.42,0.74,2.03,5.45,118.59,0,34.03994,-6.82831,34.03706,-6.84133,34.03706,-6.84133
CPG101774,2024-06-18,Tadla (Fkih Ben Salah),Agadir,Souss-Massa,Lait pasteurisé,Camion réfrigéré,445.0,64.8,382.4,411.9,29.5,0,4.82,0.52,158.29,424.23,2186.23,0,32.474,-6.69056,30.44824,-9.63005,30.44824,-9.63005
CPG101775,2024-03-07,Agadir,Agadir,Souss-Massa,Crème fraîche,Camionnette réfrigérée,5.0,31.8,5.0,9.4,4.4,1,5.09,0.58,0.96,2.57,91.32,0,30.42432,-9.58373,30.40109,-9.59044,30.40109,-9.59044
CPG101776,2024-06-15,Agadir,Béni Mellal,Béni Mellal-Khénifra,Yaourt,Camion réfrigéré,474.0,59.9,456.7,475.0,18.3,1,2.76,0.76,168.34,451.14,2149.22,0,30.43958,-9.61933,32.40489,-6.33867,32.40489,-6.33867
CPG101777,2024-11-13,Casablanca,Tanger,Tanger-Tétouan-Al Hoceïma,Fromage frais,Camion réfrigéré,330.6,76.6,257.5,258.9,1.4,1,9.24,0.64,111.85,299.75,1703.11,0,33.52117,-7.57334,35.75956,-5.78497,35.75956,-5.78497
CPG101778,2024-12-18,Tadla (Fkih Ben Salah),Khouribga,Béni Mellal-Khénifra,Yaourt,Camionnette réfrigérée,62.5,32.8,89.5,114.4,24.9,0,5.18,0.63,11.86,31.8,271.73,0,32.49934,-6.70601,32.88428,-6.91702,32.88428,-6.91702
CPG101779,2024-11-30,Marrakech,Fès,Fès-Meknès,Yaourt,Camion standard,413.7,86.8,278.5,285.8,7.3,1,6.22,0.55,128.06,343.21,1752.44,0,31.60832,-7.96663,34.03442,-4.97048,34.03442,-4.97048
CPG101780,2024-12-12,Rabat,Laâyoune,Laâyoune-Sakia El Hamra,Yaourt,Camion réfrigéré,1053.5,77.6,797.6,814.9,17.3,1,7.4,0.63,312.88,838.51,6091.0,1,34.01475,-6.84336,27.18684,-13.12539,27.18684,-13.12539
CPG101781,2024-01-11,Rabat,Tétouan,Tanger-Tétouan-Al Hoceïma,Beurre,Camion réfrigéré,274.1,46.7,329.1,352.3,23.3,0,10.53,1.0,93.84,251.49,1713.33,0,34.05631,-6.84375,35.58835,-5.34101,35.58835,-5.34101
CPG101782,2024-01-10,Rabat,El Jadida,Casablanca-Settat,Beurre,Camion réfrigéré,196.6,71.2,139.4,165.6,26.2,0,1.34,0.68,69.33,185.8,983.25,0,34.03575,-6.81384,33.30098,-8.53996,33.30098,-8.53996
CPG101783,2024-06-23,Rabat,Rabat,Rabat-Salé-Kénitra,Lait pasteurisé,Camion réfrigéré,5.0,85.9,3.5,3.5,0.0,1,3.49,0.77,1.64,4.41,79.89,0,33.99989,-6.83651,34.01173,-6.85103,34.01173,-6.85103
CPG101784,2024-07-20,Casablanca,Fès,Fès-Meknès,Yaourt,Camion standard,263.5,72.3,200.6,218.8,18.2,1,7.11,1.0,75.03,201.08,1119.02,0,33.60917,-7.5525,33.9914,-4.97734,33.9914,-4.97734
CPG101785,2024-01-22,Rabat,Marrakech,Marrakech-Safi,Beurre,Camion réfrigéré,336.0,49.7,288.2,405.6,117.4,0,10.39,0.53,111.86,299.78,1663.65,0,34.02913,-6.8796,31.67542,-7.91502,31.67542,-7.91502
CPG101786,2024-12-11,Rabat,Khouribga,Béni Mellal-Khénifra,Lait pasteurisé,Camion réfrigéré,135.8,56.7,130.9,143.6,12.7,1,6.48,0.8,48.5,129.98,822.57,1,34.01523,-6.85672,32.82107,-6.90824,32.82107,-6.90824
CPG101787,2024-02-28,Rabat,Oujda,Oriental,Lait UHT,Camionnette réfrigérée,524.5,49.2,620.2,639.6,19.4,1,1.44,0.72,105.78,283.48,1574.43,0,34.01887,-6.82006,34.68129,-1.89653,34.68129,-1.89653
CPG101788,2024-12-13,Agadir,Agadir,Souss-Massa,Beurre,Camion réfrigéré,5.0,68.8,3.9,4.4,0.5,1,10.7,0.78,1.66,4.46,187.42,0,30.45792,-9.59284,30.37968,-9.55209,30.37968,-9.55209
CPG101789,2024-04-09,Agadir,Nador,Oriental,Lait UHT,Camion réfrigéré,1032.1,62.0,975.7,999.0,23.3,0,3.28,0.49,302.15,809.76,5787.96,0,30.40275,-9.58368,35.13145,-2.90704,35.13145,-2.90704
CPG101790,2024-04-22,Agadir,Rabat,Rabat-Salé-Kénitra,Lben,Camion réfrigéré,531.4,68.2,467.8,467.8,0.0,1,7.23,0.81,163.52,438.25,2770.0,0,30.45341,-9.63069,33.991,-6.79029,33.991,-6.79029
CPG101791,2024-10-02,Marrakech,Fès,Fès-Meknès,Lait UHT,Camion réfrigéré,503.0,61.7,489.1,489.1,0.0,1,6.27,0.66,159.86,428.43,2424.17,0,31.58916,-7.98719,33.97851,-4.98286,33.97851,-4.98286
CPG101792,2024-07-14,Agadir,Safi,Marrakech-Safi,Lait UHT,Camion réfrigéré,242.4,76.2,186.7,190.7,4.0,1,7.75,0.52,88.77,237.92,1238.49,0,30.42478,-9.62063,32.30312,-9.2404,32.30312,-9.2404
CPG101793,2024-05-08,Tadla (Fkih Ben Salah),Salé,Rabat-Salé-Kénitra,Lait pasteurisé,Camionnette réfrigérée,219.0,55.0,239.1,239.1,0.0,1,8.01,0.93,37.79,101.27,769.51,0,32.5279,-6.67099,34.07286,-6.77988,34.07286,-6.77988
CPG101794,2024-04-15,Marrakech,Agadir,Souss-Massa,Yaourt,Camion réfrigéré,245.4,54.6,269.5,269.5,0.0,1,10.81,0.88,70.7,189.49,1436.7,0,31.62759,-8.0048,30.40376,-9.57632,30.40376,-9.57632
CPG101795,2024-09-08,Marrakech,Taroudant,Souss-Massa,Yaourt,Camion réfrigéré,186.9,53.4,178.6,209.8,31.3,0,8.92,0.75,62.8,168.31,941.94,0,31.59363,-7.97818,30.44295,-8.88291,30.44295,-8.88291
CPG101796,2024-11-20,Rabat,Meknès,Fès-Meknès,Lait pasteurisé,Camion standard,162.2,70.7,120.1,137.6,17.6,1,6.49,0.53,49.44,132.5,667.03,0,34.03128,-6.85761,33.87198,-5.53395,33.87198,-5.53395
CPG101797,2024-03-10,Marrakech,Settat,Casablanca-Settat,Fromage frais,Camion réfrigéré,205.6,56.5,217.6,218.4,0.8,1,5.11,0.72,67.08,179.78,1092.87,0,31.61283,-7.99462,32.96646,-7.59333,32.96646,-7.59333
CPG101798,2024-12-01,Agadir,Casablanca,Casablanca-Settat,Fromage frais,Camion standard,442.2,55.6,449.1,477.2,28.1,0,13.28,0.5,120.01,321.62,1952.43,0,30.45248,-9.60164,33.61732,-7.59249,33.61732,-7.59249
CPG101799,2024-02-21,Agadir,Béni Mellal,Béni Mellal-Khénifra,Crème fraîche,Camion réfrigéré,471.8,62.9,450.2,450.2,0.0,1,5.32,0.56,145.63,390.29,2448.21,1,30.44444,-9.57554,32.31738,-6.34879,32.31738,-6.34879
CPG101800,2024-09-30,Tadla (Fkih Ben Salah),Settat,Casablanca-Settat,Beurre,Camion standard,131.2,78.1,97.4,100.7,3.3,1,11.84,0.76,36.71,98.37,606.13,0,32.45152,-6.72605,32.9771,-7.61922,32.9771,-7.61922
CPG101801,2024-07-14,Agadir,Béni Mellal,Béni Mellal-Khénifra,Fromage frais,Camionnette réfrigérée,460.9,53.5,499.3,516.5,17.2,1,8.14,0.73,83.87,224.77,1495.46,0,30.4171,-9.57924,32.33718,-6.28364,32.33718,-6.28364
CPG101802,2024-11-02,Marrakech,Rabat,Rabat-Salé-Kénitra,Beurre,Camionnette réfrigérée,339.3,52.8,385.5,385.5,0.0,1,4.25,0.74,57.14,153.13,1039.98,0,31.6192,-7.96612,34.01766,-6.82117,34.01766,-6.82117
CPG101803,2024-12-10,Marrakech,Meknès,Fès-Meknès,Lait pasteurisé,Camion réfrigéré,363.2,57.4,371.7,379.8,8.1,1,8.54,0.85,104.94,281.24,1774.57,0,31.59821,-7.98846,33.85501,-5.54827,33.85501,-5.54827
CPG101804,2024-04-20,Agadir,Laâyoune,Laâyoune-Sakia El Hamra,Fromage frais,Camion réfrigéré,621.8,47.4,784.3,786.8,2.5,1,5.52,0.86,198.16,531.07,3202.0,0,30.45253,-9.60773,27.09869,-13.16872,27.09869,-13.16872
CPG101805,2024-03-24,Tadla (Fkih Ben Salah),Kénitra,Rabat-Salé-Kénitra,Lait pasteurisé,Camion réfrigéré,236.6,60.6,227.6,234.2,6.5,1,6.87,0.55,73.22,196.23,1243.66,0,32.47693,-6.68528,34.27232,-6.56309,34.27232,-6.56309
CPG101806,2024-09-07,Marrakech,Tétouan,Tanger-Tétouan-Al Hoceïma,Lben,Camion réfrigéré,573.7,56.1,612.9,614.0,1.1,1,3.26,0.74,176.91,474.11,3002.78,0,31.59479,-7.99032,35.60416,-5.32539,35.60416,-5.32539
CPG101807,2024-12-26,Tadla (Fkih Ben Salah),Agadir,Souss-Massa,Yaourt,Camion standard,427.2,61.9,370.5,414.3,43.8,0,10.57,0.63,107.73,288.71,1754.57,0,32.49543,-6.67461,30.4378,-9.61499,30.4378,-9.61499
CPG101808,2024-01-11,Rabat,Tétouan,Tanger-Tétouan-Al Hoceïma,Lait UHT,Camion réfrigéré,253.8,43.0,326.0,353.7,27.8,0,7.27,0.79,93.19,249.76,1462.56,0,33.99311,-6.83045,35.53193,-5.36226,35.53193,-5.36226
CPG101809,2024-11-14,Marrakech,El Jadida,Casablanca-Settat,Beurre,Camion standard,201.5,78.5,153.4,154.1,0.7,1,5.57,0.88,55.15,147.8,786.36,0,31.60819,-7.95671,33.21112,-8.5218,33.21112,-8.5218
CPG101810,2024-07-04,Agadir,Nador,Oriental,Lait pasteurisé,Camion standard,887.6,65.1,750.1,818.5,68.3,0,4.26,0.83,272.27,729.67,3219.44,0,30.41506,-9.56216,35.18189,-2.85773,35.18189,-2.85773
CPG101811,2024-06-20,Casablanca,Essaouira,Marrakech-Safi,Fromage frais,Camion réfrigéré,413.3,61.7,396.3,402.1,5.7,1,7.98,0.67,145.6,390.21,2067.73,0,33.57161,-7.58588,31.46571,-9.77478,31.46571,-9.77478
CPG101812,2024-08-26,Tadla (Fkih Ben Salah),Laâyoune,Laâyoune-Sakia El Hamra,Yaourt,Camion réfrigéré,1113.7,77.6,848.5,861.5,13.0,1,3.7,0.62,352.07,943.55,5281.75,0,32.50791,-6.69653,27.16242,-13.19116,27.16242,-13.19116
CPG101813,2024-06-22,Tadla (Fkih Ben Salah),Laâyoune,Laâyoune-Sakia El Hamra,Crème fraîche,Camionnette réfrigérée,1119.7,67.0,1002.9,1002.9,0.0,1,5.04,0.62,229.53,615.13,3382.06,0,32.48173,-6.69916,27.18719,-13.18161,27.18719,-13.18161
CPG101814,2024-05-28,Marrakech,Laâyoune,Laâyoune-Sakia El Hamra,Yaourt,Camion standard,850.4,72.6,702.4,702.4,0.0,1,7.88,0.76,242.66,650.32,3065.38,0,31.63327,-8.01133,27.13286,-13.18279,27.13286,-13.18279
CPG101815,2024-10-28,Agadir,Salé,Rabat-Salé-Kénitra,Crème fraîche,Camion réfrigéré,584.2,54.5,635.2,642.7,7.6,1,6.92,0.71,192.56,516.05,3191.29,0,30.42684,-9.64716,34.04038,-6.74696,34.04038,-6.74696
CPG101816,2024-08-16,Tadla (Fkih Ben Salah),Settat,Casablanca-Settat,Lait pasteurisé,Camion réfrigéré,115.6,67.1,102.0,103.3,1.3,1,7.99,0.82,40.48,108.5,715.82,0,32.48907,-6.68524,33.00754,-7.58279,33.00754,-7.58279
CPG101817,2024-08-16,Agadir,Meknès,Fès-Meknès,Lait pasteurisé,Camionnette réfrigérée,614.2,48.9,636.8,754.3,117.5,0,5.48,0.85,122.17,327.42,2357.57,0,30.40874,-9.6224,33.89725,-5.55817,33.89725,-5.55817
CPG101818,2024-10-22,Rabat,Settat,Casablanca-Settat,Lait pasteurisé,Camion réfrigéré,147.2,73.2,112.6,120.7,8.1,1,7.83,0.51,47.37,126.96,847.01,0,34.02484,-6.82736,33.00519,-7.71116,33.00519,-7.71116
CPG101819,2024-07-31,Casablanca,Safi,Marrakech-Safi,Crème fraîche,Camion standard,251.7,73.0,179.6,206.9,27.3,0,11.44,0.56,63.27,169.55,1250.93,0,33.55447,-7.58594,32.29947,-9.2344,32.29947,-9.2344
CPG101820,2024-12-26,Tadla (Fkih Ben Salah),El Jadida,Casablanca-Settat,Lait pasteurisé,Camion réfrigéré,227.2,69.2,172.3,196.9,24.6,0,1.17,0.78,69.51,186.3,1248.07,0,32.4796,-6.68989,33.26384,-8.51768,33.26384,-8.51768
CPG101821,2024-03-12,Casablanca,Agadir,Souss-Massa,Yaourt,Camionnette réfrigérée,459.7,58.5,445.6,471.6,26.0,0,7.29,0.67,91.16,244.3,1443.95,0,33.56833,-7.58027,30.40546,-9.60549,30.40546,-9.60549
CPG101822,2024-02-15,Casablanca,Casablanca,Casablanca-Settat,Crème fraîche,Camion réfrigéré,5.0,68.8,4.4,4.4,0.0,1,4.17,0.87,1.63,4.37,91.04,0,33.58407,-7.57433,33.6411,-7.56753,33.6411,-7.56753
CPG101823,2024-01-30,Agadir,Salé,Rabat-Salé-Kénitra,Lait UHT,Camion standard,602.0,74.6,484.4,484.4,0.0,1,7.03,0.75,170.7,457.47,2128.12,0,30.41749,-9.58061,34.02254,-6.82857,34.02254,-6.82857
CPG101824,2024-10-05,Marrakech,Salé,Rabat-Salé-Kénitra,Beurre,Camionnette réfrigérée,358.7,66.1,309.9,325.8,15.9,1,7.65,0.73,69.29,185.69,1434.78,0,31.61997,-7.98601,34.03754,-6.82978,34.03754,-6.82978
CPG101825,2024-10-01,Casablanca,Fès,Fès-Meknès,Beurre,Camion réfrigéré,302.1,62.8,265.0,288.4,23.4,0,6.79,0.61,104.7,280.59,1696.52,0,33.61166,-7.60456,34.02337,-4.98212,34.02337,-4.98212
CPG101826,2024-02-06,Casablanca,Safi,Marrakech-Safi,Beurre,Camionnette réfrigérée,262.7,52.0,302.8,302.8,0.0,1,10.85,0.92,48.38,129.66,1084.52,0,33.5891,-7.57977,32.27738,-9.24061,32.27738,-9.24061
CPG101827,2024-04-18,Tadla (Fkih Ben Salah),Fès,Fès-Meknès,Lait UHT,Camion réfrigéré,303.8,68.8,220.4,264.9,44.5,0,5.19,0.73,101.02,270.72,1455.41,1,32.51573,-6.7068,34.04426,-4.96694,34.04426,-4.96694
CPG101828,2024-06-28,Casablanca,Casablanca,Casablanca-Settat,Beurre,Camion standard,5.0,12.8,3.9,23.5,19.6,1,7.64,0.97,1.26,3.37,136.09,0,33.54681,-7.61524,33.54511,-7.59644,33.54511,-7.59644
CPG101829,2024-02-16,Tadla (Fkih Ben Salah),Rabat,Rabat-Salé-Kénitra,Lait UHT,Camion standard,179.7,88.7,121.5,121.5,0.0,1,9.29,0.78,53.55,143.51,842.33,0,32.49442,-6.69678,33.96566,-6.8455,33.96566,-6.8455
CPG101830,2024-06-12,Marrakech,Khouribga,Béni Mellal-Khénifra,Lait pasteurisé,Camion réfrigéré,180.8,68.1,151.7,159.4,7.6,1,4.01,0.62,64.32,172.37,887.73,0,31.62963,-8.00497,32.88737,-6.91291,32.88737,-6.91291
CPG101831,2024-06-27,Casablanca,Safi,Marrakech-Safi,Crème fraîche,Camion réfrigéré,254.2,59.1,244.0,258.1,14.1,1,5.71,0.77,80.45,215.6,1300.57,0,33.54545,-7.58631,32.31769,-9.23404,32.31769,-9.23404
CPG101832,2024-05-07,Casablanca,Salé,Rabat-Salé-Kénitra,Lait pasteurisé,Camion réfrigéré,97.3,79.9,73.1,73.1,0.0,1,9.38,0.86,30.43,81.55,572.41,0,33.56671,-7.58481,34.05465,-6.78975,34.05465,-6.78975
CPG101833,2024-11-03,Agadir,Rabat,Rabat-Salé-Kénitra,Lait pasteurisé,Camion réfrigéré,530.6,64.1,496.3,496.3,0.0,1,8.06,0.67,170.19,456.1,2734.1,0,30.43853,-9.60221,33.89319,-6.86492,33.89319,-6.86492
CPG101834,2024-02-22,Marrakech,Rabat,Rabat-Salé-Kénitra,Beurre,Camionnette réfrigérée,324.9,54.5,357.7,357.7,0.0,1,2.04,0.71,54.7,146.6,962.85,0,31.58563,-7.97045,34.0237,-6.81186,34.0237,-6.81186
CPG101835,2024-12-19,Tadla (Fkih Ben Salah),Safi,Marrakech-Safi,Crème fraîche,Camion réfrigéré,306.5,75.6,243.3,243.3,0.0,1,6.47,0.68,93.38,250.25,1439.41,0,32.45686,-6.71085,32.29178,-9.26612,32.29178,-9.26612
CPG101836,2024-02-17,Rabat,Rabat,Rabat-Salé-Kénitra,Lait UHT,Camion standard,5.0,7.3,4.2,41.0,36.8,0,6.23,0.73,1.49,3.98,114.14,0,34.0033,-6.84628,34.04639,-6.86229,34.04639,-6.86229
CPG101837,2024-10-19,Agadir,Khouribga,Béni Mellal-Khénifra,Beurre,Camion réfrigéré,451.4,50.3,535.4,538.9,3.5,1,6.71,0.66,134.29,359.91,2298.15,0,30.41315,-9.62627,32.89576,-6.88147,32.89576,-6.88147
CPG101838,2024-06-14,Casablanca,Béni Mellal,Béni Mellal-Khénifra,Lben,Camion réfrigéré,228.6,45.5,176.9,301.4,124.5,0,6.91,0.65,76.68,205.49,1344.14,0,33.59472,-7.57484,32.31937,-6.36443,32.31937,-6.36443
CPG101839,2024-11-06,Rabat,Casablanca,Casablanca-Settat,Beurre,Camionnette réfrigérée,104.3,44.2,108.6,141.4,32.8,0,0.24,0.54,21.44,57.47,320.49,0,34.04263,-6.84446,33.60911,-7.54707,33.60911,-7.54707
CPG101840,2024-09-11,Tadla (Fkih Ben Salah),Settat,Casablanca-Settat,Crème fraîche,Camion réfrigéré,134.9,55.4,121.4,146.3,24.8,0,10.08,0.67,45.22,121.19,761.63,0,32.54144,-6.65563,32.97847,-7.65271,32.97847,-7.65271
CPG101841,2024-02-04,Tadla (Fkih Ben Salah),Laâyoune,Laâyoune-Sakia El Hamra,Beurre,Camion réfrigéré,1162.0,57.9,1190.8,1205.1,14.4,1,4.21,0.58,382.64,1025.47,6622.82,0,32.52489,-6.70606,27.10034,-13.1603,27.10034,-13.1603
CPG101842,2024-12-05,Rabat,Kénitra,Rabat-Salé-Kénitra,Lait UHT,Camion réfrigéré,41.8,46.5,54.0,54.0,0.0,1,11.39,0.8,12.2,32.69,390.62,0,34.01846,-6.84773,34.2709,-6.60847,34.2709,-6.60847
CPG101843,2024-08-30,Casablanca,Kénitra,Rabat-Salé-Kénitra,Fromage frais,Camion réfrigéré,132.7,65.7,110.0,121.2,11.2,1,6.77,0.54,46.34,124.18,705.8,0,33.57388,-7.56049,34.26667,-6.5813,34.26667,-6.5813
CPG101844,2024-06-23,Agadir,Agadir,Souss-Massa,Fromage frais,Camion standard,5.0,68.5,4.3,4.4,0.1,1,7.93,0.79,1.4,3.74,136.45,0,30.42159,-9.58881,30.39347,-9.59824,30.39347,-9.59824
CPG101845,2024-12-29,Agadir,Meknès,Fès-Meknès,Fromage frais,Camion standard,619.8,75.6,464.1,491.9,27.8,0,6.71,0.92,181.22,485.67,2509.88,0,30.4102,-9.61687,33.86068,-5.52739,33.86068,-5.52739
CPG101846,2024-09-20,Rabat,Marrakech,Marrakech-Safi,Fromage frais,Camion standard,374.5,71.0,316.3,316.3,0.0,1,5.01,0.73,100.56,269.49,1635.76,0,34.04712,-6.85748,31.6167,-7.96325,31.6167,-7.96325
CPG101847,2024-11-21,Tadla (Fkih Ben Salah),Settat,Casablanca-Settat,Lben,Camion réfrigéré,110.1,45.6,107.5,144.9,37.4,0,9.11,0.74,37.35,100.1,667.81,1,32.50346,-6.68451,32.9955,-7.61513,32.9955,-7.61513
CPG101848,2024-11-17,Tadla (Fkih Ben Salah),Khouribga,Béni Mellal-Khénifra,Crème fraîche,Camion réfrigéré,52.4,34.3,44.3,91.5,47.2,0,7.35,0.87,17.88,47.91,361.59,0,32.52542,-6.65493,32.8863,-6.93615,32.8863,-6.93615
CPG101849,2024-02-26,Agadir,Oujda,Oriental,Fromage frais,Camionnette réfrigérée,959.0,60.8,918.3,945.7,27.4,0,7.0,0.85,187.4,502.22,3387.65,0,30.43728,-9.58188,34.69698,-1.90821,34.69698,-1.90821
CPG101850,2024-09-09,Marrakech,Khouribga,Béni Mellal-Khénifra,Fromage frais,Camion standard,222.9,65.1,193.8,205.3,11.6,1,2.42,0.58,64.84,173.78,794.62,0,31.63124,-7.98224,32.87295,-6.91609,32.87295,-6.91609
CPG101851,2024-03-20,Rabat,Béni Mellal,Béni Mellal-Khénifra,Yaourt,Camionnette réfrigérée,243.5,57.3,254.8,254.8,0.0,1,2.89,0.83,45.73,122.54,779.57,0,34.04497,-6.88422,32.34839,-6.32166,32.34839,-6.32166
CPG101852,2024-02-24,Tadla (Fkih Ben Salah),Marrakech,Marrakech-Safi,Yaourt,Camion réfrigéré,187.1,56.4,196.3,199.1,,1,7.22,0.88,55.13,147.74,1160.1,0,32.48955,-6.6449,31.58094,-8.00224,31.58094,-8.00224
CPG101853,2024-08-18,Rabat,Rabat,Rabat-Salé-Kénitra,Yaourt,Camion standard,5.0,66.7,4.5,4.5,0.0,1,12.98,0.81,1.44,3.86,215.61,0,34.02887,-6.82793,33.99451,-6.81681,33.99451,-6.81681
CPG101854,2024-04-17,Rabat,Fès,Fès-Meknès,Beurre,Camionnette réfrigérée,190.3,38.9,280.5,293.6,13.1,1,0.63,0.85,37.5,100.49,677.83,0,34.04128,-6.83942,34.01609,-4.95037,34.01609,-4.95037
CPG101855,2024-12-06,Rabat,Khouribga,Béni Mellal-Khénifra,Fromage frais,Camion réfrigéré,154.4,62.2,136.8,149.0,12.2,1,7.51,1.0,49.3,132.13,951.6,0,34.01539,-6.84826,32.8788,-6.88899,32.8788,-6.88899
CPG101856,2024-07-09,Tadla (Fkih Ben Salah),Béni Mellal,Béni Mellal-Khénifra,Lait pasteurisé,Camion standard,43.3,51.4,44.6,50.6,6.0,1,9.14,0.34,11.27,30.21,297.72,0,32.49534,-6.70449,32.34699,-6.37956,32.34699,-6.37956
CPG101857,2024-05-25,Casablanca,Nador,Oriental,Lait pasteurisé,Camion réfrigéré,568.3,50.2,678.9,678.9,0.0,1,2.39,0.79,178.05,477.17,2974.09,0,33.59871,-7.53857,35.20061,-2.89416,35.20061,-2.89416
CPG101858,2024-07-24,Marrakech,Meknès,Fès-Meknès,Yaourt,Camion standard,403.0,89.3,269.2,270.7,1.5,1,7.62,0.59,106.76,286.11,1467.96,0,31.65248,-7.97569,33.88054,-5.57663,33.88054,-5.57663
CPG101859,2024-06-04,Agadir,Taroudant,Souss-Massa,Beurre,Camionnette réfrigérée,91.4,27.5,98.1,199.5,,0,5.9,0.76,17.51,46.93,411.36,0,30.4051,-9.60843,30.45308,-8.93638,30.45308,-8.93638
CPG101860,2024-09-21,Rabat,Casablanca,Casablanca-Settat,Lait UHT,Camion réfrigéré,114.7,62.0,99.7,110.9,11.3,1,6.75,0.87,35.94,96.33,695.71,0,34.03563,-6.86572,33.58195,-7.63526,33.58195,-7.63526
CPG101861,2024-02-21,Agadir,Casablanca,Casablanca-Settat,Crème fraîche,Camion réfrigéré,422.1,56.6,415.8,447.3,31.6,0,3.92,0.87,126.53,339.1,2029.48,0,30.41818,-9.64154,33.5859,-7.6419,33.5859,-7.6419
CPG101862,2024-02-15,Casablanca,Taroudant,Souss-Massa,Lait pasteurisé,Camionnette réfrigérée,451.2,65.1,388.7,415.6,26.9,0,8.39,0.9,90.62,242.86,1460.66,0,33.57578,-7.53838,30.48001,-8.9093,30.48001,-8.9093
CPG101863,2024-07-24,Marrakech,Fès,Fès-Meknès,Lait pasteurisé,Camion réfrigéré,484.2,69.4,418.6,418.6,0.0,1,8.23,0.68,168.37,451.24,2904.03,0,31.65213,-7.99093,33.98555,-4.98677,33.98555,-4.98677
CPG101864,2024-02-25,Rabat,Tanger,Tanger-Tétouan-Al Hoceïma,Yaourt,Camion standard,239.9,50.5,197.7,285.3,87.6,0,7.45,0.68,65.14,174.56,1058.01,0,34.01226,-6.83673,35.75553,-5.82993,35.75553,-5.82993
CPG101865,2024-02-14,Marrakech,Khouribga,Béni Mellal-Khénifra,Lait UHT,Camion réfrigéré,188.7,49.6,199.7,228.2,28.5,0,6.39,0.73,66.49,178.2,1140.96,0,31.6188,-7.95181,32.87441,-6.92469,32.87441,-6.92469
CPG101866,2024-03-12,Agadir,Casablanca,Casablanca-Settat,Lait UHT,Camion réfrigéré,424.1,57.9,424.7,439.2,14.5,1,7.41,0.78,153.67,411.82,2295.07,0,30.39336,-9.59542,33.56784,-7.61807,33.56784,-7.61807
CPG101867,2024-02-05,Agadir,Essaouira,Marrakech-Safi,Yaourt,Camion réfrigéré,145.1,34.5,171.2,252.3,81.1,0,5.32,0.8,53.2,142.57,713.45,0,30.40234,-9.5563,31.49956,-9.75712,31.49956,-9.75712
CPG101868,2024-09-19,Rabat,Salé,Rabat-Salé-Kénitra,Yaourt,Camion réfrigéré,6.1,3.9,5.8,93.2,87.3,0,0.49,0.76,1.78,4.76,37.04,0,33.97625,-6.83475,34.09687,-6.78355,34.09687,-6.78355
CPG101869,2024-05-11,Rabat,Safi,Marrakech-Safi,Yaourt,Camion standard,312.2,61.9,302.7,302.7,0.0,1,10.85,0.61,84.2,225.65,1307.46,0,34.03634,-6.81595,32.28841,-9.23969,32.28841,-9.23969
CPG101870,2024-12-04,Tadla (Fkih Ben Salah),Rabat,Rabat-Salé-Kénitra,Lait pasteurisé,Camion standard,218.3,54.4,216.9,240.7,23.8,0,11.17,0.71,66.88,179.24,1002.92,1,32.48465,-6.69405,34.03095,-6.87752,34.03095,-6.87752
CPG101871,2024-02-18,Rabat,Tétouan,Tanger-Tétouan-Al Hoceïma,Fromage frais,Camion réfrigéré,233.6,57.6,229.4,243.4,14.0,1,6.51,0.55,85.39,228.85,1357.45,0,34.02402,-6.87059,35.56252,-5.38554,35.56252,-5.38554
CPG101872,2024-06-02,Tadla (Fkih Ben Salah),El Jadida,Casablanca-Settat,Yaourt,Camion réfrigéré,246.2,78.3,188.6,188.6,0.0,1,1.76,0.65,71.65,192.02,1245.18,0,32.50488,-6.69179,33.26516,-8.53014,33.26516,-8.53014
CPG101873,2024-04-16,Casablanca,Salé,Rabat-Salé-Kénitra,Beurre,Camion réfrigéré,100.9,63.9,83.8,94.8,10.9,1,9.78,0.63,29.12,78.05,721.51,0,33.5973,-7.61404,34.02154,-6.77178,34.02154,-6.77178
CPG101874,2024-12-26,Casablanca,Taroudant,Souss-Massa,Lait UHT,Camion standard,454.0,75.7,343.6,359.9,16.3,1,8.46,0.59,140.96,377.78,1762.33,0,33.59098,-7.61626,30.50105,-8.86116,30.50105,-8.86116
CPG101875,2024-04-27,Agadir,Oujda,Oriental,Yaourt,Camion réfrigéré,953.3,67.6,823.5,846.7,23.2,0,6.53,0.85,312.5,837.5,4787.51,0,30.39355,-9.60149,34.68268,-1.87896,34.68268,-1.87896
CPG101876,2024-06-28,Rabat,Salé,Rabat-Salé-Kénitra,Lait UHT,Camion réfrigéré,6.7,81.3,5.0,5.0,0.0,1,9.21,0.78,2.17,5.8,170.26,0,34.01946,-6.86974,34.02375,-6.78955,34.02375,-6.78955
CPG101877,2024-04-08,Casablanca,Casablanca,Casablanca-Settat,Lait pasteurisé,Camionnette réfrigérée,5.0,10.0,4.4,30.0,25.6,0,6.4,0.77,0.83,2.23,110.74,0,33.5841,-7.61813,33.55508,-7.60202,33.55508,-7.60202
CPG101878,2024-05-30,Rabat,Taroudant,Souss-Massa,Lait pasteurisé,Camion standard,481.0,82.0,351.8,351.8,0.0,1,2.76,0.81,145.75,390.61,1908.73,0,34.00351,-6.80756,30.46217,-8.84494,30.46217,-8.84494
CPG101879,2024-06-23,Agadir,Casablanca,Casablanca-Settat,Lait UHT,Camionnette réfrigérée,462.0,68.3,381.4,405.8,24.5,0,7.68,0.42,89.41,239.61,1504.54,0,30.40558,-9.6041,33.56437,-7.59067,33.56437,-7.59067
CPG101880,2024-12-04,Casablanca,Taroudant,Souss-Massa,Fromage frais,Camion réfrigéré,473.6,66.7,387.1,425.8,38.7,0,10.03,0.61,173.6,465.25,2385.33,0,33.59398,-7.58948,30.49536,-8.87225,30.49536,-8.87225
CPG101881,2024-01-28,Marrakech,Nador,Oriental,Lait pasteurisé,Camion réfrigéré,739.0,77.8,549.6,570.0,20.4,0,0.2,0.91,245.4,657.66,3612.58,1,31.62316,-7.95344,35.15473,-2.95108,35.15473,-2.95108
CPG101882,2024-11-20,Tadla (Fkih Ben Salah),Safi,Marrakech-Safi,Beurre,Camion réfrigéré,313.4,63.2,286.2,297.4,11.2,1,7.72,0.48,109.23,292.73,1589.46,0,32.51956,-6.6614,32.31418,-9.21535,32.31418,-9.21535
CPG101883,2024-09-14,Agadir,Fès,Fès-Meknès,Lait pasteurisé,Camion réfrigéré,620.7,67.2,547.2,554.2,7.0,1,5.67,0.89,188.54,505.29,3242.44,0,30.43339,-9.5938,34.08478,-5.02333,34.08478,-5.02333
CPG101884,2024-09-28,Rabat,Meknès,Fès-Meknès,Fromage frais,Camion réfrigéré,134.7,56.8,106.3,142.3,36.0,0,9.12,0.63,39.92,106.99,839.14,0,34.00305,-6.84901,33.90747,-5.55552,33.90747,-5.55552
CPG101885,2024-05-30,Rabat,Laâyoune,Laâyoune-Sakia El Hamra,Lben,Camionnette réfrigérée,1072.7,58.0,1084.9,1110.5,25.5,0,0.25,0.31,192.18,515.03,3108.87,0,34.03193,-6.859,27.06903,-13.20316,27.06903,-13.20316
CPG101886,2024-06-27,Marrakech,Laâyoune,Laâyoune-Sakia El Hamra,Fromage frais,Camionnette réfrigérée,851.8,62.4,745.6,818.7,73.1,0,2.75,0.71,139.53,373.94,2451.1,0,31.63323,-7.97558,27.1526,-13.12092,27.1526,-13.12092
CPG101887,2024-03-31,Marrakech,Salé,Rabat-Salé-Kénitra,Beurre,Camion réfrigéré,324.9,83.6,230.7,233.3,2.6,1,4.75,0.77,94.67,253.71,1604.68,0,31.64677,-7.96336,34.09431,-6.79255,34.09431,-6.79255
CPG101888,2024-06-30,Casablanca,Casablanca,Casablanca-Settat,Lait pasteurisé,Camion réfrigéré,5.0,14.5,4.0,20.7,16.8,1,9.05,1.0,1.64,4.39,161.29,0,33.57636,-7.5722,33.55428,-7.56993,33.55428,-7.56993
CPG101889,2024-01-17,Tadla (Fkih Ben Salah),Salé,Rabat-Salé-Kénitra,Lait pasteurisé,Camionnette réfrigérée,211.7,42.2,224.5,301.0,76.5,0,4.92,0.61,34.75,93.14,707.73,0,32.47959,-6.71377,34.05547,-6.81439,34.05547,-6.81439
CPG101890,2024-06-29,Marrakech,Khouribga,Béni Mellal-Khénifra,Beurre,Camion réfrigéré,193.0,40.3,160.5,287.6,127.1,0,4.71,0.62,59.97,160.71,1060.71,0,31.66003,-7.98451,32.9019,-6.9009,32.9019,-6.9009
CPG101891,2024-07-17,Rabat,Kénitra,Rabat-Salé-Kénitra,Lait pasteurisé,Camion réfrigéré,47.2,60.6,46.8,46.8,0.0,1,5.4,1.0,14.05,37.66,289.36,0,34.03562,-6.84156,34.24776,-6.54092,34.24776,-6.54092
CPG101892,2024-03-30,Casablanca,Oujda,Oriental,Fromage frais,Camionnette réfrigérée,583.7,53.7,562.3,652.3,90.0,0,5.53,0.67,109.27,292.84,2044.8,0,33.58321,-7.61815,34.62859,-1.91852,34.62859,-1.91852
CPG101893,2024-10-08,Agadir,Kénitra,Rabat-Salé-Kénitra,Lait UHT,Camion réfrigéré,616.1,61.5,538.7,601.5,62.7,0,4.4,0.72,178.85,479.31,3379.59,0,30.43414,-9.58827,34.25066,-6.5962,34.25066,-6.5962
CPG101894,2024-09-07,Tadla (Fkih Ben Salah),Tétouan,Tanger-Tétouan-Al Hoceïma,Fromage frais,Camion réfrigéré,429.6,69.7,353.7,369.7,16.0,1,3.91,0.77,157.51,422.13,2101.55,0,32.48359,-6.6668,35.6338,-5.3496,35.6338,-5.3496
CPG101895,2024-04-27,Casablanca,Taroudant,Souss-Massa,Fromage frais,Camion réfrigéré,413.2,66.4,373.3,373.3,0.0,1,10.98,0.68,126.96,340.26,2238.69,0,33.59187,-7.567,30.45666,-8.82108,30.45666,-8.82108
CPG101896,2024-08-02,Tadla (Fkih Ben Salah),Béni Mellal,Béni Mellal-Khénifra,Beurre,Camion réfrigéré,46.1,40.1,44.1,69.0,24.9,0,4.5,0.65,15.43,41.35,308.85,0,32.48182,-6.71624,32.39108,-6.33997,32.39108,-6.33997
CPG101897,2024-03-19,Tadla (Fkih Ben Salah),Fès,Fès-Meknès,Crème fraîche,Camionnette réfrigérée,282.5,62.4,256.7,271.7,15.0,1,11.82,0.95,51.3,137.47,1213.17,1,32.51281,-6.67917,34.0122,-4.9225,34.0122,-4.9225
CPG101898,2024-05-21,Rabat,Settat,Casablanca-Settat,Yaourt,Camion réfrigéré,177.0,32.8,218.6,324.0,105.4,0,6.2,0.54,63.26,169.53,985.37,0,34.05647,-6.83084,32.97783,-7.62279,32.97783,-7.62279
CPG101899,2024-06-13,Marrakech,Settat,Casablanca-Settat,Beurre,Camion standard,188.0,72.3,152.1,156.0,4.0,1,2.87,0.87,56.09,150.32,771.36,0,31.63063,-7.96203,33.0102,-7.65936,33.0102,-7.65936
CPG101900,2024-08-31,Marrakech,Laâyoune,Laâyoune-Sakia El Hamra,Lait pasteurisé,Camion réfrigéré,873.2,67.5,757.6,776.0,18.3,1,7.38,0.86,285.41,764.9,3936.2,0,31.61913,-8.01942,27.096,-13.15471,27.096,-13.15471
CPG101901,2024-05-24,Casablanca,Fès,Fès-Meknès,Yaourt,Camion standard,304.4,79.2,226.7,230.5,3.7,1,7.7,0.7,85.59,229.37,1409.58,1,33.56324,-7.61497,34.00399,-5.02004,34.00399,-5.02004
CPG101902,2024-10-08,Rabat,Nador,Oriental,Lait UHT,Camion réfrigéré,484.1,75.2,386.3,386.3,0.0,1,4.98,0.44,141.32,378.73,2430.26,0,34.04131,-6.84905,35.19696,-2.90362,35.19696,-2.90362
CPG101903,2024-06-07,Rabat,Tanger,Tanger-Tétouan-Al Hoceïma,Lait UHT,Camion réfrigéré,248.7,69.6,207.4,214.4,7.0,1,9.29,0.46,80.22,214.99,1399.71,0,34.03501,-6.84162,35.74232,-5.85065,35.74232,-5.85065
CPG101904,2024-06-30,Agadir,Nador,Oriental,Lait UHT,Camion réfrigéré,961.4,70.9,812.6,813.6,1.0,1,6.49,0.96,293.29,786.03,4270.61,0,30.43034,-9.5835,35.17157,-2.98504,35.17157,-2.98504
CPG101905,2024-09-10,Casablanca,Kénitra,Rabat-Salé-Kénitra,Crème fraîche,Camion réfrigéré,129.3,30.4,142.8,255.0,112.2,0,4.8,0.88,37.74,101.15,734.09,0,33.54073,-7.59146,34.27886,-6.56388,34.27886,-6.56388
CPG101906,2024-04-28,Marrakech,Casablanca,Casablanca-Settat,Beurre,Camion standard,253.0,67.6,195.0,224.5,29.5,0,9.37,0.58,74.04,198.44,1231.37,0,31.6156,-8.01204,33.53915,-7.54651,33.53915,-7.54651
CPG101907,2024-08-30,Rabat,Salé,Rabat-Salé-Kénitra,Lait UHT,Camion standard,6.3,55.0,6.9,6.9,0.0,1,3.34,0.7,1.91,5.12,72.98,0,34.03145,-6.87531,34.04517,-6.79425,34.04517,-6.79425
CPG101908,2024-05-05,Tadla (Fkih Ben Salah),Fès,Fès-Meknès,Lait pasteurisé,Camionnette réfrigérée,300.3,59.6,289.8,302.5,12.7,1,5.2,0.76,56.99,152.73,1011.77,0,32.48666,-6.65979,34.02948,-5.03616,34.02948,-5.03616
CPG101909,2024-05-24,Marrakech,Marrakech,Marrakech-Safi,Beurre,Camionnette réfrigérée,5.0,72.3,4.1,4.1,0.0,1,4.15,0.74,1.01,2.72,79.72,0,31.62094,-8.01026,31.63185,-8.02184,31.63185,-8.02184
CPG101910,2024-10-02,Rabat,Béni Mellal,Béni Mellal-Khénifra,Lait pasteurisé,Camion standard,250.2,61.9,224.0,242.4,18.4,1,2.49,0.96,69.47,186.18,1114.81,0,34.03393,-6.84056,32.29765,-6.27219,32.29765,-6.27219
CPG101911,2024-10-08,Agadir,Khouribga,Béni Mellal-Khénifra,Lait pasteurisé,Camion réfrigéré,403.6,61.9,390.9,390.9,0.0,1,6.53,0.55,139.72,374.45,2007.78,0,30.42207,-9.56734,32.93055,-6.84321,32.93055,-6.84321
CPG101912,2024-02-14,Rabat,Laâyoune,Laâyoune-Sakia El Hamra,Lait UHT,Camionnette réfrigérée,1311.5,49.8,1569.6,1580.9,11.3,1,4.07,0.93,229.47,614.99,4393.71,1,34.00908,-6.85661,27.08538,-13.15545,27.08538,-13.15545
CPG101913,2024-05-01,Casablanca,Essaouira,Marrakech-Safi,Crème fraîche,Camion réfrigéré,385.1,56.3,390.3,410.6,,0,5.69,0.69,128.6,344.65,2002.24,0,33.57069,-7.57368,31.53578,-9.7281,31.53578,-9.7281
CPG101914,2024-09-21,Marrakech,Oujda,Oriental,Lait UHT,Camion réfrigéré,740.8,58.2,743.7,763.4,19.7,1,4.0,0.93,245.43,657.76,3331.78,0,31.60812,-7.96292,34.67694,-1.89914,34.67694,-1.89914
CPG101915,2024-07-18,Marrakech,Tanger,Tanger-Tétouan-Al Hoceïma,Yaourt,Camion réfrigéré,674.6,73.3,552.0,552.0,0.0,1,9.21,0.98,220.03,589.68,3159.51,0,31.63287,-7.96994,35.79007,-5.85148,35.79007,-5.85148
CPG101916,2024-04-13,Casablanca,Casablanca,Casablanca-Settat,Beurre,Camion réfrigéré,5.0,27.1,4.2,11.1,6.8,1,10.78,0.72,1.58,4.24,183.55,0,33.59899,-7.57112,33.56195,-7.54603,33.56195,-7.54603
CPG101917,2024-07-09,Agadir,Marrakech,Marrakech-Safi,Crème fraîche,Camion réfrigéré,273.0,59.5,257.5,275.1,17.6,1,6.75,0.78,93.53,250.66,1558.19,1,30.46026,-9.62717,31.61362,-7.94862,31.61362,-7.94862
CPG101918,2024-08-13,Casablanca,Settat,Casablanca-Settat,Lait UHT,Camion réfrigéré,77.6,50.5,75.1,92.2,17.1,1,10.06,0.69,25.08,67.23,557.34,0,33.57688,-7.59728,33.02652,-7.64611,33.02652,-7.64611
CPG101919,2024-09-12,Agadir,Fès,Fès-Meknès,Crème fraîche,Camion standard,628.1,85.0,436.8,443.3,6.5,1,5.11,0.71,158.95,425.99,2628.77,0,30.43629,-9.59002,34.01877,-4.99176,34.01877,-4.99176
CPG101920,2024-10-14,Marrakech,Nador,Oriental,Yaourt,Camionnette réfrigérée,749.3,44.1,988.2,1020.1,31.9,0,7.26,0.87,144.85,388.19,2304.52,0,31.61185,-7.94762,35.17628,-2.93201,35.17628,-2.93201
CPG101921,2024-01-18,Rabat,El Jadida,Casablanca-Settat,Lait pasteurisé,Camionnette réfrigérée,224.3,47.4,270.1,284.1,14.0,1,7.32,0.92,41.58,111.43,913.32,1,34.0144,-6.87728,33.25199,-8.49247,33.25199,-8.49247
CPG101922,2024-09-23,Rabat,Essaouira,Marrakech-Safi,Fromage frais,Camionnette réfrigérée,418.4,54.6,448.8,460.0,11.3,1,7.16,0.74,74.51,199.69,1612.36,0,34.02142,-6.84909,31.54906,-9.76424,31.54906,-9.76424
CPG101923,2024-04-22,Marrakech,Settat,Casablanca-Settat,Lait pasteurisé,Camion standard,190.9,60.1,176.4,190.6,14.1,1,8.57,0.74,48.06,128.8,864.57,0,31.60622,-7.97282,33.03346,-7.65552,33.03346,-7.65552
CPG101924,2024-07-25,Rabat,Marrakech,Marrakech-Safi,Lait pasteurisé,Camion réfrigéré,327.6,77.8,247.5,252.8,5.3,1,8.18,0.88,119.84,321.18,1599.58,0,34.01325,-6.83922,31.61941,-8.0098,31.61941,-8.0098
CPG101925,2024-04-14,Agadir,Salé,Rabat-Salé-Kénitra,Lait pasteurisé,Camion réfrigéré,542.9,80.2,406.0,406.0,0.0,1,6.9,0.89,172.22,461.55,3205.44,0,30.46993,-9.6095,34.08473,-6.78246,34.08473,-6.78246
CPG101926,2024-09-19,Tadla (Fkih Ben Salah),Marrakech,Marrakech-Safi,Yaourt,Camion standard,190.2,74.2,131.7,153.9,22.2,0,6.2,0.61,56.34,151.0,732.75,0,32.49557,-6.69596,31.59575,-7.947,31.59575,-7.947
CPG101927,2024-10-20,Casablanca,El Jadida,Casablanca-Settat,Lait UHT,Camionnette réfrigérée,122.1,40.3,177.8,182.0,4.2,1,8.05,0.72,24.34,65.22,521.45,0,33.56413,-7.57473,33.22345,-8.51324,33.22345,-8.51324
CPG101928,2024-05-20,Agadir,Essaouira,Marrakech-Safi,Lait pasteurisé,Camion standard,139.7,55.5,137.2,151.1,13.9,1,7.78,0.73,41.09,110.11,706.61,0,30.46086,-9.61988,31.49964,-9.74828,31.49964,-9.74828
CPG101929,2024-09-21,Tadla (Fkih Ben Salah),Khouribga,Béni Mellal-Khénifra,Lait pasteurisé,Camionnette réfrigérée,50.2,61.3,49.1,49.1,0.0,1,5.05,0.72,9.23,24.75,255.02,1,32.48636,-6.69829,32.9288,-6.92248,32.9288,-6.92248
CPG101930,2024-05-13,Marrakech,Salé,Rabat-Salé-Kénitra,Crème fraîche,Camion réfrigéré,361.6,76.1,275.9,285.3,9.4,1,2.13,0.86,113.5,304.17,1667.31,0,31.64353,-7.99893,34.00863,-6.79734,34.00863,-6.79734
CPG101931,2024-09-25,Tadla (Fkih Ben Salah),Laâyoune,Laâyoune-Sakia El Hamra,Lait pasteurisé,Camion réfrigéré,1086.1,70.1,902.2,929.6,27.5,0,15.31,0.47,333.15,892.83,5217.6,0,32.50055,-6.69077,27.10061,-13.16347,27.10061,-13.16347
CPG101932,2024-04-12,Agadir,Taroudant,Souss-Massa,Beurre,Camion réfrigéré,75.5,22.0,71.5,205.5,134.0,0,11.59,0.71,25.29,67.78,563.73,0,30.40187,-9.60103,30.44245,-8.88643,30.44245,-8.88643
CPG101933,2024-11-06,Agadir,Kénitra,Rabat-Salé-Kénitra,Lait pasteurisé,Camion réfrigéré,663.7,57.1,676.3,697.8,21.5,0,3.53,0.84,216.69,580.73,3404.33,0,30.4002,-9.63287,34.25468,-6.53776,34.25468,-6.53776
CPG101934,2024-02-08,Rabat,Settat,Casablanca-Settat,Yaourt,Camion standard,176.9,62.2,165.4,170.7,5.3,1,4.25,0.91,48.38,129.67,801.4,0,34.00507,-6.80054,33.01832,-7.61175,33.01832,-7.61175
CPG101935,2024-03-15,Rabat,Kénitra,Rabat-Salé-Kénitra,Lait pasteurisé,Camion standard,45.6,54.2,36.3,50.4,14.1,1,6.8,0.77,12.09,32.4,250.43,0,34.04127,-6.84827,34.26875,-6.55949,34.26875,-6.55949
CPG101936,2024-10-01,Casablanca,Tanger,Tanger-Tétouan-Al Hoceïma,Yaourt,Camion réfrigéré,390.8,48.0,372.6,488.9,116.3,0,7.08,0.81,135.74,363.79,2059.56,0,33.56231,-7.60119,35.87107,-5.88173,35.87107,-5.88173
CPG101937,2024-07-01,Marrakech,Fès,Fès-Meknès,Lait UHT,Camionnette réfrigérée,476.4,44.9,619.9,636.7,16.8,1,12.46,0.59,87.01,233.19,1666.92,0,31.57909,-7.98507,34.09516,-5.013,34.09516,-5.013
CPG101938,2024-05-13,Marrakech,Fès,Fès-Meknès,Lait UHT,Camion réfrigéré,462.4,78.9,341.4,351.4,10.0,1,3.37,0.64,139.06,372.69,2512.91,0,31.63137,-8.02495,34.03221,-4.9492,34.03221,-4.9492
CPG101939,2024-02-08,Marrakech,Settat,Casablanca-Settat,Lait pasteurisé,Camion réfrigéré,205.1,59.4,187.1,207.3,20.2,0,8.02,0.64,61.17,163.92,1205.71,0,31.63526,-7.99654,33.0121,-7.64103,33.0121,-7.64103
CPG101940,2024-03-02,Tadla (Fkih Ben Salah),Settat,Casablanca-Settat,Lait UHT,Camion standard,118.9,43.4,102.9,164.5,61.7,0,4.19,0.63,28.93,77.53,461.38,0,32.4967,-6.72997,32.9709,-7.60856,32.9709,-7.60856
CPG101941,2024-05-20,Rabat,Safi,Marrakech-Safi,Lait UHT,Camion réfrigéré,386.9,44.4,492.1,522.7,,0,5.27,0.55,114.94,308.04,1982.27,0,34.0334,-6.8107,32.26553,-9.29736,32.26553,-9.29736
CPG101942,2024-12-11,Casablanca,Essaouira,Marrakech-Safi,Beurre,Camion réfrigéré,401.5,67.1,354.4,359.2,4.9,1,8.35,0.58,125.05,335.13,2359.74,0,33.573,-7.59676,31.51665,-9.7911,31.51665,-9.7911
CPG101943,2024-07-21,Casablanca,Laâyoune,Laâyoune-Sakia El Hamra,Lait UHT,Camion standard,1130.8,77.4,876.1,876.1,0.0,1,7.85,0.83,309.1,828.39,4345.39,0,33.57491,-7.60563,27.12624,-13.1634,27.12624,-13.1634
CPG101944,2024-02-23,Tadla (Fkih Ben Salah),Essaouira,Marrakech-Safi,Lait pasteurisé,Camion standard,404.8,66.6,334.7,364.9,30.2,0,6.28,0.89,119.95,321.47,1642.49,0,32.47809,-6.6656,31.51294,-9.78718,31.51294,-9.78718
CPG101945,2024-12-21,Tadla (Fkih Ben Salah),Agadir,Souss-Massa,Lait UHT,Camion réfrigéré,386.1,62.6,326.8,370.1,43.3,0,7.18,0.63,117.87,315.89,2174.44,0,32.47556,-6.71472,30.39599,-9.60241,30.39599,-9.60241
CPG101946,2024-04-17,Agadir,Agadir,Souss-Massa,Beurre,Camion réfrigéré,5.0,11.3,3.9,26.6,22.7,0,3.79,0.8,1.76,4.71,83.48,0,30.40786,-9.57482,30.42042,-9.5607,30.42042,-9.5607
CPG101947,2024-11-08,Marrakech,Khouribga,Béni Mellal-Khénifra,Lben,Camion standard,223.7,58.9,198.6,227.9,29.3,0,6.21,0.62,61.64,165.2,1015.44,0,31.61152,-7.96775,32.91191,-6.90601,32.91191,-6.90601
CPG101948,2024-10-23,Marrakech,Taroudant,Souss-Massa,Fromage frais,Camion réfrigéré,196.6,65.7,164.2,179.4,15.2,1,4.42,0.52,60.75,162.82,1097.91,0,31.65064,-8.00539,30.46424,-8.8463,30.46424,-8.8463
CPG101949,2024-09-27,Casablanca,Salé,Rabat-Salé-Kénitra,Lait pasteurisé,Camion réfrigéré,110.8,49.1,100.0,135.5,35.5,0,1.69,0.73,32.83,87.98,528.52,0,33.58337,-7.58993,34.02219,-6.80829,34.02219,-6.80829
CPG101950,2024-10-06,Casablanca,Oujda,Oriental,Lait UHT,Camionnette réfrigérée,607.0,55.3,658.2,658.5,0.3,1,7.81,0.54,103.3,276.84,2080.88,0,33.54279,-7.60324,34.69892,-1.91788,34.69892,-1.91788
CPG101951,2024-11-10,Rabat,Béni Mellal,Béni Mellal-Khénifra,Lait pasteurisé,Camion réfrigéré,260.1,62.8,232.4,248.5,16.1,1,6.37,0.79,89.26,239.21,1274.97,0,34.02037,-6.81826,32.28584,-6.36372,32.28584,-6.36372
CPG101952,2024-11-18,Rabat,Taroudant,Souss-Massa,Lben,Camion réfrigéré,545.4,55.0,512.7,595.0,82.3,0,4.73,0.96,166.65,446.62,3182.5,0,34.00134,-6.8701,30.51057,-8.88356,30.51057,-8.88356
CPG101953,2024-12-11,Tadla (Fkih Ben Salah),Settat,Casablanca-Settat,Lait UHT,Camion réfrigéré,131.4,51.9,125.7,151.9,26.3,0,6.21,0.68,47.55,127.45,825.03,0,32.48053,-6.70183,33.00918,-7.60892,33.00918,-7.60892
CPG101954,2024-01-30,Casablanca,Agadir,Souss-Massa,Fromage frais,Camionnette réfrigérée,424.6,51.5,479.8,494.2,14.4,1,3.1,0.66,75.47,202.27,1545.34,0,33.56927,-7.55424,30.40113,-9.60036,30.40113,-9.60036
CPG101955,2024-11-02,Rabat,Meknès,Fès-Meknès,Yaourt,Camion réfrigéré,126.8,54.3,118.6,140.2,21.6,0,4.75,0.73,43.74,117.23,628.33,0,34.0547,-6.80837,33.91461,-5.52952,33.91461,-5.52952
CPG101956,2024-07-16,Tadla (Fkih Ben Salah),Béni Mellal,Béni Mellal-Khénifra,Lait pasteurisé,Camion réfrigéré,44.6,54.6,37.8,49.0,11.2,1,4.51,0.68,15.06,40.36,278.46,0,32.49689,-6.71023,32.33459,-6.32711,32.33459,-6.32711
CPG101957,2024-10-15,Tadla (Fkih Ben Salah),Meknès,Fès-Meknès,Lait UHT,Camion réfrigéré,218.7,71.3,184.0,184.0,0.0,1,2.11,0.9,65.29,174.99,1014.88,0,32.48966,-6.66453,33.86712,-5.54429,33.86712,-5.54429
CPG101958,2024-04-01,Tadla (Fkih Ben Salah),Marrakech,Marrakech-Safi,Lait pasteurisé,Camion réfrigéré,172.7,64.8,141.7,160.0,18.3,1,8.21,0.78,53.96,144.6,1113.56,1,32.49143,-6.6939,31.57956,-7.97275,31.57956,-7.97275
CPG101959,2024-04-17,Agadir,Tanger,Tanger-Tétouan-Al Hoceïma,Lait pasteurisé,Camion réfrigéré,820.6,52.6,930.2,935.3,5.0,1,9.14,0.46,295.93,793.08,4666.39,0,30.43639,-9.57074,35.76043,-5.84789,35.76043,-5.84789
CPG101960,2024-10-17,Casablanca,Khouribga,Béni Mellal-Khénifra,Crème fraîche,Camion réfrigéré,119.4,39.8,87.1,180.2,93.2,0,10.43,0.77,37.19,99.66,833.73,0,33.5646,-7.59171,32.91037,-6.89826,32.91037,-6.89826
CPG101961,2024-03-27,Casablanca,Laâyoune,Laâyoune-Sakia El Hamra,Fromage frais,Camion réfrigéré,963.9,68.0,838.5,850.3,11.8,1,6.85,0.73,315.42,845.33,4426.16,0,33.5722,-7.59971,27.12185,-13.15956,27.12185,-13.15956
CPG101962,2024-09-15,Agadir,Meknès,Fès-Meknès,Lben,Camion réfrigéré,684.6,66.8,608.1,615.2,7.2,1,8.38,0.8,245.05,656.74,3216.61,0,30.42639,-9.57982,33.90121,-5.5558,33.90121,-5.5558
CPG101963,2024-04-05,Tadla (Fkih Ben Salah),Béni Mellal,Béni Mellal-Khénifra,Yaourt,Camion standard,39.3,93.4,25.3,25.3,0.0,1,0.66,0.52,9.65,25.86,150.6,0,32.47867,-6.68459,32.32541,-6.39603,32.32541,-6.39603
CPG101964,2024-10-04,Tadla (Fkih Ben Salah),Tanger,Tanger-Tétouan-Al Hoceïma,Lben,Camion réfrigéré,481.7,73.7,385.0,392.0,7.0,1,9.05,0.79,144.48,387.22,2343.03,0,32.48774,-6.69039,35.76119,-5.8003,35.76119,-5.8003
CPG101965,2024-04-30,Tadla (Fkih Ben Salah),Oujda,Oriental,Lait UHT,Camion réfrigéré,534.2,67.8,472.5,472.5,0.0,1,2.7,0.7,181.53,486.49,2745.91,0,32.50791,-6.67803,34.72197,-1.89779,34.72197,-1.89779
CPG101966,2024-06-08,Agadir,Settat,Casablanca-Settat,Yaourt,Camion réfrigéré,414.0,68.5,345.8,362.5,16.6,1,5.97,0.88,149.22,399.92,2043.96,0,30.42341,-9.56303,32.97966,-7.59051,32.97966,-7.59051
CPG101967,2024-01-20,Tadla (Fkih Ben Salah),Safi,Marrakech-Safi,Lait pasteurisé,Camion standard,289.9,45.1,257.9,386.0,128.0,0,6.13,1.0,79.1,211.98,1280.07,0,32.4885,-6.69756,32.2023,-9.23926,32.2023,-9.23926
CPG101968,2024-09-08,Marrakech,Laâyoune,Laâyoune-Sakia El Hamra,Crème fraîche,Camionnette réfrigérée,894.0,56.3,935.0,951.9,16.9,1,4.65,0.69,167.97,450.16,2812.18,0,31.62056,-7.97842,27.07365,-13.17695,27.07365,-13.17695
CPG101969,2024-09-22,Rabat,El Jadida,Casablanca-Settat,Yaourt,Camionnette réfrigérée,192.9,56.1,193.3,206.4,13.2,1,9.44,0.67,35.75,95.81,765.46,1,33.99086,-6.82576,33.25106,-8.53823,33.25106,-8.53823
CPG101970,2024-11-28,Tadla (Fkih Ben Salah),Casablanca,Casablanca-Settat,Lait pasteurisé,Camion standard,158.0,68.2,128.9,139.1,10.2,1,10.36,1.0,41.61,111.53,764.84,0,32.48207,-6.68194,33.57626,-7.58069,33.57626,-7.58069
CPG101971,2024-03-11,Casablanca,Rabat,Rabat-Salé-Kénitra,Fromage frais,Camion réfrigéré,103.6,27.9,87.6,223.0,135.3,0,5.31,0.7,36.04,96.58,641.46,0,33.56271,-7.58885,34.0664,-6.84191,34.0664,-6.84191
CPG101972,2024-03-30,Marrakech,Tétouan,Tanger-Tétouan-Al Hoceïma,Lait pasteurisé,Camionnette réfrigérée,618.2,65.2,568.5,568.5,0.0,1,7.56,0.83,125.2,335.53,1864.24,0,31.65091,-7.98145,35.63236,-5.34706,35.63236,-5.34706
CPG101973,2024-01-08,Agadir,Kénitra,Rabat-Salé-Kénitra,Fromage frais,Camion réfrigéré,674.5,71.2,568.4,568.4,0.0,1,5.65,0.66,234.1,627.39,3730.43,0,30.43283,-9.61072,34.23768,-6.5629,34.23768,-6.5629
CPG101974,2024-01-03,Marrakech,Kénitra,Rabat-Salé-Kénitra,Fromage frais,Camion réfrigéré,427.0,61.1,399.5,419.1,19.6,1,2.54,0.81,138.37,370.84,2121.76,0,31.60887,-7.97593,34.20852,-6.60912,34.20852,-6.60912
CPG101975,2024-06-23,Agadir,Rabat,Rabat-Salé-Kénitra,Beurre,Camion réfrigéré,574.7,65.1,529.7,529.7,0.0,1,3.86,0.5,183.9,492.85,2616.46,0,30.42164,-9.58718,33.96543,-6.84294,33.96543,-6.84294
CPG101976,2024-12-17,Rabat,Agadir,Souss-Massa,Fromage frais,Camion réfrigéré,550.3,82.8,384.1,398.5,14.4,1,7.21,0.61,159.75,428.13,3017.32,0,34.04297,-6.83747,30.45551,-9.573,30.45551,-9.573
CPG101977,2024-12-25,Marrakech,El Jadida,Casablanca-Settat,Fromage frais,Camion standard,205.6,57.2,180.2,215.5,35.3,0,3.47,0.73,58.63,157.13,904.47,0,31.61697,-7.95476,33.26049,-8.4609,33.26049,-8.4609
CPG101978,2024-09-02,Rabat,Kénitra,Rabat-Salé-Kénitra,Yaourt,Camion réfrigéré,38.9,15.9,42.0,147.0,105.0,0,8.34,0.62,13.1,35.09,304.63,0,34.05515,-6.85181,34.22228,-6.62883,34.22228,-6.62883
CPG101979,2024-12-01,Rabat,Kénitra,Rabat-Salé-Kénitra,Lait UHT,Camion réfrigéré,42.9,82.4,31.2,31.2,0.0,1,12.04,0.68,14.79,39.65,401.92,0,34.00088,-6.84426,34.22594,-6.55767,34.22594,-6.55767
CPG101980,2024-07-12,Agadir,Meknès,Fès-Meknès,Yaourt,Camion standard,621.3,83.7,429.5,445.5,16.1,1,6.76,0.68,163.78,438.94,2628.77,0,30.44678,-9.61091,33.82636,-5.55709,33.82636,-5.55709
CPG101981,2024-12-12,Rabat,Nador,Oriental,Lait UHT,Camion standard,430.6,84.4,306.0,306.0,0.0,1,7.12,0.42,124.79,334.44,1667.54,0,34.00899,-6.85945,35.1408,-2.97101,35.1408,-2.97101
CPG101982,2024-04-23,Agadir,Tanger,Tanger-Tétouan-Al Hoceïma,Lait UHT,Camion réfrigéré,774.3,70.2,651.9,661.7,9.8,1,8.39,0.97,272.08,729.17,3760.08,0,30.41652,-9.6245,35.72167,-5.80951,35.72167,-5.80951
CPG101983,2024-08-05,Agadir,Taroudant,Souss-Massa,Beurre,Camionnette réfrigérée,80.0,30.3,138.0,158.3,20.3,0,0.2,0.72,14.41,38.63,282.24,0,30.44596,-9.57275,30.50206,-8.85305,30.50206,-8.85305
CPG101984,2024-08-09,Agadir,Tanger,Tanger-Tétouan-Al Hoceïma,Beurre,Camion standard,920.3,86.6,637.9,637.9,0.0,1,3.84,0.93,261.23,700.1,3413.47,0,30.44399,-9.59967,35.75795,-5.85806,35.75795,-5.85806
CPG101985,2024-03-31,Marrakech,Taroudant,Souss-Massa,Fromage frais,Camion réfrigéré,176.9,73.8,143.8,143.8,0.0,1,7.66,0.83,53.13,142.4,1035.58,0,31.64109,-7.97661,30.50854,-8.8811,30.50854,-8.8811
CPG101986,2024-04-14,Agadir,Nador,Oriental,Fromage frais,Camion standard,921.1,78.7,688.5,702.6,14.0,1,7.04,0.72,260.21,697.36,3879.22,0,30.43372,-9.6349,35.1907,-2.8965,35.1907,-2.8965
CPG101987,2024-06-13,Agadir,Tanger,Tanger-Tétouan-Al Hoceïma,Lait UHT,Camion standard,739.3,86.6,492.0,512.3,20.4,0,1.1,0.72,209.2,560.66,2800.18,0,30.42068,-9.55662,35.80367,-5.87615,35.80367,-5.87615
CPG101988,2024-08-02,Marrakech,Kénitra,Rabat-Salé-Kénitra,Yaourt,Camion réfrigéré,394.1,81.3,268.5,290.9,22.4,0,5.95,0.53,141.95,380.44,2031.59,0,31.61527,-8.00796,34.25066,-6.50467,34.25066,-6.50467
CPG101989,2024-01-01,Marrakech,Khouribga,Béni Mellal-Khénifra,Crème fraîche,Camion réfrigéré,181.6,62.4,174.7,174.7,0.0,1,5.58,0.56,55.54,148.84,1094.18,0,31.63366,-8.01452,32.84355,-6.94201,32.84355,-6.94201
CPG101990,2024-07-30,Tadla (Fkih Ben Salah),Rabat,Rabat-Salé-Kénitra,Lait UHT,Camion réfrigéré,178.3,34.1,207.1,313.6,106.5,0,7.92,0.83,62.0,166.16,911.44,0,32.51509,-6.68789,34.00576,-6.80262,34.00576,-6.80262
CPG101991,2024-12-02,Tadla (Fkih Ben Salah),Nador,Oriental,Lait pasteurisé,Camion réfrigéré,497.0,68.4,421.6,435.9,14.3,1,6.81,1.0,148.16,397.07,2768.67,0,32.49166,-6.67085,35.22911,-2.90764,35.22911,-2.90764
CPG101992,2024-09-27,Marrakech,Nador,Oriental,Lait UHT,Camion réfrigéré,645.0,61.8,613.2,626.7,13.5,1,5.12,0.67,188.84,506.09,3146.7,1,31.59427,-7.9758,35.18597,-2.86954,35.18597,-2.86954
CPG101993,2024-04-22,Rabat,El Jadida,Casablanca-Settat,Lait pasteurisé,Camion réfrigéré,237.7,56.6,216.0,252.1,36.1,0,9.29,0.76,86.54,231.93,1257.13,1,34.04446,-6.86518,33.21914,-8.50981,33.21914,-8.50981
CPG101994,2024-11-20,Marrakech,Marrakech,Marrakech-Safi,Crème fraîche,Camion réfrigéré,5.0,19.1,4.0,15.7,11.7,1,5.01,0.81,1.49,3.99,102.14,1,31.64575,-7.9525,31.64327,-7.96136,31.64327,-7.96136
CPG101995,2024-09-03,Agadir,Agadir,Souss-Massa,Lait pasteurisé,Camion réfrigéré,5.0,2.9,4.2,104.2,100.0,0,5.99,0.82,1.47,3.95,115.74,0,30.39441,-9.60363,30.4751,-9.62849,30.4751,-9.62849
CPG101996,2024-10-21,Casablanca,Kénitra,Rabat-Salé-Kénitra,Lait pasteurisé,Camion réfrigéré,147.5,65.1,131.2,135.9,4.7,1,6.37,0.53,48.46,129.86,746.04,0,33.55775,-7.58159,34.2485,-6.54907,34.2485,-6.54907
CPG101997,2024-03-10,Rabat,Taroudant,Souss-Massa,Lben,Camion réfrigéré,512.7,77.7,395.7,395.7,0.0,1,7.11,0.83,156.45,419.28,2662.55,1,34.0086,-6.85133,30.49588,-8.85588,30.49588,-8.85588
CPG101998,2024-01-16,Casablanca,Nador,Oriental,Yaourt,Camion réfrigéré,541.8,74.2,407.0,438.4,31.4,0,8.89,1.0,166.74,446.86,2783.11,0,33.54136,-7.60383,35.13422,-2.93175,35.13422,-2.93175
CPG101999,2024-06-25,Rabat,Marrakech,Marrakech-Safi,Yaourt,Camion réfrigéré,317.2,49.0,263.0,388.4,125.5,0,6.54,0.68,97.12,260.27,1517.15,0,33.9968,-6.84013,31.66332,-7.99257,31.66332,-7.99257
CPG102000,2024-01-13,Casablanca,Kénitra,Rabat-Salé-Kénitra,Beurre,Camion réfrigéré,158.9,59.5,151.0,160.3,9.3,1,9.41,0.84,49.1,131.59,861.24,0,33.56471,-7.5842,34.23377,-6.62956,34.23377,-6.62956
CPG102001,2024-03-11,Tadla (Fkih Ben Salah),Agadir,Souss-Massa,Lait UHT,Camion réfrigéré,438.7,56.4,466.5,466.5,0.0,1,3.17,0.59,145.58,390.16,1967.54,0,32.50083,-6.66217,30.40726,-9.57246,30.40726,-9.57246
CPG102002,2024-05-03,Agadir,Laâyoune,Laâyoune-Sakia El Hamra,Beurre,Camionnette réfrigérée,558.8,43.4,741.2,771.8,30.6,0,6.35,0.48,95.21,255.16,1685.15,0,30.43382,-9.60991,27.10908,-13.0897,27.10908,-13.0897
CPG102003,2024-12-04,Marrakech,Fès,Fès-Meknès,Yaourt,Camion réfrigéré,456.3,68.2,385.7,401.7,16.0,1,9.51,0.57,151.62,406.33,2691.34,0,31.63394,-8.00051,34.07187,-4.97498,34.07187,-4.97498
CPG102004,2024-12-15,Marrakech,Casablanca,Casablanca-Settat,Lait pasteurisé,Camionnette réfrigérée,232.7,41.1,301.2,339.4,38.2,0,5.49,0.88,45.91,123.05,843.99,0,31.62951,-7.99995,33.58214,-7.59349,33.58214,-7.59349
CPG102005,2024-12-01,Casablanca,Essaouira,Marrakech-Safi,Fromage frais,Camion standard,377.2,52.9,339.6,427.5,87.8,0,8.13,0.81,110.02,294.86,1547.86,0,33.58585,-7.56593,31.51941,-9.75607,31.51941,-9.75607
CPG102006,2024-01-06,Tadla (Fkih Ben Salah),Safi,Marrakech-Safi,Lait pasteurisé,Camionnette réfrigérée,308.1,49.3,347.5,374.8,27.3,0,8.78,0.78,58.43,156.6,1030.37,0,32.48371,-6.72744,32.26656,-9.23488,32.26656,-9.23488
CPG102007,2024-03-28,Marrakech,Casablanca,Casablanca-Settat,Fromage frais,Camion réfrigéré,267.6,75.3,203.8,213.3,9.5,1,4.49,0.76,,213.76,1592.92,0,31.64576,-7.99456,33.54241,-7.66008,33.54241,-7.66008
CPG102008,2024-04-24,Agadir,Fès,Fès-Meknès,Lait UHT,Camion standard,790.3,58.6,806.2,809.5,3.3,1,13.16,0.6,205.68,551.22,3398.9,0,30.43662,-9.60274,34.032,-5.01111,34.032,-5.01111
CPG102009,2024-10-16,Agadir,Safi,Marrakech-Safi,Lait pasteurisé,Camion réfrigéré,230.7,65.7,210.5,210.5,0.0,1,5.96,0.85,81.91,219.53,1248.71,0,30.41868,-9.57443,32.38169,-9.21471,32.38169,-9.21471
CPG102010,2024-04-07,Rabat,Casablanca,Casablanca-Settat,Lait UHT,Camion standard,113.4,42.5,119.0,160.1,41.1,0,7.81,0.49,31.41,84.18,593.48,0,34.05845,-6.82649,33.59877,-7.5888,33.59877,-7.5888
CPG102011,2024-02-04,Agadir,Laâyoune,Laâyoune-Sakia El Hamra,Yaourt,Camion standard,648.2,66.9,561.2,581.3,20.1,0,5.66,0.68,163.93,439.32,2446.56,0,30.44969,-9.60436,27.16029,-13.1684,27.16029,-13.1684
CPG102012,2024-11-08,Rabat,Settat,Casablanca-Settat,Yaourt,Camionnette réfrigérée,178.6,54.2,197.7,197.7,0.0,1,0.2,0.79,33.94,90.96,619.17,0,34.02577,-6.82528,33.00824,-7.58274,33.00824,-7.58274
CPG102013,2024-11-15,Rabat,Béni Mellal,Béni Mellal-Khénifra,Lait UHT,Camion réfrigéré,206.8,43.0,172.9,288.8,115.9,0,10.44,0.59,64.88,173.87,1333.05,1,34.01417,-6.87267,32.35943,-6.36934,32.35943,-6.36934
CPG102014,2024-02-07,Agadir,Oujda,Oriental,Lait UHT,Camion réfrigéré,1021.5,67.4,909.5,909.5,0.0,1,9.26,0.7,309.85,830.39,5611.92,0,30.44876,-9.6132,34.65007,-1.92284,34.65007,-1.92284
CPG102015,2024-11-24,Agadir,Agadir,Souss-Massa,Fromage frais,Camion réfrigéré,5.0,3.4,4.0,87.6,83.6,0,5.7,0.7,1.61,4.32,109.41,0,30.43148,-9.63089,30.45902,-9.58242,30.45902,-9.58242
CPG102016,2024-06-16,Agadir,Khouribga,Béni Mellal-Khénifra,Beurre,Camionnette réfrigérée,403.0,49.9,391.1,484.2,93.1,0,2.31,0.59,68.62,183.91,1309.35,0,30.44765,-9.5635,32.8731,-6.90251,32.8731,-6.90251
CPG102017,2024-12-01,Casablanca,Salé,Rabat-Salé-Kénitra,Yaourt,Camionnette réfrigérée,108.5,47.5,116.7,137.0,20.3,0,9.44,0.8,21.95,58.82,461.24,0,33.57367,-7.60079,33.99105,-6.78475,33.99105,-6.78475
CPG102018,2024-01-13,Marrakech,El Jadida,Casablanca-Settat,Yaourt,Camion standard,231.7,65.8,183.0,211.3,28.2,0,6.49,0.95,70.36,188.56,931.8,0,31.63227,-7.97493,33.25632,-8.49361,33.25632,-8.49361
CPG102019,2024-09-19,Marrakech,Salé,Rabat-Salé-Kénitra,Fromage frais,Camion réfrigéré,327.1,69.5,278.1,282.3,4.3,1,4.92,1.0,101.7,272.56,1728.1,0,31.64707,-7.99451,34.05368,-6.80004,34.05368,-6.80004
CPG102020,2024-11-15,Marrakech,Laâyoune,Laâyoune-Sakia El Hamra,Crème fraîche,Camion réfrigéré,864.6,58.9,760.3,880.5,120.3,0,6.7,0.7,273.54,733.09,4911.36,1,31.61604,-7.99704,27.08327,-13.14234,27.08327,-13.14234
CPG102021,2024-04-11,Tadla (Fkih Ben Salah),Nador,Oriental,Lait pasteurisé,Camion réfrigéré,522.3,70.4,423.7,444.9,21.2,0,8.04,0.84,163.83,439.06,2964.73,0,32.50698,-6.70417,35.22967,-2.89459,35.22967,-2.89459
CPG102022,2024-07-07,Agadir,Casablanca,Casablanca-Settat,Lait UHT,Camion réfrigéré,506.7,70.5,427.7,431.2,3.5,1,12.64,0.81,148.73,398.59,2622.53,0,30.39151,-9.61079,33.49745,-7.61418,33.49745,-7.61418
CPG102023,2024-09-28,Marrakech,Meknès,Fès-Meknès,Crème fraîche,Camionnette réfrigérée,449.6,60.1,440.2,449.1,8.9,1,4.04,0.54,79.41,212.82,1382.4,0,31.64112,-8.01317,33.84675,-5.51988,33.84675,-5.51988
CPG102024,2024-12-20,Rabat,Salé,Rabat-Salé-Kénitra,Lait UHT,Camionnette réfrigérée,6.6,17.3,9.3,22.9,13.6,1,6.92,0.77,1.31,3.52,125.87,0,34.00583,-6.8074,34.05464,-6.82058,34.05464,-6.82058
CPG102025,2024-11-29,Tadla (Fkih Ben Salah),Fès,Fès-Meknès,Fromage frais,Camion standard,255.1,54.7,244.3,279.7,35.4,0,6.23,0.77,64.85,173.79,1145.77,0,32.48021,-6.71231,34.02744,-4.94549,34.02744,-4.94549
CPG102026,2024-11-12,Casablanca,Tétouan,Tanger-Tétouan-Al Hoceïma,Lait pasteurisé,Camion réfrigéré,331.3,60.5,293.7,328.6,34.8,0,5.69,0.8,104.01,278.75,1725.54,0,33.55621,-7.60731,35.54875,-5.3462,35.54875,-5.3462
CPG102027,2024-07-21,Marrakech,Meknès,Fès-Meknès,Lait UHT,Camionnette réfrigérée,398.8,60.8,393.7,393.7,0.0,1,11.72,0.72,79.61,213.34,1626.06,0,31.60472,-7.96166,33.87371,-5.58112,33.87371,-5.58112
CPG102028,2024-04-09,Agadir,Béni Mellal,Béni Mellal-Khénifra,Crème fraîche,Camion réfrigéré,450.3,81.6,329.3,331.2,1.9,1,1.44,0.81,152.5,408.71,2415.95,0,30.43045,-9.57645,32.26514,-6.37145,32.26514,-6.37145
CPG102029,2024-06-13,Rabat,Settat,Casablanca-Settat,Lait pasteurisé,Camion réfrigéré,177.2,48.4,153.1,219.8,66.7,0,6.45,0.59,57.26,153.47,963.84,0,34.01356,-6.84963,32.98953,-7.64904,32.98953,-7.64904
CPG102030,2024-06-10,Marrakech,Oujda,Oriental,Yaourt,Camionnette réfrigérée,693.9,37.5,1083.9,1111.1,27.2,0,1.76,0.7,121.03,324.37,2438.53,0,31.63505,-7.97466,34.66114,-1.89046,34.66114,-1.89046
CPG102031,2024-03-24,Tadla (Fkih Ben Salah),Tétouan,Tanger-Tétouan-Al Hoceïma,Lait UHT,Camionnette réfrigérée,402.8,41.5,552.0,583.0,31.1,0,5.68,0.53,77.96,208.94,1441.91,0,32.51322,-6.7036,35.56698,-5.43686,35.56698,-5.43686
CPG102032,2024-08-16,Rabat,Khouribga,Béni Mellal-Khénifra,Lait UHT,Camion réfrigéré,150.3,55.4,152.3,162.8,10.4,1,7.96,0.71,44.71,119.83,893.58,0,34.01357,-6.89437,32.91835,-6.94027,32.91835,-6.94027
CPG102033,2024-05-07,Casablanca,Essaouira,Marrakech-Safi,Fromage frais,Camionnette réfrigérée,385.6,52.8,403.8,438.1,34.2,0,6.14,0.47,76.6,205.28,1395.77,0,33.57842,-7.60169,31.51245,-9.76962,31.51245,-9.76962
CPG102034,2024-06-05,Agadir,El Jadida,Casablanca-Settat,Lait UHT,Camion standard,380.0,65.7,321.7,347.2,25.5,0,4.6,0.37,112.13,300.51,1633.21,0,30.47772,-9.59734,33.25018,-8.52625,33.25018,-8.52625
CPG102035,2024-01-26,Marrakech,El Jadida,Casablanca-Settat,Fromage frais,Camion réfrigéré,222.0,45.5,176.7,292.8,116.0,0,9.08,0.86,80.36,215.37,1166.74,0,31.61316,-7.97376,33.2,-8.50429,33.2,-8.50429
CPG102036,2024-12-19,Rabat,Béni Mellal,Béni Mellal-Khénifra,Lait pasteurisé,Camion réfrigéré,255.6,72.9,206.0,210.3,4.3,1,6.75,0.51,78.66,210.81,1245.36,0,34.07903,-6.79902,32.31072,-6.35904,32.31072,-6.35904
CPG102037,2024-02-01,Casablanca,Settat,Casablanca-Settat,Lait UHT,Camion réfrigéré,75.7,33.4,70.8,135.8,64.9,0,3.11,0.69,24.64,66.03,425.33,0,33.58221,-7.60724,32.94888,-7.66211,32.94888,-7.66211
CPG102038,2024-07-22,Tadla (Fkih Ben Salah),Essaouira,Marrakech-Safi,Fromage frais,Camion réfrigéré,355.3,52.2,407.8,408.7,0.8,1,5.22,0.75,112.04,300.25,1757.03,0,32.48421,-6.67488,31.5028,-9.76246,31.5028,-9.76246
CPG102039,2024-12-28,Casablanca,Rabat,Rabat-Salé-Kénitra,Yaourt,Camion standard,104.1,31.2,80.8,200.1,119.3,0,2.99,0.56,31.44,84.27,390.07,0,33.60519,-7.57827,34.04911,-6.83587,34.04911,-6.83587
CPG102040,2024-05-09,Marrakech,Fès,Fès-Meknès,Lait pasteurisé,Camion réfrigéré,435.6,63.7,389.2,410.4,21.2,0,3.03,0.68,134.08,359.34,2293.38,0,31.64815,-7.94854,34.11273,-4.97427,34.11273,-4.97427
CPG102041,2024-12-27,Casablanca,Settat,Casablanca-Settat,Lait UHT,Camion standard,82.1,56.9,66.5,86.7,20.2,0,7.77,0.84,23.47,62.91,392.08,0,33.57734,-7.59147,33.01466,-7.61114,33.01466,-7.61114
CPG102042,2024-11-07,Marrakech,Agadir,Souss-Massa,Lben,Camion réfrigéré,245.4,68.7,205.7,214.4,8.6,1,2.97,0.75,78.49,210.36,1240.81,0,31.6203,-7.97658,30.44813,-9.55457,30.44813,-9.55457
CPG102043,2024-06-03,Tadla (Fkih Ben Salah),Kénitra,Rabat-Salé-Kénitra,Crème fraîche,Camion réfrigéré,220.7,77.6,170.6,170.6,0.0,1,6.2,0.76,80.11,214.71,1189.66,0,32.4924,-6.66871,34.2547,-6.57288,34.2547,-6.57288
CPG102044,2024-03-21,Rabat,El Jadida,Casablanca-Settat,Beurre,Camion réfrigéré,221.8,71.0,187.4,187.4,0.0,1,8.66,1.0,73.63,197.33,1149.92,0,34.02028,-6.85238,33.29164,-8.53724,33.29164,-8.53724
CPG102045,2024-06-26,Casablanca,Safi,Marrakech-Safi,Fromage frais,Camionnette réfrigérée,247.4,54.8,262.3,270.9,8.5,1,4.67,0.78,45.49,121.91,789.47,0,33.5706,-7.6235,32.3323,-9.229,32.3323,-9.229
CPG102046,2024-03-01,Rabat,Settat,Casablanca-Settat,Beurre,Camionnette réfrigérée,176.6,58.2,165.5,182.1,16.6,1,7.23,0.63,34.8,93.26,748.4,0,34.02237,-6.87492,32.98106,-7.68071,32.98106,-7.68071
CPG102047,2024-10-02,Rabat,Casablanca,Casablanca-Settat,Crème fraîche,Camion réfrigéré,103.0,47.9,85.7,128.9,43.2,0,8.63,0.83,34.76,93.15,604.76,0,34.01884,-6.8389,33.56448,-7.53808,33.56448,-7.53808
CPG102048,2024-11-13,Tadla (Fkih Ben Salah),Essaouira,Marrakech-Safi,Yaourt,Camion standard,409.6,83.6,293.9,293.9,0.0,1,8.66,0.28,121.35,325.21,1545.82,0,32.49666,-6.65647,31.55115,-9.73748,31.55115,-9.73748
CPG102049,2024-01-25,Rabat,Rabat,Rabat-Salé-Kénitra,Fromage frais,Camion réfrigéré,5.0,54.7,4.6,5.5,0.9,1,8.02,0.96,1.6,4.29,143.96,0,34.02072,-6.79369,34.03946,-6.80513,34.03946,-6.80513
CPG102050,2024-05-12,Agadir,Béni Mellal,Béni Mellal-Khénifra,Yaourt,Camion réfrigéré,492.0,66.7,409.5,442.4,32.8,0,5.18,0.52,170.48,456.88,2267.8,0,30.42947,-9.58619,32.33095,-6.41171,32.33095,-6.41171
CPG102051,2024-07-31,Agadir,Fès,Fès-Meknès,Lait pasteurisé,Camion réfrigéré,792.7,68.2,681.5,697.2,15.7,1,9.7,0.88,242.95,651.1,4429.62,0,30.42878,-9.58572,34.03118,-4.99061,34.03118,-4.99061
CPG102052,2024-03-14,Casablanca,Tétouan,Tanger-Tétouan-Al Hoceïma,Lait pasteurisé,Camionnette réfrigérée,349.9,65.4,320.2,320.9,0.8,1,3.31,0.86,65.66,175.97,1126.24,0,33.5406,-7.58059,35.58449,-5.3345,35.58449,-5.3345
CPG102053,2024-02-25,Casablanca,Agadir,Souss-Massa,Yaourt,Camion standard,465.1,65.3,427.4,427.4,0.0,1,2.48,0.8,119.99,321.58,2042.29,0,33.56459,-7.5906,30.36429,-9.58866,30.36429,-9.58866
CPG102054,2024-02-01,Casablanca,Tanger,Tanger-Tétouan-Al Hoceïma,Fromage frais,Camion réfrigéré,372.1,58.3,377.0,382.9,5.9,1,6.53,0.61,132.04,353.87,2192.56,0,33.54369,-7.57843,35.80327,-5.83001,35.80327,-5.83001
CPG102055,2024-10-07,Casablanca,Laâyoune,Laâyoune-Sakia El Hamra,Crème fraîche,Camion réfrigéré,1020.4,65.6,916.9,933.0,16.1,1,6.45,0.78,319.69,856.78,5604.97,0,33.60224,-7.60309,27.08037,-13.1427,27.08037,-13.1427
CPG102056,2024-05-04,Tadla (Fkih Ben Salah),Meknès,Fès-Meknès,Lait pasteurisé,Camion standard,246.9,69.3,206.8,213.8,7.0,1,9.14,0.55,60.36,161.76,1150.54,0,32.49388,-6.69911,33.9085,-5.49738,33.9085,-5.49738
CPG102057,2024-09-15,Marrakech,Nador,Oriental,Lait pasteurisé,Camion réfrigéré,720.4,57.7,748.7,748.7,0.0,1,8.79,0.65,230.19,616.91,4003.09,0,31.616,-7.99269,35.21013,-2.8819,35.21013,-2.8819
CPG102058,2024-09-05,Tadla (Fkih Ben Salah),Laâyoune,Laâyoune-Sakia El Hamra,Fromage frais,Camion standard,1061.7,83.2,765.7,765.7,0.0,1,8.8,0.72,296.17,793.75,4527.57,0,32.52752,-6.71229,27.10995,-13.19528,27.10995,-13.19528
CPG102059,2024-06-17,Agadir,Kénitra,Rabat-Salé-Kénitra,Lait pasteurisé,Camion réfrigéré,645.1,63.1,587.2,613.2,26.0,0,6.69,0.52,225.11,603.3,2930.99,0,30.41339,-9.59823,34.23078,-6.57444,34.23078,-6.57444
CPG102060,2024-02-10,Casablanca,Tanger,Tanger-Tétouan-Al Hoceïma,Lait pasteurisé,Camionnette réfrigérée,361.8,53.3,397.1,407.2,10.0,1,8.77,0.67,73.61,197.27,1462.66,0,33.58947,-7.56807,35.75875,-5.80855,35.75875,-5.80855
CPG102061,2024-02-08,Rabat,Tanger,Tanger-Tétouan-Al Hoceïma,Beurre,Camion réfrigéré,236.4,50.3,184.6,282.2,97.6,0,1.29,0.75,74.14,198.69,1083.22,0,34.02257,-6.83187,35.79859,-5.83924,35.79859,-5.83924
CPG102062,2024-09-12,Rabat,Marrakech,Marrakech-Safi,Yaourt,Camion réfrigéré,335.3,68.3,294.6,294.6,0.0,1,3.72,0.78,106.53,285.51,1714.94,0,34.03881,-6.88808,31.63024,-7.97395,31.63024,-7.97395
CPG102063,2024-10-20,Agadir,Fès,Fès-Meknès,Yaourt,Camion réfrigéré,635.1,80.1,475.8,475.8,0.0,1,5.66,0.83,190.72,511.13,2977.08,0,30.45143,-9.62879,34.0059,-5.01479,34.0059,-5.01479
CPG102064,2024-09-15,Agadir,El Jadida,Casablanca-Settat,Beurre,Camion réfrigéré,354.8,56.7,368.6,375.7,7.1,1,11.48,0.67,121.46,325.52,2198.81,0,30.44674,-9.57714,33.24168,-8.53895,33.24168,-8.53895
CPG102065,2024-05-11,Tadla (Fkih Ben Salah),Agadir,Souss-Massa,Yaourt,Camion réfrigéré,470.5,62.7,450.3,450.3,,1,2.75,0.95,137.34,368.07,2285.36,0,32.49063,-6.68181,30.42286,-9.55826,30.42286,-9.55826
CPG102066,2024-06-01,Agadir,Khouribga,Béni Mellal-Khénifra,Fromage frais,Camion réfrigéré,453.3,76.5,353.0,355.6,2.7,1,8.36,0.61,150.46,403.22,2543.24,0,30.42001,-9.62405,32.86383,-6.92002,32.86383,-6.92002
CPG102067,2024-03-19,Rabat,Fès,Fès-Meknès,Lait UHT,Camion standard,210.4,72.3,155.2,174.5,19.3,1,4.47,0.86,61.36,164.45,975.49,0,34.037,-6.80288,34.03896,-5.04303,34.03896,-5.04303
CPG102068,2024-01-06,Marrakech,Meknès,Fès-Meknès,Lben,Camion réfrigéré,398.2,63.6,334.3,376.0,41.7,0,8.1,0.77,141.97,380.47,2020.17,0,31.63119,-7.96793,33.92526,-5.49793,33.92526,-5.49793
CPG102069,2024-03-21,Marrakech,Nador,Oriental,Fromage frais,Camion standard,726.7,55.8,761.1,781.3,20.2,0,6.54,0.56,181.09,485.31,2561.71,0,31.62034,-7.97447,35.17471,-2.90454,35.17471,-2.90454
CPG102070,2024-11-26,Agadir,Safi,Marrakech-Safi,Yaourt,Camion standard,236.9,67.0,204.9,212.1,7.2,1,3.63,0.6,59.67,159.92,1067.23,0,30.47295,-9.57428,32.30367,-9.25406,32.30367,-9.25406
CPG102071,2024-04-14,Rabat,Meknès,Fès-Meknès,Lait UHT,Camion réfrigéré,130.0,36.3,97.4,214.8,117.4,0,7.23,0.65,47.68,127.78,818.07,0,34.03111,-6.81363,33.85904,-5.56775,33.85904,-5.56775
CPG102072,2024-08-13,Tadla (Fkih Ben Salah),Safi,Marrakech-Safi,Lben,Camion réfrigéré,263.8,74.0,213.7,213.7,0.0,1,10.87,0.57,88.17,236.31,1675.32,0,32.54386,-6.66494,32.29482,-9.19142,32.29482,-9.19142
CPG102073,2024-01-12,Casablanca,Fès,Fès-Meknès,Beurre,Camion réfrigéré,295.9,67.0,265.0,265.0,0.0,1,6.06,0.74,99.12,265.65,1541.89,0,33.59091,-7.56548,34.00781,-4.99543,34.00781,-4.99543
CPG102074,2024-02-25,Agadir,Fès,Fès-Meknès,Yaourt,Camion réfrigéré,744.8,58.8,647.1,760.2,113.1,0,8.21,0.84,236.13,632.83,3787.97,0,30.40835,-9.6123,34.05955,-5.01344,34.05955,-5.01344
CPG102075,2024-08-20,Agadir,Oujda,Oriental,Lait UHT,Camion réfrigéré,1075.6,82.1,774.4,786.1,11.7,1,8.16,0.71,387.43,1038.32,6231.85,0,30.42471,-9.61379,34.68196,-1.91376,34.68196,-1.91376
CPG102076,2024-12-08,Agadir,Tétouan,Tanger-Tétouan-Al Hoceïma,Lben,Camion réfrigéré,831.1,62.7,763.8,795.2,31.4,0,11.22,0.51,261.28,700.23,4948.39,0,30.44144,-9.56706,35.5909,-5.34811,35.5909,-5.34811
CPG102077,2024-05-30,Casablanca,Oujda,Oriental,Lait pasteurisé,Camion standard,586.3,53.3,632.2,660.1,28.0,0,7.56,0.84,180.81,484.56,2462.53,0,33.5887,-7.59302,34.5955,-1.89026,34.5955,-1.89026
CPG102078,2024-06-23,Rabat,El Jadida,Casablanca-Settat,Lait pasteurisé,Camion standard,219.6,58.9,223.5,223.5,0.0,1,9.2,0.45,66.48,178.17,1083.78,0,34.05239,-6.88853,33.24641,-8.47469,33.24641,-8.47469
CPG102079,2024-09-28,Casablanca,Safi,Marrakech-Safi,Fromage frais,Camion réfrigéré,224.7,59.7,193.0,225.8,32.8,0,7.08,0.67,65.2,174.75,1263.45,0,33.54455,-7.60108,32.29651,-9.22196,32.29651,-9.22196
CPG102080,2024-07-26,Casablanca,Meknès,Fès-Meknès,Fromage frais,Camion réfrigéré,231.4,54.5,228.5,255.0,26.6,0,8.74,0.78,68.7,184.11,1155.9,0,33.56378,-7.58115,33.90904,-5.57529,33.90904,-5.57529
CPG102081,2024-12-04,Rabat,Nador,Oriental,Lait pasteurisé,Camion standard,420.8,69.0,348.1,365.7,17.6,1,8.04,0.76,125.8,337.14,1824.5,0,33.98997,-6.85772,35.12256,-2.86508,35.12256,-2.86508
CPG102082,2024-04-11,Rabat,Laâyoune,Laâyoune-Sakia El Hamra,Lait UHT,Camion standard,1291.7,71.4,1073.2,1085.4,12.2,1,6.58,0.68,400.39,1073.05,5036.46,0,34.0125,-6.82893,27.15355,-13.1332,27.15355,-13.1332
CPG102083,2024-02-20,Rabat,Settat,Casablanca-Settat,Lait pasteurisé,Camion réfrigéré,165.4,67.5,133.7,147.0,13.3,1,6.09,0.75,49.55,132.81,1041.56,0,34.03975,-6.84001,32.9837,-7.63502,32.9837,-7.63502
CPG102084,2024-09-15,Casablanca,Nador,Oriental,Lait pasteurisé,Camion réfrigéré,587.2,52.9,660.5,666.2,5.6,1,3.77,0.8,196.08,525.49,2608.33,0,33.58072,-7.61027,35.14005,-2.94999,35.14005,-2.94999
CPG102085,2024-12-18,Casablanca,Settat,Casablanca-Settat,Lait UHT,Camion réfrigéré,73.3,49.5,67.5,88.7,21.2,0,12.32,0.78,24.35,65.26,514.64,0,33.56573,-7.58073,32.96874,-7.60028,32.96874,-7.60028
CPG102086,2024-03-08,Rabat,Taroudant,Souss-Massa,Lait pasteurisé,Camion standard,472.6,66.1,422.1,429.0,6.9,1,7.3,0.76,117.07,313.75,1643.87,0,34.01975,-6.83669,30.45097,-8.84984,30.45097,-8.84984
CPG102087,2024-01-16,Casablanca,Marrakech,Marrakech-Safi,Fromage frais,Camion standard,272.2,77.3,196.6,211.4,14.8,1,5.09,0.73,77.66,208.13,1212.83,0,33.56609,-7.595,31.62399,-7.91831,31.62399,-7.91831
CPG102088,2024-10-05,Tadla (Fkih Ben Salah),Oujda,Oriental,Fromage frais,Camion réfrigéré,596.3,60.2,549.9,594.3,44.4,0,7.26,0.61,212.19,568.66,3045.12,0,32.4787,-6.67876,34.677,-1.90414,34.677,-1.90414
CPG102089,2024-09-13,Agadir,Casablanca,Casablanca-Settat,Yaourt,Camion réfrigéré,525.7,79.1,393.2,398.6,5.4,1,6.64,0.58,187.87,503.5,3017.24,0,30.45794,-9.61735,33.5607,-7.56909,33.5607,-7.56909
CPG102090,2024-01-29,Agadir,Fès,Fès-Meknès,Lait UHT,Camion réfrigéré,689.9,64.5,626.6,642.1,15.5,1,9.18,0.7,224.26,601.01,3310.27,0,30.39463,-9.56695,33.98961,-4.97121,33.98961,-4.97121
CPG102091,2024-05-08,Agadir,Salé,Rabat-Salé-Kénitra,Lait pasteurisé,Camion réfrigéré,525.4,60.7,518.5,519.5,0.9,1,4.64,0.9,171.43,459.44,2784.76,0,30.44468,-9.64711,34.04429,-6.79735,34.04429,-6.79735
CPG102092,2024-09-17,Agadir,Meknès,Fès-Meknès,Lait UHT,Camion réfrigéré,646.6,49.4,739.2,784.9,45.7,0,9.26,0.8,208.81,559.62,3662.35,0,30.46086,-9.57909,33.92431,-5.5434,33.92431,-5.5434
CPG102093,2024-11-07,Rabat,Fès,Fès-Meknès,Lait pasteurisé,Camion réfrigéré,212.6,55.3,209.6,230.5,20.8,0,10.15,1.0,76.47,204.94,1105.42,1,34.00852,-6.84421,34.01564,-5.0006,34.01564,-5.0006
CPG102094,2024-12-10,Rabat,Salé,Rabat-Salé-Kénitra,Lait pasteurisé,Camion réfrigéré,5.8,8.9,4.0,39.1,35.1,0,5.72,0.7,1.68,4.49,113.14,0,34.0407,-6.86871,34.06674,-6.78224,34.06674,-6.78224
CPG102095,2024-07-27,Tadla (Fkih Ben Salah),Khouribga,Béni Mellal-Khénifra,Lait UHT,Camionnette réfrigérée,63.1,62.2,59.3,60.8,1.6,1,7.85,0.99,12.4,33.23,344.81,0,32.51164,-6.66639,32.8948,-6.94837,32.8948,-6.94837
CPG102096,2024-09-24,Marrakech,Safi,Marrakech-Safi,Lait UHT,Camion réfrigéré,176.4,63.4,155.0,167.0,12.0,1,6.65,0.62,53.4,143.11,862.25,0,31.63411,-7.98056,32.33931,-9.26214,32.33931,-9.26214
CPG102097,2024-10-19,Agadir,Casablanca,Casablanca-Settat,Lben,Camion standard,484.9,56.7,390.3,513.5,123.2,0,10.87,0.76,125.98,337.62,2066.02,0,30.4666,-9.59522,33.54447,-7.49401,33.54447,-7.49401
CPG102098,2024-12-26,Casablanca,Settat,Casablanca-Settat,Lben,Camion standard,84.6,73.2,69.3,69.3,0.0,1,5.32,0.91,20.91,56.03,414.77,0,33.58631,-7.57942,32.96208,-7.55577,32.96208,-7.55577
CPG102099,2024-02-28,Casablanca,Settat,Casablanca-Settat,Crème fraîche,Camion standard,75.1,86.3,52.2,52.2,0.0,1,6.28,0.82,22.01,58.99,372.63,0,33.57014,-7.61207,33.01628,-7.59632,33.01628,-7.59632
CPG102100,2024-01-09,Rabat,Casablanca,Casablanca-Settat,Fromage frais,Camion réfrigéré,105.3,52.8,85.6,119.6,34.0,0,9.76,0.81,38.02,101.89,619.1,0,34.00044,-6.87715,33.57476,-7.57567,33.57476,-7.57567
CPG102101,2024-04-18,Rabat,Essaouira,Marrakech-Safi,Lait UHT,Camion standard,415.8,58.3,413.8,427.8,14.1,1,6.53,0.79,114.35,306.47,1756.09,0,34.05026,-6.83814,31.48672,-9.76666,31.48672,-9.76666
CPG102102,2024-09-02,Marrakech,Laâyoune,Laâyoune-Sakia El Hamra,Crème fraîche,Camion réfrigéré,849.7,66.6,765.3,765.3,0.0,1,8.01,0.68,275.59,738.59,3976.24,0,31.63221,-7.99897,27.13632,-13.18328,27.13632,-13.18328
CPG102103,2024-01-17,Marrakech,Rabat,Rabat-Salé-Kénitra,Beurre,Camion réfrigéré,326.5,67.7,275.3,289.3,14.0,1,5.36,0.37,98.99,265.3,1615.95,0,31.61445,-8.00881,34.04728,-6.88219,34.04728,-6.88219
CPG102104,2024-08-01,Rabat,Tanger,Tanger-Tétouan-Al Hoceïma,Fromage frais,Camion standard,244.4,66.2,174.6,221.6,47.0,0,4.23,0.62,72.29,193.73,874.05,0,33.99218,-6.83149,35.73943,-5.81322,35.73943,-5.81322
CPG102105,2024-11-24,Rabat,Khouribga,Béni Mellal-Khénifra,Lait UHT,Camionnette réfrigérée,141.9,52.0,150.2,163.7,13.5,1,9.86,0.83,25.03,67.08,574.44,0,34.0179,-6.81231,32.83093,-6.90703,32.83093,-6.90703
CPG102106,2024-03-13,Rabat,Khouribga,Béni Mellal-Khénifra,Lait pasteurisé,Camion réfrigéré,167.2,72.6,138.2,138.2,0.0,1,6.27,0.43,57.85,155.05,1046.0,0,34.02473,-6.84717,32.88585,-6.91567,32.88585,-6.91567
CPG102107,2024-01-09,Casablanca,Casablanca,Casablanca-Settat,Yaourt,Camion réfrigéré,5.0,20.7,3.8,14.5,10.7,1,3.77,0.56,1.49,3.98,79.36,0,33.57401,-7.57043,33.59263,-7.60698,33.59263,-7.60698
CPG102108,2024-03-10,Rabat,Khouribga,Béni Mellal-Khénifra,Lait UHT,Camion réfrigéré,143.5,71.9,119.2,119.7,0.4,1,14.18,0.76,51.17,137.13,889.03,0,33.99503,-6.84235,32.89784,-6.91765,32.89784,-6.91765
CPG102109,2024-01-13,Agadir,Rabat,Rabat-Salé-Kénitra,Beurre,Camion réfrigéré,620.5,53.1,561.6,700.9,139.2,0,8.85,0.79,188.24,504.5,3641.21,0,30.4295,-9.60721,34.00181,-6.78591,34.00181,-6.78591
CPG102110,2024-02-11,Marrakech,Béni Mellal,Béni Mellal-Khénifra,Beurre,Camion standard,224.0,43.6,201.0,308.3,107.3,0,3.73,0.62,57.54,154.21,908.79,0,31.65077,-7.97888,32.36268,-6.33786,32.36268,-6.33786
CPG102111,2024-10-05,Marrakech,Fès,Fès-Meknès,Beurre,Camion réfrigéré,507.2,67.2,441.7,452.7,10.9,1,8.45,0.85,166.81,447.04,2772.64,0,31.64425,-7.97381,34.0719,-4.98343,34.0719,-4.98343
CPG102112,2024-02-03,Tadla (Fkih Ben Salah),Safi,Marrakech-Safi,Lait pasteurisé,Camion réfrigéré,320.1,60.2,319.0,319.0,0.0,1,2.96,0.65,102.66,275.12,1703.02,0,32.45951,-6.68776,32.29009,-9.20156,32.29009,-9.20156
CPG102113,2024-06-01,Rabat,Safi,Marrakech-Safi,Lait UHT,Camion réfrigéré,361.6,60.7,357.0,357.4,0.4,1,2.43,0.63,121.39,325.33,1657.46,0,34.0082,-6.83688,32.36547,-9.25439,32.36547,-9.25439
CPG102114,2024-02-05,Rabat,Salé,Rabat-Salé-Kénitra,Beurre,Camion réfrigéré,6.8,23.3,5.8,17.5,11.6,1,14.03,0.58,2.14,5.73,241.78,0,33.99722,-6.85427,34.05986,-6.87497,34.05986,-6.87497
CPG102115,2024-10-18,Casablanca,Khouribga,Béni Mellal-Khénifra,Yaourt,Camion réfrigéré,131.6,59.8,118.9,132.0,13.1,1,3.62,0.84,42.77,114.64,663.71,0,33.59033,-7.58145,32.88535,-6.90389,32.88535,-6.90389
CPG102116,2024-03-17,Agadir,Khouribga,Béni Mellal-Khénifra,Yaourt,Camion réfrigéré,428.2,58.2,441.3,441.8,0.4,1,6.96,0.66,149.28,400.07,2361.54,0,30.42333,-9.56623,32.91789,-6.91612,32.91789,-6.91612
CPG102117,2024-05-22,Marrakech,Taroudant,Souss-Massa,Lait pasteurisé,Camionnette réfrigérée,200.7,51.3,234.7,234.7,0.0,1,7.46,0.66,40.69,109.05,717.95,0,31.65993,-7.96193,30.42703,-8.87154,30.42703,-8.87154
CPG102118,2024-10-18,Casablanca,Salé,Rabat-Salé-Kénitra,Lait pasteurisé,Camion standard,105.6,59.2,91.3,107.0,15.7,1,8.0,1.0,29.78,79.8,572.08,0,33.56334,-7.61214,34.07951,-6.8035,34.07951,-6.8035
CPG102119,2024-11-06,Tadla (Fkih Ben Salah),Laâyoune,Laâyoune-Sakia El Hamra,Lait UHT,Camion réfrigéré,1135.5,74.1,905.9,919.4,13.5,1,6.09,0.84,327.22,876.94,5941.87,0,32.51709,-6.67744,27.13524,-13.16854,27.13524,-13.16854
CPG102120,2024-09-21,Agadir,Rabat,Rabat-Salé-Kénitra,Lait pasteurisé,Camionnette réfrigérée,570.0,58.8,582.0,582.0,0.0,1,3.8,0.87,106.82,286.29,1832.47,0,30.42996,-9.59947,34.03363,-6.89759,34.03363,-6.89759
CPG102121,2024-11-22,Marrakech,Marrakech,Marrakech-Safi,Beurre,Camion réfrigéré,5.0,9.0,4.5,33.3,28.8,0,6.8,0.47,1.58,4.23,128.29,0,31.63059,-7.96703,31.61884,-7.99858,31.61884,-7.99858
CPG102122,2024-09-30,Marrakech,Laâyoune,Laâyoune-Sakia El Hamra,Lait UHT,Camionnette réfrigérée,922.5,55.9,989.7,991.0,1.3,1,5.58,0.81,151.5,406.01,2995.81,0,31.59986,-7.99549,27.14101,-13.18964,27.14101,-13.18964
CPG102123,2024-10-12,Casablanca,Kénitra,Rabat-Salé-Kénitra,Crème fraîche,Camion réfrigéré,149.2,60.7,131.3,147.5,16.2,1,7.85,0.54,44.73,119.88,768.39,0,33.5626,-7.60581,34.26868,-6.6243,34.26868,-6.6243
CPG102124,2024-05-18,Marrakech,Tétouan,Tanger-Tétouan-Al Hoceïma,Crème fraîche,Camionnette réfrigérée,656.8,56.5,697.6,697.6,0.0,1,3.01,0.99,124.32,333.18,2129.6,0,31.63307,-8.01307,35.57417,-5.33603,35.57417,-5.33603
CPG102125,2024-03-17,Marrakech,Essaouira,Marrakech-Safi,Yaourt,Camion standard,225.2,49.9,213.8,270.5,56.7,0,7.05,0.83,57.07,152.94,993.43,0,31.59318,-7.97686,31.4597,-9.69028,31.4597,-9.69028
CPG102126,2024-06-17,Marrakech,Laâyoune,Laâyoune-Sakia El Hamra,Yaourt,Camionnette réfrigérée,762.2,45.7,995.9,1000.9,5.1,1,4.52,0.65,125.43,336.15,2631.28,0,31.64044,-7.97607,27.16573,-13.22976,27.16573,-13.22976
CPG102127,2024-11-23,Agadir,Settat,Casablanca-Settat,Lait pasteurisé,Camion réfrigéré,395.7,70.6,306.5,336.2,29.7,0,5.41,0.89,135.37,362.79,1890.16,0,30.45819,-9.61523,32.98596,-7.64855,32.98596,-7.64855
CPG102128,2024-10-21,Casablanca,Casablanca,Casablanca-Settat,Lait pasteurisé,Camion standard,5.0,11.2,4.3,26.7,22.4,0,12.36,0.74,1.24,3.31,203.9,0,33.57273,-7.60434,33.55289,-7.63589,33.55289,-7.63589
CPG102129,2024-12-13,Rabat,Settat,Casablanca-Settat,Lait pasteurisé,Camion réfrigéré,177.4,57.1,186.4,186.4,0.0,1,6.72,0.55,60.72,162.72,888.82,0,34.01998,-6.86014,32.97049,-7.57818,32.97049,-7.57818
CPG102130,2024-09-12,Casablanca,Tanger,Tanger-Tétouan-Al Hoceïma,Fromage frais,Camion standard,346.5,66.5,312.7,312.7,0.0,1,10.53,0.72,96.44,258.45,1281.38,0,33.57493,-7.58824,35.70565,-5.78379,35.70565,-5.78379
CPG102131,2024-09-22,Tadla (Fkih Ben Salah),Rabat,Rabat-Salé-Kénitra,Fromage frais,Camion réfrigéré,216.3,80.0,157.0,162.1,5.2,1,7.66,0.71,73.06,195.81,1175.42,0,32.48573,-6.70007,34.03548,-6.84124,34.03548,-6.84124
CPG102132,2024-07-28,Agadir,Kénitra,Rabat-Salé-Kénitra,Lait pasteurisé,Camion standard,549.2,59.6,457.3,552.8,95.5,0,8.76,0.55,164.12,439.84,2108.65,0,30.44846,-9.60319,34.28871,-6.62479,34.28871,-6.62479
CPG102133,2024-08-09,Rabat,Casablanca,Casablanca-Settat,Lben,Camion réfrigéré,110.7,63.1,95.9,105.3,9.4,1,7.63,0.59,32.33,86.66,680.77,0,33.97478,-6.83277,33.57065,-7.58278,33.57065,-7.58278
CPG102134,2024-08-10,Agadir,Salé,Rabat-Salé-Kénitra,Beurre,Camion réfrigéré,514.6,56.9,516.3,542.3,26.1,0,6.02,0.84,173.72,465.57,2964.49,0,30.43642,-9.60595,34.04811,-6.83861,34.04811,-6.83861
CPG102135,2024-05-02,Agadir,Taroudant,Souss-Massa,Fromage frais,Camion standard,89.2,85.9,59.1,62.3,3.2,1,9.82,0.86,26.82,71.87,515.88,0,30.44994,-9.59645,30.4648,-8.89818,30.4648,-8.89818
CPG102136,2024-02-07,Agadir,Béni Mellal,Béni Mellal-Khénifra,Lait UHT,Camion réfrigéré,474.5,75.0,379.5,379.5,0.0,1,0.92,0.68,145.73,390.56,2562.91,0,30.45355,-9.6125,32.3679,-6.34855,32.3679,-6.34855
CPG102137,2024-01-12,Marrakech,Laâyoune,Laâyoune-Sakia El Hamra,Lait UHT,Camion réfrigéré,956.5,53.7,984.8,1068.1,83.3,0,6.84,0.41,324.71,870.22,5075.23,0,31.66801,-7.98729,27.06817,-13.16697,27.06817,-13.16697
CPG102138,2024-08-23,Tadla (Fkih Ben Salah),Oujda,Oriental,Yaourt,Camion standard,591.5,62.3,455.6,569.4,113.9,0,9.04,0.49,147.08,394.18,2446.28,0,32.48737,-6.7223,34.71614,-1.92481,34.71614,-1.92481
CPG102139,2024-08-13,Tadla (Fkih Ben Salah),Settat,Casablanca-Settat,Fromage frais,Camion standard,118.3,46.7,103.3,152.1,48.8,0,6.83,0.73,31.81,85.26,602.53,0,32.50698,-6.68534,32.98279,-7.60144,32.98279,-7.60144
CPG102140,2024-07-09,Agadir,Tanger,Tanger-Tétouan-Al Hoceïma,Yaourt,Camion réfrigéré,771.6,61.3,704.0,754.9,50.9,0,4.77,0.64,236.05,632.61,3988.79,0,30.44868,-9.59135,35.713,-5.80406,35.713,-5.80406
CPG102141,2024-09-26,Tadla (Fkih Ben Salah),Tanger,Tanger-Tétouan-Al Hoceïma,Crème fraîche,Camion réfrigéré,418.0,76.6,327.3,327.3,0.0,1,9.61,0.67,129.97,348.31,2502.98,0,32.5238,-6.69221,35.78688,-5.75293,35.78688,-5.75293
CPG102142,2024-05-23,Agadir,Rabat,Rabat-Salé-Kénitra,Lait UHT,Camion standard,534.5,73.7,421.4,435.0,13.5,1,10.08,0.85,155.13,415.76,2259.55,0,30.42225,-9.62045,34.02853,-6.82994,34.02853,-6.82994
CPG102143,2024-03-22,Rabat,Tanger,Tanger-Tétouan-Al Hoceïma,Yaourt,Camion standard,244.8,71.8,192.1,204.7,12.6,1,10.61,0.52,70.95,190.15,978.9,0,34.00767,-6.85775,35.74825,-5.80282,35.74825,-5.80282
CPG102144,2024-03-23,Agadir,Rabat,Rabat-Salé-Kénitra,Lait pasteurisé,Camion réfrigéré,553.5,65.0,477.6,511.2,33.6,0,3.04,0.64,177.68,476.19,2798.99,0,30.43812,-9.59263,33.99529,-6.81693,33.99529,-6.81693
CPG102145,2024-12-29,Casablanca,Khouribga,Béni Mellal-Khénifra,Lben,Camion réfrigéré,128.7,77.5,94.0,99.5,5.6,1,10.12,0.74,38.46,103.07,760.64,0,33.56966,-7.55567,32.86566,-6.91959,32.86566,-6.91959
CPG102146,2024-02-12,Casablanca,Essaouira,Marrakech-Safi,Lait UHT,Camion réfrigéré,331.6,55.1,361.3,361.3,0.0,1,10.52,0.45,108.87,291.77,1609.38,0,33.58147,-7.57595,31.48966,-9.71536,31.48966,-9.71536
CPG102147,2024-07-20,Rabat,Rabat,Rabat-Salé-Kénitra,Yaourt,Camionnette réfrigérée,5.0,2.2,8.2,138.5,130.4,0,7.57,0.42,0.85,2.28,128.42,0,34.00332,-6.83131,34.08168,-6.82671,34.08168,-6.82671
CPG102148,2024-04-20,Rabat,Marrakech,Marrakech-Safi,Lait UHT,Camion réfrigéré,301.0,78.4,230.2,230.2,0.0,1,0.5,0.94,99.89,267.7,1461.2,0,34.04287,-6.84835,31.63141,-7.98222,31.63141,-7.98222
CPG102149,2024-07-07,Casablanca,Agadir,Souss-Massa,Beurre,Camion réfrigéré,487.0,62.0,465.8,471.3,5.5,1,6.93,0.79,164.59,441.09,2595.84,0,33.60107,-7.59223,30.44323,-9.64072,30.44323,-9.64072
CPG102150,2024-04-09,Agadir,Agadir,Souss-Massa,Lben,Camion standard,5.0,74.7,4.0,4.0,0.0,1,7.58,0.72,1.27,3.41,132.99,0,30.41803,-9.57105,30.41962,-9.53593,30.41962,-9.53593
CPG102151,2024-12-01,Rabat,Tétouan,Tanger-Tétouan-Al Hoceïma,Lait pasteurisé,Camion réfrigéré,243.4,66.6,217.0,219.4,2.4,1,8.07,1.0,87.46,234.4,1518.72,0,34.02719,-6.8368,35.5793,-5.40007,35.5793,-5.40007
CPG102152,2024-10-08,Tadla (Fkih Ben Salah),Taroudant,Souss-Massa,Lait pasteurisé,Camion standard,367.8,72.5,304.4,304.4,0.0,1,8.39,0.36,101.31,271.51,1524.58,0,32.52782,-6.67926,30.493,-8.83974,30.493,-8.83974
CPG102153,2024-07-29,Casablanca,Oujda,Oriental,Yaourt,Camion réfrigéré,629.4,59.3,636.5,636.5,0.0,1,7.97,0.7,215.37,577.19,3616.39,0,33.54864,-7.57246,34.68219,-1.93555,34.68219,-1.93555
CPG102154,2024-08-20,Tadla (Fkih Ben Salah),Oujda,Oriental,Lben,Camion standard,590.2,72.5,471.7,488.5,16.7,1,5.25,0.52,155.45,416.61,2534.65,0,32.52183,-6.69471,34.69994,-1.89402,34.69994,-1.89402
CPG102155,2024-09-18,Agadir,Salé,Rabat-Salé-Kénitra,Yaourt,Camion réfrigéré,515.9,66.8,389.8,463.5,73.7,0,8.35,0.73,164.11,439.81,2825.11,0,30.44802,-9.56136,34.0363,-6.83396,34.0363,-6.83396
CPG102156,2024-11-05,Agadir,Meknès,Fès-Meknès,Fromage frais,Camion réfrigéré,661.7,65.4,600.8,606.9,6.1,1,7.76,0.64,238.2,638.38,3828.98,0,30.44558,-9.6184,33.91943,-5.52844,33.91943,-5.52844
CPG102157,2024-11-04,Marrakech,Kénitra,Rabat-Salé-Kénitra,Lben,Camion réfrigéré,427.4,70.4,316.2,364.2,48.0,0,8.24,0.57,127.89,342.74,2139.34,0,31.65009,-8.00892,34.26238,-6.58688,34.26238,-6.58688
CPG102158,2024-01-26,Marrakech,Laâyoune,Laâyoune-Sakia El Hamra,Fromage frais,Camion réfrigéré,808.3,75.8,622.7,639.6,16.8,1,6.11,0.64,257.96,691.33,4408.89,0,31.61422,-7.97952,27.12915,-13.15918,27.12915,-13.15918
CPG102159,2024-03-25,Rabat,Meknès,Fès-Meknès,Crème fraîche,Camion réfrigéré,154.7,57.7,160.9,160.9,0.0,1,10.07,0.87,45.59,122.18,978.08,0,34.02214,-6.80843,33.88568,-5.55384,33.88568,-5.55384
CPG102160,2024-03-20,Agadir,Tanger,Tanger-Tétouan-Al Hoceïma,Beurre,Camion réfrigéré,767.5,61.5,694.0,748.3,54.3,0,3.87,0.62,272.45,730.17,3541.96,0,30.42275,-9.62346,35.75447,-5.8099,35.75447,-5.8099
CPG102161,2024-04-19,Rabat,El Jadida,Casablanca-Settat,Fromage frais,Camion réfrigéré,217.4,43.4,186.8,300.4,113.5,0,6.16,0.56,73.11,195.95,1094.6,0,34.03051,-6.84579,33.28412,-8.53325,33.28412,-8.53325
CPG102162,2024-09-27,Casablanca,Salé,Rabat-Salé-Kénitra,Fromage frais,Camion réfrigéré,96.9,50.4,88.4,115.3,26.9,0,6.27,0.55,32.69,87.62,583.42,0,33.58531,-7.59779,34.03026,-6.7676,34.03026,-6.7676
CPG102163,2024-07-24,Agadir,Khouribga,Béni Mellal-Khénifra,Fromage frais,Camion standard,404.1,65.5,362.5,370.3,7.9,1,13.72,0.76,106.51,285.46,1860.25,0,30.43969,-9.60367,32.85626,-6.83224,32.85626,-6.83224
CPG102164,2024-09-09,Rabat,Nador,Oriental,Lait UHT,Camionnette réfrigérée,416.3,58.8,375.0,424.6,49.6,0,6.29,0.53,74.07,198.5,1414.0,0,34.06597,-6.84125,35.18673,-2.90957,35.18673,-2.90957
CPG102165,2024-02-23,Marrakech,Khouribga,Béni Mellal-Khénifra,Yaourt,Camion standard,203.7,59.9,189.7,203.8,14.1,1,10.57,0.89,49.93,133.81,975.86,0,31.64188,-7.97549,32.8825,-6.91843,32.8825,-6.91843
CPG102166,2024-07-13,Tadla (Fkih Ben Salah),Béni Mellal,Béni Mellal-Khénifra,Lait UHT,Camion réfrigéré,45.7,21.7,40.7,126.3,85.6,0,4.49,0.56,13.35,35.77,328.52,0,32.47901,-6.6893,32.33542,-6.36174,32.33542,-6.36174
CPG102167,2024-10-12,Rabat,El Jadida,Casablanca-Settat,Beurre,Camion réfrigéré,185.9,51.2,183.5,217.7,34.2,0,5.5,0.7,63.98,171.47,929.39,0,34.01124,-6.87593,33.29313,-8.49217,33.29313,-8.49217
CPG102168,2024-01-31,Rabat,Tétouan,Tanger-Tétouan-Al Hoceïma,Fromage frais,Camion réfrigéré,284.9,60.3,265.7,283.4,17.7,1,8.57,0.76,95.43,255.77,1467.69,0,34.02562,-6.86268,35.58806,-5.40973,35.58806,-5.40973
CPG102169,2024-08-11,Marrakech,Meknès,Fès-Meknès,Lait pasteurisé,Camion réfrigéré,438.3,52.9,470.8,496.8,26.0,0,6.14,0.8,154.5,414.05,2387.6,1,31.62494,-7.98479,33.93822,-5.5438,33.93822,-5.5438
CPG102170,2024-07-12,Marrakech,El Jadida,Casablanca-Settat,Lait UHT,Camion réfrigéré,250.2,64.4,222.6,233.2,10.7,1,6.33,0.79,89.24,239.17,1482.88,0,31.64696,-7.97306,33.26412,-8.53912,33.26412,-8.53912
CPG102171,2024-02-13,Tadla (Fkih Ben Salah),Safi,Marrakech-Safi,Beurre,Camion réfrigéré,308.9,79.8,216.0,232.4,16.4,1,6.64,0.84,97.44,261.15,1486.18,0,32.45113,-6.67191,32.29955,-9.23583,32.29955,-9.23583
CPG102172,2024-02-13,Marrakech,Kénitra,Rabat-Salé-Kénitra,Lait UHT,Camion réfrigéré,356.9,59.6,339.3,359.4,20.2,0,6.44,0.99,107.59,288.35,1750.94,0,31.62435,-7.98167,34.24169,-6.56676,34.24169,-6.56676
CPG102173,2024-10-31,Marrakech,Khouribga,Béni Mellal-Khénifra,Yaourt,Camion réfrigéré,216.2,84.7,149.4,153.2,3.7,1,9.16,0.57,63.3,169.66,1202.15,0,31.63553,-7.97844,32.91359,-6.91752,32.91359,-6.91752
CPG102174,2024-01-27,Casablanca,Béni Mellal,Béni Mellal-Khénifra,Beurre,Camion réfrigéré,234.1,48.5,237.6,289.4,51.8,0,5.04,0.81,68.21,182.81,1410.12,0,33.57769,-7.58235,32.32319,-6.37947,32.32319,-6.37947
CPG102175,2024-01-06,Casablanca,Tanger,Tanger-Tétouan-Al Hoceïma,Yaourt,Camionnette réfrigérée,343.6,46.2,394.0,446.4,52.4,0,5.8,0.86,56.03,150.16,1115.87,0,33.5497,-7.58119,35.73939,-5.78559,35.73939,-5.78559
CPG102176,2024-05-08,Tadla (Fkih Ben Salah),Oujda,Oriental,Lben,Camion réfrigéré,664.4,40.9,924.7,975.1,50.4,0,6.63,0.93,215.65,577.95,3442.26,0,32.50571,-6.68883,34.68108,-1.91,34.68108,-1.91
CPG102177,2024-03-17,Agadir,Meknès,Fès-Meknès,Beurre,Camion réfrigéré,691.3,56.8,674.8,729.9,55.1,0,8.39,0.65,208.55,558.93,3926.28,0,30.39712,-9.62242,33.91256,-5.50331,33.91256,-5.50331
CPG102178,2024-08-22,Marrakech,Agadir,Souss-Massa,Crème fraîche,Camion réfrigéré,232.4,53.8,231.1,259.1,28.0,0,7.0,0.43,72.75,194.97,1142.88,0,31.64002,-7.94329,30.41144,-9.60722,30.41144,-9.60722
CPG102179,2024-10-03,Rabat,Essaouira,Marrakech-Safi,Lait UHT,Camionnette réfrigérée,427.8,49.4,517.9,520.0,2.1,1,3.43,0.65,88.29,236.61,1253.14,0,34.00756,-6.85866,31.51253,-9.75549,31.51253,-9.75549
CPG102180,2024-10-27,Marrakech,Fès,Fès-Meknès,Crème fraîche,Camion standard,415.9,87.2,279.8,286.1,6.3,1,6.65,0.81,122.93,329.44,1774.99,0,31.63519,-7.95785,34.07319,-4.97362,34.07319,-4.97362
CPG102181,2024-07-25,Marrakech,Safi,Marrakech-Safi,Yaourt,Camion standard,164.4,56.7,123.1,174.0,51.0,0,4.55,0.8,50.03,134.08,743.09,0,31.66147,-8.00894,32.3428,-9.23781,32.3428,-9.23781
CPG102182,2024-09-16,Casablanca,Agadir,Souss-Massa,Yaourt,Camion réfrigéré,463.9,59.4,460.4,468.9,8.5,1,8.02,0.66,136.76,366.51,2565.39,0,33.59394,-7.62587,30.43375,-9.59575,30.43375,-9.59575
CPG102183,2024-01-02,Rabat,Casablanca,Casablanca-Settat,Crème fraîche,Camion réfrigéré,101.8,36.6,98.3,166.9,68.7,0,8.08,0.64,29.45,78.94,634.81,0,34.01892,-6.86465,33.47491,-7.55358,33.47491,-7.55358
CPG102184,2024-07-08,Agadir,Marrakech,Marrakech-Safi,Crème fraîche,Camion réfrigéré,246.5,77.4,165.7,191.0,25.3,0,7.79,0.41,89.42,239.64,1470.61,0,30.46407,-9.57784,31.67752,-7.94203,31.67752,-7.94203
CPG102185,2024-01-03,Tadla (Fkih Ben Salah),Meknès,Fès-Meknès,Lait UHT,Camion réfrigéré,230.9,45.5,196.5,304.2,107.7,0,6.65,0.66,75.72,202.92,1110.84,0,32.49244,-6.67422,33.84943,-5.49407,33.84943,-5.49407
CPG102186,2024-12-12,Agadir,Kénitra,Rabat-Salé-Kénitra,Lait UHT,Camion réfrigéré,613.6,62.1,580.7,592.8,12.1,1,7.48,0.9,223.34,598.55,2900.84,0,30.42971,-9.61783,34.3149,-6.60775,34.3149,-6.60775
CPG102187,2024-12-17,Casablanca,Agadir,Souss-Massa,Fromage frais,Camion réfrigéré,520.1,72.8,428.5,428.5,0.0,1,7.61,0.81,188.53,505.26,2760.98,0,33.54782,-7.57313,30.43976,-9.60814,30.43976,-9.60814
CPG102188,2024-09-20,Casablanca,Salé,Rabat-Salé-Kénitra,Lait UHT,Camion standard,108.9,55.7,105.5,117.3,11.9,1,9.14,0.56,28.29,75.83,539.3,0,33.54532,-7.61085,34.01555,-6.79575,34.01555,-6.79575
CPG102189,2024-04-04,Tadla (Fkih Ben Salah),Agadir,Souss-Massa,Lait pasteurisé,Camion réfrigéré,396.8,62.6,366.7,380.4,13.7,1,7.32,0.83,117.83,315.8,2107.77,0,32.52039,-6.67545,30.43332,-9.57229,30.43332,-9.57229
CPG102190,2024-08-04,Rabat,Agadir,Souss-Massa,Yaourt,Camion réfrigéré,641.2,51.4,734.5,748.9,14.4,1,5.53,0.66,227.29,609.14,3368.97,0,34.01858,-6.82538,30.45747,-9.55775,30.45747,-9.55775
CPG102191,2024-02-27,Tadla (Fkih Ben Salah),Marrakech,Marrakech-Safi,Beurre,Camion réfrigéré,184.9,59.5,165.1,186.5,21.5,0,10.55,0.74,59.48,159.39,1212.91,0,32.49811,-6.72853,31.62338,-7.95651,31.62338,-7.95651
CPG102192,2024-02-03,Marrakech,Béni Mellal,Béni Mellal-Khénifra,Lait UHT,Camion standard,228.4,74.3,182.6,184.4,1.8,1,6.69,0.71,65.11,174.48,892.68,0,31.60186,-7.94477,32.29285,-6.34009,32.29285,-6.34009
CPG102193,2024-03-10,Casablanca,Laâyoune,Laâyoune-Sakia El Hamra,Lben,Camion réfrigéré,990.1,68.1,850.8,872.3,21.5,0,8.45,0.55,359.82,964.33,5534.04,0,33.56611,-7.64266,27.15909,-13.1535,27.15909,-13.1535
CPG102194,2024-04-16,Agadir,Laâyoune,Laâyoune-Sakia El Hamra,Lben,Camion réfrigéré,591.6,64.1,548.9,553.8,4.9,1,8.75,0.75,213.15,571.23,3502.62,0,30.4026,-9.62186,27.09531,-13.13181,27.09531,-13.13181
CPG102195,2024-09-06,Tadla (Fkih Ben Salah),Marrakech,Marrakech-Safi,Lait pasteurisé,Camionnette réfrigérée,204.2,33.2,258.9,368.9,110.0,0,3.89,0.45,39.34,105.42,650.79,0,32.45603,-6.69308,31.59719,-7.93119,31.59719,-7.93119
CPG102196,2024-06-10,Tadla (Fkih Ben Salah),Essaouira,Marrakech-Safi,Lait UHT,Camion standard,361.5,51.9,301.7,418.0,116.3,0,6.01,0.84,98.87,264.96,1616.37,0,32.49045,-6.69066,31.5126,-9.75151,31.5126,-9.75151
CPG102197,2024-05-13,Tadla (Fkih Ben Salah),Meknès,Fès-Meknès,Lait UHT,Camionnette réfrigérée,214.6,40.1,213.5,321.4,107.9,0,7.57,1.0,35.15,94.2,726.45,0,32.47686,-6.70042,33.96121,-5.54552,33.96121,-5.54552
CPG102198,2024-07-31,Casablanca,Nador,Oriental,Crème fraîche,Camion réfrigéré,502.0,54.6,523.3,552.1,28.8,0,5.01,0.8,147.58,395.51,2911.2,0,33.55567,-7.58701,35.14893,-2.93443,35.14893,-2.93443
CPG102199,2024-07-29,Agadir,Khouribga,Béni Mellal-Khénifra,Lait UHT,Camion réfrigéré,441.1,61.0,423.4,434.1,10.7,1,11.04,0.42,127.22,340.95,2441.79,0,30.45497,-9.60491,32.88737,-6.93365,32.88737,-6.93365
CPG102200,2024-04-06,Rabat,Safi,Marrakech-Safi,Fromage frais,Camionnette réfrigérée,388.4,46.1,505.0,505.8,0.7,1,10.35,0.85,73.5,196.97,1340.85,0,34.02498,-6.86706,32.28529,-9.25286,32.28529,-9.25286
CPG102201,2024-08-16,Marrakech,Kénitra,Rabat-Salé-Kénitra,Fromage frais,Camion standard,415.4,71.2,349.8,349.8,0.0,1,4.39,1.0,127.05,340.48,1661.21,0,31.64568,-7.99449,34.24283,-6.58535,34.24283,-6.58535
CPG102202,2024-01-07,Tadla (Fkih Ben Salah),Oujda,Oriental,Lait UHT,Camion standard,613.3,81.1,453.4,453.6,0.2,1,4.27,0.61,186.99,501.13,2675.6,0,32.52411,-6.71455,34.64901,-1.95185,34.64901,-1.95185
CPG102203,2024-08-23,Agadir,Salé,Rabat-Salé-Kénitra,Lait pasteurisé,Camion standard,592.6,67.3,504.3,528.0,23.7,0,6.42,0.48,178.27,477.75,2452.68,0,30.40601,-9.61149,33.97482,-6.79166,33.97482,-6.79166
CPG102204,2024-06-01,Casablanca,Salé,Rabat-Salé-Kénitra,Yaourt,Camion standard,112.5,69.0,83.2,97.7,14.6,1,6.95,0.9,32.81,87.93,566.39,0,33.54242,-7.59049,34.02603,-6.79575,34.02603,-6.79575
CPG102205,2024-02-25,Tadla (Fkih Ben Salah),Tanger,Tanger-Tétouan-Al Hoceïma,Lait UHT,Camion réfrigéré,499.6,69.8,388.4,429.7,41.2,0,7.96,0.8,163.17,437.29,2706.4,0,32.50158,-6.66901,35.78035,-5.8144,35.78035,-5.8144
CPG102206,2024-01-12,Marrakech,Taroudant,Souss-Massa,Fromage frais,Camion réfrigéré,199.6,61.4,164.1,195.2,31.1,0,9.53,0.6,62.33,167.05,1142.35,0,31.63729,-7.9433,30.46407,-8.84909,30.46407,-8.84909
CPG102207,2024-01-13,Tadla (Fkih Ben Salah),Taroudant,Souss-Massa,Fromage frais,Camionnette réfrigérée,359.8,38.3,448.9,563.9,115.1,0,0.2,0.56,59.49,159.44,1327.87,0,32.51946,-6.67972,30.4858,-8.83847,30.4858,-8.83847
CPG102208,2024-08-28,Agadir,Essaouira,Marrakech-Safi,Fromage frais,Camion standard,128.7,72.5,106.6,106.6,0.0,1,6.31,0.78,37.22,99.76,554.78,0,30.4436,-9.6112,31.51995,-9.74654,31.51995,-9.74654
CPG102209,2024-12-07,Agadir,Marrakech,Marrakech-Safi,Beurre,Camion standard,259.8,73.2,212.9,212.9,0.0,1,7.47,0.62,71.97,192.89,977.72,0,30.45474,-9.5831,31.53063,-7.9353,31.53063,-7.9353
CPG102210,2024-08-28,Rabat,Rabat,Rabat-Salé-Kénitra,Yaourt,Camion standard,5.0,59.6,5.0,5.0,0.0,1,3.56,0.64,1.25,3.36,70.46,0,34.04011,-6.82213,34.05032,-6.81854,34.05032,-6.81854
CPG102211,2024-10-30,Casablanca,Meknès,Fès-Meknès,Fromage frais,Camion réfrigéré,234.9,77.3,172.0,182.5,10.5,1,1.82,0.77,84.51,226.5,1363.99,0,33.59444,-7.618,33.87004,-5.56496,33.87004,-5.56496
CPG102212,2024-02-01,Rabat,Khouribga,Béni Mellal-Khénifra,Beurre,Camion réfrigéré,156.9,88.6,106.3,106.3,0.0,1,3.13,0.86,50.06,134.15,881.24,0,34.01588,-6.83635,32.87033,-6.89391,32.87033,-6.89391
CPG102213,2024-11-07,Casablanca,Casablanca,Casablanca-Settat,Lait pasteurisé,Camion réfrigéré,5.0,4.7,4.0,63.8,59.8,0,6.61,0.67,1.72,4.62,122.57,0,33.54416,-7.59614,33.58825,-7.5488,33.58825,-7.5488
CPG102214,2024-05-23,Marrakech,Laâyoune,Laâyoune-Sakia El Hamra,Lait pasteurisé,Camion réfrigéré,953.0,61.7,897.8,927.1,29.3,0,6.64,0.86,305.53,818.82,5512.7,0,31.61079,-7.98418,27.14725,-13.12552,27.14725,-13.12552
CPG102215,2024-08-13,Agadir,Essaouira,Marrakech-Safi,Lben,Camionnette réfrigérée,156.8,49.6,168.2,189.6,21.4,0,6.24,0.47,31.85,85.37,629.43,1,30.42491,-9.58038,31.55749,-9.7474,31.55749,-9.7474
CPG102216,2024-04-02,Rabat,Tétouan,Tanger-Tétouan-Al Hoceïma,Fromage frais,Camion réfrigéré,277.1,63.4,262.1,262.1,0.0,1,7.71,0.46,87.46,234.39,1492.49,0,33.99181,-6.86246,35.49903,-5.38085,35.49903,-5.38085
CPG102217,2024-12-13,Rabat,Oujda,Oriental,Fromage frais,Camionnette réfrigérée,572.9,66.4,518.0,518.0,0.0,1,5.67,0.99,98.96,265.21,1788.61,0,34.01688,-6.86459,34.64304,-1.92446,34.64304,-1.92446
CPG102218,2024-10-13,Casablanca,Khouribga,Béni Mellal-Khénifra,Crème fraîche,Camion réfrigéré,134.4,57.2,103.8,141.0,37.1,0,8.19,0.61,43.64,116.95,831.6,0,33.5858,-7.53549,32.87519,-6.91146,32.87519,-6.91146
CPG102219,2024-06-11,Marrakech,Nador,Oriental,Lait UHT,Camion réfrigéré,805.1,62.3,768.9,775.7,6.8,1,6.26,0.53,277.31,743.2,3967.08,0,31.639,-7.97184,35.21642,-2.95406,35.21642,-2.95406
CPG102220,2024-10-31,Tadla (Fkih Ben Salah),Tanger,Tanger-Tétouan-Al Hoceïma,Crème fraîche,Camion standard,459.2,71.5,372.6,385.1,12.5,1,1.71,0.89,141.46,379.12,1842.05,0,32.54014,-6.73845,35.76416,-5.86466,35.76416,-5.86466
CPG102221,2024-11-02,Rabat,Kénitra,Rabat-Salé-Kénitra,Yaourt,Camion standard,42.2,65.6,38.6,38.6,0.0,1,6.95,0.72,11.68,31.29,242.79,0,33.97979,-6.82633,34.24738,-6.63288,34.24738,-6.63288
CPG102222,2024-11-16,Rabat,Nador,Oriental,Lait UHT,Camion standard,485.9,74.5,340.6,391.5,50.8,0,4.97,0.81,141.25,378.56,2040.8,0,34.01425,-6.8415,35.16378,-2.91574,35.16378,-2.91574
CPG102223,2024-03-31,Rabat,Nador,Oriental,Yaourt,Camion réfrigéré,420.6,63.5,384.3,397.6,13.3,1,1.43,1.0,124.4,333.4,2078.59,0,33.99553,-6.8428,35.13448,-2.93102,35.13448,-2.93102
CPG102224,2024-07-08,Tadla (Fkih Ben Salah),Agadir,Souss-Massa,Lait UHT,Camionnette réfrigérée,426.2,60.8,404.5,420.5,16.0,1,4.81,0.94,78.65,210.77,1345.54,0,32.52521,-6.68988,30.37059,-9.55822,30.37059,-9.55822
CPG102225,2024-04-05,Rabat,Nador,Oriental,Lait UHT,Camion standard,509.1,70.0,424.9,436.5,11.6,1,6.0,0.89,150.45,403.21,2015.04,0,33.98644,-6.8472,35.16555,-2.89248,35.16555,-2.89248
CPG102226,2024-03-08,Rabat,Salé,Rabat-Salé-Kénitra,Lben,Camion réfrigéré,6.2,14.8,6.7,25.3,18.6,1,1.85,0.69,2.17,5.82,56.14,0,34.02697,-6.84609,34.072,-6.80688,34.072,-6.80688
CPG102227,2024-07-23,Agadir,Meknès,Fès-Meknès,Yaourt,Camion réfrigéré,571.5,79.5,423.2,431.3,8.1,1,1.92,0.76,176.29,472.45,2821.48,0,30.39397,-9.60252,33.87241,-5.58568,33.87241,-5.58568
CPG102228,2024-10-25,Casablanca,Salé,Rabat-Salé-Kénitra,Lait UHT,Camion réfrigéré,98.3,29.9,88.8,197.3,108.5,0,5.78,0.76,35.25,94.46,647.34,0,33.59212,-7.59756,34.01369,-6.74811,34.01369,-6.74811
CPG102229,2024-05-06,Marrakech,Béni Mellal,Béni Mellal-Khénifra,Lait UHT,Camion réfrigéré,215.3,58.2,181.9,222.1,40.2,0,7.95,0.5,75.89,203.39,1321.91,0,31.63745,-7.95103,32.31261,-6.35442,32.31261,-6.35442
CPG102230,2024-06-20,Rabat,Marrakech,Marrakech-Safi,Yaourt,Camion standard,348.6,67.4,306.8,310.5,3.7,1,6.24,0.42,94.86,254.22,1265.04,0,34.02895,-6.87315,31.67768,-8.02383,31.67768,-8.02383
CPG102231,2024-01-01,Tadla (Fkih Ben Salah),Taroudant,Souss-Massa,Lait UHT,Camion réfrigéré,351.6,64.2,328.1,328.6,0.4,1,18.62,0.81,115.4,309.28,2035.3,1,32.49186,-6.73566,30.45798,-8.87592,30.45798,-8.87592
CPG102232,2024-11-28,Casablanca,Rabat,Rabat-Salé-Kénitra,Lait UHT,Camionnette réfrigérée,114.5,51.6,123.8,133.2,9.4,1,0.2,0.82,22.81,61.13,361.44,0,33.58798,-7.59575,33.96881,-6.82378,33.96881,-6.82378
CPG102233,2024-08-28,Agadir,Fès,Fès-Meknès,Beurre,Camion standard,793.3,63.6,731.5,748.5,17.0,1,7.95,0.9,221.43,593.43,3353.48,0,30.40078,-9.63708,33.97674,-4.96787,33.97674,-4.96787
CPG102234,2024-06-02,Casablanca,Taroudant,Souss-Massa,Yaourt,Camion standard,384.7,71.1,323.6,324.7,,1,2.04,1.0,96.86,259.58,1616.97,0,33.57407,-7.59525,30.46533,-8.86707,30.46533,-8.86707
CPG102235,2024-05-27,Rabat,El Jadida,Casablanca-Settat,Beurre,Camion réfrigéré,194.8,62.0,171.1,188.5,17.4,1,5.1,0.77,66.36,177.86,1082.17,0,33.97845,-6.8536,33.20958,-8.51606,33.20958,-8.51606
CPG102236,2024-09-07,Agadir,Essaouira,Marrakech-Safi,Crème fraîche,Camion réfrigéré,162.3,61.5,142.3,158.2,16.0,1,8.34,0.73,57.95,155.3,1032.18,0,30.42063,-9.58904,31.48278,-9.7766,31.48278,-9.7766
CPG102237,2024-11-15,Casablanca,Meknès,Fès-Meknès,Fromage frais,Camion standard,246.9,71.0,187.8,208.7,20.9,0,2.29,0.67,66.75,178.9,894.88,0,33.5669,-7.60269,33.86624,-5.50179,33.86624,-5.50179
CPG102238,2024-11-14,Marrakech,Tétouan,Tanger-Tétouan-Al Hoceïma,Lait UHT,Camion standard,625.8,83.5,438.4,449.4,11.0,1,9.98,0.78,160.16,429.22,2514.76,0,31.63974,-7.9618,35.54689,-5.3284,35.54689,-5.3284
CPG102239,2024-12-24,Agadir,Nador,Oriental,Fromage frais,Camion standard,1036.8,75.2,816.5,827.2,10.7,1,3.39,0.62,261.53,700.89,4486.9,0,30.44291,-9.59747,35.17894,-2.94154,35.17894,-2.94154
CPG102240,2024-11-26,Tadla (Fkih Ben Salah),Tétouan,Tanger-Tétouan-Al Hoceïma,Lait pasteurisé,Camionnette réfrigérée,409.2,49.8,426.6,492.7,66.2,0,4.76,0.5,79.08,211.93,1231.18,0,32.49384,-6.69696,35.56798,-5.39655,35.56798,-5.39655
CPG102241,2024-10-19,Tadla (Fkih Ben Salah),Agadir,Souss-Massa,Lait pasteurisé,Camionnette réfrigérée,484.8,59.4,478.5,489.5,11.0,1,9.59,0.9,84.82,227.33,1747.6,0,32.54198,-6.71625,30.37785,-9.57849,30.37785,-9.57849
CPG102242,2024-11-09,Tadla (Fkih Ben Salah),Tanger,Tanger-Tétouan-Al Hoceïma,Fromage frais,Camion standard,434.6,74.1,330.0,352.1,22.2,0,9.58,0.72,133.19,356.95,1894.65,0,32.51276,-6.71189,35.77716,-5.85384,35.77716,-5.85384
CPG102243,2024-04-07,Marrakech,Marrakech,Marrakech-Safi,Beurre,Camionnette réfrigérée,5.0,4.0,5.9,74.6,68.7,0,6.35,0.76,0.83,2.23,112.03,0,31.65127,-7.96088,31.61885,-8.01541,31.61885,-8.01541
CPG102244,2024-12-10,Agadir,Meknès,Fès-Meknès,Crème fraîche,Camion réfrigéré,654.3,70.7,472.9,555.3,82.4,0,7.59,0.78,240.09,643.45,3492.21,0,30.42948,-9.64201,33.91082,-5.59191,33.91082,-5.59191
CPG102245,2024-08-09,Tadla (Fkih Ben Salah),Settat,Casablanca-Settat,Fromage frais,Camion réfrigéré,138.3,37.7,126.0,220.2,94.2,0,5.53,0.97,44.25,118.58,831.64,0,32.4997,-6.70001,33.01458,-7.58643,33.01458,-7.58643
CPG102246,2024-08-22,Rabat,Meknès,Fès-Meknès,Fromage frais,Camion réfrigéré,141.3,65.3,100.9,129.9,28.9,0,7.9,0.79,42.24,113.2,848.11,0,34.02199,-6.86156,33.83185,-5.5534,33.83185,-5.5534
CPG102247,2024-09-13,Casablanca,Laâyoune,Laâyoune-Sakia El Hamra,Beurre,Camionnette réfrigérée,1192.6,39.6,1808.1,1808.1,0.0,1,6.2,0.58,214.49,574.83,3984.07,0,33.56813,-7.57509,27.11032,-13.17218,27.11032,-13.17218
CPG102248,2024-12-15,Casablanca,Khouribga,Béni Mellal-Khénifra,Beurre,Camionnette réfrigérée,107.5,39.5,97.1,163.4,66.4,0,5.81,0.83,20.7,55.48,484.45,0,33.58015,-7.59631,32.91143,-6.91344,32.91143,-6.91344
CPG102249,2024-07-13,Agadir,Taroudant,Souss-Massa,Lait pasteurisé,Camion réfrigéré,92.7,51.8,83.6,107.5,23.8,0,8.4,0.61,33.02,88.49,563.45,0,30.43131,-9.58698,30.48243,-8.81902,30.48243,-8.81902
CPG102250,2024-02-12,Agadir,Casablanca,Casablanca-Settat,Fromage frais,Camionnette réfrigérée,511.0,50.1,536.4,612.1,75.6,0,7.6,0.82,93.25,249.9,1613.89,0,30.40945,-9.5971,33.5715,-7.5428,33.5715,-7.5428
CPG102251,2024-06-19,Tadla (Fkih Ben Salah),Kénitra,Rabat-Salé-Kénitra,Lait UHT,Camion réfrigéré,259.2,67.8,220.2,229.5,9.3,1,3.2,0.69,91.44,245.06,1501.65,0,32.50751,-6.69572,34.25112,-6.60188,34.25112,-6.60188
CPG102252,2024-12-08,Marrakech,Salé,Rabat-Salé-Kénitra,Lait UHT,Camion réfrigéré,306.4,60.5,302.4,304.0,1.6,1,2.64,0.61,110.35,295.74,1560.77,0,31.59681,-7.94412,34.02645,-6.73475,34.02645,-6.73475
CPG102253,2024-02-10,Tadla (Fkih Ben Salah),Tanger,Tanger-Tétouan-Al Hoceïma,Crème fraîche,Camionnette réfrigérée,455.3,59.2,447.5,461.6,14.1,1,7.1,0.44,91.95,246.44,1765.48,0,32.51724,-6.6495,35.75492,-5.82278,35.75492,-5.82278
CPG102254,2024-05-06,Agadir,Rabat,Rabat-Salé-Kénitra,Lait UHT,Camion réfrigéré,548.8,68.0,475.8,484.5,8.7,1,7.16,1.0,200.73,537.95,2783.51,0,30.43664,-9.59724,34.05561,-6.85672,34.05561,-6.85672
CPG102255,2024-02-21,Agadir,Nador,Oriental,Yaourt,Camion réfrigéré,973.8,66.3,853.7,881.2,27.5,0,7.55,0.84,305.95,819.94,5634.78,0,30.42296,-9.64134,35.15778,-2.91065,35.15778,-2.91065
CPG102256,2024-11-17,Agadir,Agadir,Souss-Massa,Crème fraîche,Camion réfrigéré,5.0,2.2,6.4,135.9,129.5,0,6.15,0.51,1.72,4.62,120.15,0,30.44085,-9.60585,30.3804,-9.5831,30.3804,-9.5831
CPG102257,2024-05-05,Marrakech,Nador,Oriental,Beurre,Camion réfrigéré,687.1,64.3,641.3,641.3,0.0,1,2.39,0.65,205.45,550.59,3371.44,0,31.62375,-7.9879,35.16765,-2.94192,35.16765,-2.94192
CPG102258,2024-09-16,Rabat,Khouribga,Béni Mellal-Khénifra,Fromage frais,Camion standard,168.4,75.8,133.4,133.4,0.0,1,6.86,0.76,43.19,115.76,667.11,0,34.04146,-6.85487,32.86113,-6.89854,32.86113,-6.89854
CPG102259,2024-03-31,Agadir,Essaouira,Marrakech-Safi,Beurre,Camion réfrigéré,136.2,57.2,127.4,142.8,15.4,1,10.6,0.61,44.12,118.24,870.51,0,30.43573,-9.59652,31.50215,-9.73412,31.50215,-9.73412
CPG102260,2024-12-16,Casablanca,Nador,Oriental,Lait UHT,Camion réfrigéré,589.9,56.2,630.0,630.0,0.0,1,4.0,0.89,189.37,507.52,2658.13,0,33.57163,-7.58565,35.20054,-2.97582,35.20054,-2.97582
CPG102261,2024-11-18,Agadir,Fès,Fès-Meknès,Yaourt,Camion réfrigéré,623.5,68.4,547.2,547.2,0.0,1,9.67,0.69,211.23,566.1,3666.21,0,30.41778,-9.60593,34.03169,-5.02723,34.03169,-5.02723
CPG102262,2024-05-21,Casablanca,Marrakech,Marrakech-Safi,Lben,Camion réfrigéré,257.8,53.6,229.4,288.7,59.3,0,5.34,0.81,76.75,205.68,1233.83,1,33.57619,-7.60908,31.62187,-7.96772,31.62187,-7.96772
CPG102263,2024-08-27,Rabat,Salé,Rabat-Salé-Kénitra,Yaourt,Camion standard,6.1,3.6,5.0,101.2,96.2,0,7.91,0.59,1.62,4.35,139.56,0,33.98213,-6.82699,34.03087,-6.83525,34.03087,-6.83525
CPG102264,2024-04-12,Agadir,Tanger,Tanger-Tétouan-Al Hoceïma,Yaourt,Camion standard,773.3,74.3,615.0,624.3,9.3,1,7.67,0.84,204.69,548.58,2913.62,0,30.44823,-9.60678,35.73672,-5.85347,35.73672,-5.85347
CPG102265,2024-01-14,Rabat,El Jadida,Casablanca-Settat,Beurre,Camion réfrigéré,190.8,68.8,163.8,166.3,2.5,1,5.92,0.62,61.85,165.76,1047.73,0,34.01626,-6.80214,33.26863,-8.45796,33.26863,-8.45796
CPG102266,2024-04-04,Rabat,Meknès,Fès-Meknès,Yaourt,Camion standard,148.4,72.6,122.7,122.7,0.0,1,5.48,0.59,40.76,109.24,713.78,0,34.01384,-6.8223,33.90986,-5.5435,33.90986,-5.5435
CPG102267,2024-08-21,Tadla (Fkih Ben Salah),Tanger,Tanger-Tétouan-Al Hoceïma,Yaourt,Camion réfrigéré,446.4,69.2,380.8,386.9,6.1,1,7.01,0.63,141.33,378.75,2144.6,0,32.53543,-6.67712,35.75142,-5.83564,35.75142,-5.83564
CPG102268,2024-03-23,Marrakech,Settat,Casablanca-Settat,Beurre,Camion standard,176.2,66.9,140.0,157.9,17.9,1,8.16,0.7,52.99,142.0,817.66,0,31.65226,-7.97335,32.99785,-7.61716,32.99785,-7.61716
CPG102269,2024-08-21,Marrakech,Agadir,Souss-Massa,Fromage frais,Camion réfrigéré,221.2,61.2,212.0,217.1,5.0,1,1.2,0.87,78.72,210.97,1157.68,0,31.64583,-7.97738,30.39748,-9.55679,30.39748,-9.55679
CPG102270,2024-11-22,Marrakech,Salé,Rabat-Salé-Kénitra,Yaourt,Camion réfrigéré,378.7,66.4,335.0,342.1,7.1,1,2.75,0.94,,347.49,1940.89,1,31.63121,-7.99553,34.03503,-6.80995,34.03503,-6.80995
CPG102271,2024-07-11,Tadla (Fkih Ben Salah),Casablanca,Casablanca-Settat,Lait pasteurisé,Camion standard,184.4,52.5,179.9,210.9,31.0,0,6.38,0.44,56.42,151.21,886.62,0,32.52378,-6.71669,33.6295,-7.59696,33.6295,-7.59696
CPG102272,2024-07-26,Rabat,Taroudant,Souss-Massa,Lait UHT,Camion réfrigéré,587.7,57.5,578.0,613.8,35.8,0,3.65,0.55,179.32,480.58,3235.19,0,34.03619,-6.834,30.44702,-8.89529,30.44702,-8.89529
CPG102273,2024-04-25,Agadir,Safi,Marrakech-Safi,Lait UHT,Camion réfrigéré,277.9,69.0,232.0,241.6,9.7,1,8.3,0.69,85.88,230.16,1374.35,0,30.44626,-9.59882,32.29077,-9.28355,32.29077,-9.28355
CPG102274,2024-11-08,Marrakech,Salé,Rabat-Salé-Kénitra,Beurre,Camion réfrigéré,344.3,53.2,348.9,387.9,39.0,0,4.79,1.0,104.68,280.54,2043.83,0,31.6391,-7.95497,34.03018,-6.83829,34.03018,-6.83829
CPG102275,2024-12-30,Agadir,Essaouira,Marrakech-Safi,Fromage frais,Camionnette réfrigérée,140.5,32.7,150.9,257.8,106.9,0,9.71,0.51,28.33,75.93,587.55,0,30.44269,-9.61614,31.49448,-9.75651,31.49448,-9.75651
CPG102276,2024-11-07,Tadla (Fkih Ben Salah),Laâyoune,Laâyoune-Sakia El Hamra,Fromage frais,Camion réfrigéré,1121.6,73.1,882.1,920.9,38.8,0,2.61,0.62,329.48,883.02,5367.9,0,32.48642,-6.7136,27.12737,-13.14185,27.12737,-13.14185
CPG102277,2024-11-13,Rabat,Kénitra,Rabat-Salé-Kénitra,Yaourt,Camion standard,46.1,63.3,37.2,43.7,6.5,1,11.0,0.41,11.72,31.41,352.61,0,34.02509,-6.86095,34.291,-6.58328,34.291,-6.58328
CPG102278,2024-01-01,Agadir,Casablanca,Casablanca-Settat,Lben,Camion standard,526.1,65.6,461.5,481.0,19.5,1,9.11,0.88,132.79,355.87,2253.72,0,30.44086,-9.62437,33.57285,-7.60969,33.57285,-7.60969
CPG102279,2024-01-24,Marrakech,Casablanca,Casablanca-Settat,Lait pasteurisé,Camionnette réfrigérée,272.7,48.7,312.4,336.2,23.8,0,2.55,0.76,53.05,142.17,818.63,0,31.66758,-7.94562,33.61945,-7.57679,33.61945,-7.57679
CPG102280,2024-02-27,Agadir,Rabat,Rabat-Salé-Kénitra,Lait UHT,Camion standard,536.3,69.7,406.5,461.5,55.1,0,7.22,0.61,133.35,357.38,1924.53,0,30.42747,-9.59776,34.00818,-6.89235,34.00818,-6.89235
CPG102281,2024-05-08,Marrakech,Tanger,Tanger-Tétouan-Al Hoceïma,Lait pasteurisé,Camion standard,555.2,56.5,475.7,589.9,114.1,0,7.4,0.8,163.89,439.23,1957.99,0,31.6103,-8.02209,35.71269,-5.83741,35.71269,-5.83741
CPG102282,2024-11-04,Rabat,Safi,Marrakech-Safi,Crème fraîche,Camionnette réfrigérée,317.3,37.3,479.7,510.7,31.0,0,1.71,0.74,57.89,155.15,963.56,0,34.01228,-6.79583,32.33231,-9.24182,32.33231,-9.24182
CPG102283,2024-06-01,Tadla (Fkih Ben Salah),Rabat,Rabat-Salé-Kénitra,Lait UHT,Camion standard,185.4,47.2,214.2,235.4,21.2,0,7.82,0.62,53.14,142.41,787.34,0,32.48554,-6.6789,34.01954,-6.82917,34.01954,-6.82917
CPG102284,2024-04-27,Agadir,Taroudant,Souss-Massa,Crème fraîche,Camion réfrigéré,76.0,70.4,62.3,64.7,2.4,1,8.65,0.67,22.99,61.61,470.13,0,30.40638,-9.62622,30.49814,-8.87504,30.49814,-8.87504
CPG102285,2024-02-20,Agadir,Tétouan,Tanger-Tétouan-Al Hoceïma,Yaourt,Camion réfrigéré,732.5,64.8,657.4,678.8,21.3,0,2.15,0.58,234.2,627.67,3439.02,0,30.45595,-9.61628,35.54566,-5.36885,35.54566,-5.36885
CPG102286,2024-12-21,Tadla (Fkih Ben Salah),Béni Mellal,Béni Mellal-Khénifra,Lait UHT,Camion réfrigéré,48.1,69.1,41.8,41.8,0.0,1,2.09,0.76,16.02,42.93,293.01,0,32.49357,-6.65524,32.33513,-6.37722,32.33513,-6.37722
CPG102287,2024-03-03,Agadir,Safi,Marrakech-Safi,Lait pasteurisé,Camion réfrigéré,281.2,51.1,311.3,330.3,19.0,1,3.05,0.72,101.38,271.71,1327.74,0,30.44203,-9.57365,32.31487,-9.26586,32.31487,-9.26586
CPG102288,2024-05-24,Agadir,Khouribga,Béni Mellal-Khénifra,Lait UHT,Camion réfrigéré,424.0,65.6,375.5,387.6,12.2,1,3.89,0.43,144.71,387.83,2145.74,0,30.40815,-9.59872,32.88435,-6.90292,32.88435,-6.90292
CPG102289,2024-06-20,Casablanca,El Jadida,Casablanca-Settat,Lait UHT,Camion réfrigéré,110.5,59.0,96.7,112.4,15.6,1,9.46,0.52,36.86,98.8,672.66,0,33.56755,-7.57688,33.24569,-8.52481,33.24569,-8.52481
CPG102290,2024-07-21,Tadla (Fkih Ben Salah),Tanger,Tanger-Tétouan-Al Hoceïma,Lait UHT,Camion réfrigéré,401.6,54.0,427.0,446.5,19.4,1,7.56,0.63,140.47,376.46,2244.97,0,32.49375,-6.6747,35.7376,-5.84717,35.7376,-5.84717
CPG102291,2024-06-26,Marrakech,Oujda,Oriental,Beurre,Camion réfrigéré,848.2,68.8,734.1,739.6,5.5,1,3.97,0.59,301.61,808.32,4231.93,0,31.64605,-7.99929,34.65287,-1.87046,34.65287,-1.87046
CPG102292,2024-08-28,Casablanca,Meknès,Fès-Meknès,Fromage frais,Camionnette réfrigérée,241.6,47.9,276.3,302.5,26.2,0,5.39,0.75,44.36,118.88,907.89,0,33.58687,-7.61158,33.8294,-5.52001,33.8294,-5.52001
CPG102293,2024-10-26,Tadla (Fkih Ben Salah),Tanger,Tanger-Tétouan-Al Hoceïma,Yaourt,Camion standard,469.6,62.6,408.2,450.1,41.8,0,11.73,0.74,131.51,352.46,1815.48,0,32.51203,-6.67834,35.7548,-5.83126,35.7548,-5.83126
CPG102294,2024-07-16,Agadir,Meknès,Fès-Meknès,Lait UHT,Camion réfrigéré,626.6,65.4,574.6,574.8,0.2,1,2.46,0.6,212.16,568.58,3601.61,0,30.45653,-9.60086,33.90032,-5.48974,33.90032,-5.48974
CPG102295,2024-06-09,Rabat,Rabat,Rabat-Salé-Kénitra,Fromage frais,Camion standard,5.0,18.6,4.9,16.1,11.2,1,8.46,0.72,1.49,3.98,148.13,0,34.04016,-6.85274,33.99507,-6.84752,33.99507,-6.84752
CPG102296,2024-05-11,Casablanca,Nador,Oriental,Lait UHT,Camionnette réfrigérée,617.6,51.8,705.2,715.0,9.8,1,12.08,0.81,121.52,325.67,2237.15,0,33.55432,-7.5698,35.19675,-2.96989,35.19675,-2.96989
CPG102297,2024-11-08,Tadla (Fkih Ben Salah),Khouribga,Béni Mellal-Khénifra,Crème fraîche,Camion réfrigéré,60.8,48.6,60.5,75.1,14.5,1,5.23,1.0,19.95,53.48,367.45,0,32.49643,-6.72185,32.80994,-6.91781,32.80994,-6.91781
CPG102298,2024-09-21,Tadla (Fkih Ben Salah),Salé,Rabat-Salé-Kénitra,Lben,Camionnette réfrigérée,203.7,60.1,185.1,203.4,18.2,1,11.01,0.53,34.57,92.66,785.47,0,32.46323,-6.73134,34.03652,-6.84845,34.03652,-6.84845
CPG102299,2024-09-18,Rabat,Essaouira,Marrakech-Safi,Lait pasteurisé,Camion réfrigéré,439.3,72.8,356.5,362.0,5.5,1,8.87,0.55,128.94,345.56,2466.19,0,33.99779,-6.88931,31.49582,-9.71659,31.49582,-9.71659
CPG102300,2024-04-25,Tadla (Fkih Ben Salah),Tanger,Tanger-Tétouan-Al Hoceïma,Crème fraîche,Camion réfrigéré,429.8,62.6,394.9,411.8,16.9,1,10.03,0.8,155.83,417.61,2202.23,0,32.50193,-6.67082,35.77578,-5.83706,35.77578,-5.83706
CPG102301,2024-06-19,Agadir,Casablanca,Casablanca-Settat,Lait pasteurisé,Camion standard,433.2,59.6,436.2,436.2,0.0,1,11.38,0.65,125.6,336.6,1716.28,0,30.39905,-9.61854,33.54908,-7.60712,33.54908,-7.60712
CPG102302,2024-06-21,Tadla (Fkih Ben Salah),Khouribga,Béni Mellal-Khénifra,Fromage frais,Camionnette réfrigérée,50.2,67.0,45.0,45.0,0.0,1,4.06,1.0,8.57,22.97,219.46,0,32.52317,-6.69445,32.94533,-6.9671,32.94533,-6.9671
CPG102303,2024-06-27,Tadla (Fkih Ben Salah),Marrakech,Marrakech-Safi,Yaourt,Camion réfrigéré,190.8,65.0,176.2,176.2,0.0,1,10.77,0.75,60.08,161.03,1050.1,0,32.55039,-6.69188,31.65686,-8.0327,31.65686,-8.0327
CPG102304,2024-06-30,Rabat,Khouribga,Béni Mellal-Khénifra,Fromage frais,Camion réfrigéré,154.4,74.0,125.1,125.1,0.0,1,12.89,0.82,51.89,139.07,981.77,0,33.99585,-6.88238,32.80737,-6.9392,32.80737,-6.9392
CPG102305,2024-09-23,Agadir,El Jadida,Casablanca-Settat,Fromage frais,Camion réfrigéré,359.2,52.3,340.9,412.4,71.5,0,6.88,0.82,127.87,342.7,2065.44,0,30.40948,-9.58576,33.2677,-8.48016,33.2677,-8.48016
CPG102306,2024-11-30,Casablanca,Settat,Casablanca-Settat,Lait pasteurisé,Camion réfrigéré,74.8,22.6,64.9,198.4,133.6,0,4.53,0.85,21.9,58.68,490.56,0,33.56584,-7.58079,32.99059,-7.60296,32.99059,-7.60296
CPG102307,2024-11-19,Agadir,Fès,Fès-Meknès,Lben,Camionnette réfrigérée,691.4,56.2,702.4,737.8,35.4,0,4.21,0.6,129.31,346.54,2132.85,0,30.44827,-9.60679,34.06471,-4.98965,34.06471,-4.98965
CPG102308,2024-11-19,Rabat,Agadir,Souss-Massa,Fromage frais,Camion réfrigéré,616.1,75.1,477.0,492.4,15.4,1,7.56,0.68,209.96,562.7,3257.79,0,34.00672,-6.8312,30.45214,-9.62792,30.45214,-9.62792
CPG102309,2024-07-02,Agadir,Safi,Marrakech-Safi,Lben,Camion réfrigéré,229.9,45.9,204.9,300.7,95.8,0,2.77,0.52,80.8,216.54,1038.58,0,30.43338,-9.608,32.29125,-9.23641,32.29125,-9.23641
CPG102310,2024-08-02,Marrakech,Béni Mellal,Béni Mellal-Khénifra,Lait UHT,Camion réfrigéré,219.6,67.2,177.8,196.0,18.2,1,5.96,0.77,76.64,205.39,1299.52,0,31.60724,-7.98711,32.33182,-6.42033,32.33182,-6.42033
CPG102311,2024-02-13,Rabat,Fès,Fès-Meknès,Crème fraîche,Camion réfrigéré,204.0,65.2,187.7,187.7,0.0,1,9.86,0.84,64.65,173.27,1272.9,0,34.04762,-6.84631,34.04971,-5.00517,34.04971,-5.00517
CPG102312,2024-08-26,Rabat,Khouribga,Béni Mellal-Khénifra,Lait UHT,Camion standard,159.5,43.7,208.6,219.0,10.5,1,10.63,0.86,43.72,117.16,843.77,0,34.01065,-6.8294,32.87062,-6.90812,32.87062,-6.90812
CPG102313,2024-09-04,Tadla (Fkih Ben Salah),Laâyoune,Laâyoune-Sakia El Hamra,Lait UHT,Camion réfrigéré,1077.0,64.4,919.3,1003.6,84.3,0,2.46,0.63,388.69,1041.69,6117.87,0,32.47484,-6.68335,27.11373,-13.18949,27.11373,-13.18949
CPG102314,2024-06-05,Tadla (Fkih Ben Salah),Tanger,Tanger-Tétouan-Al Hoceïma,Lait pasteurisé,Camion réfrigéré,392.7,52.2,365.5,451.6,86.0,0,6.85,0.38,137.2,367.69,2172.42,0,32.45886,-6.69952,35.73478,-5.88747,35.73478,-5.88747
CPG102315,2024-02-18,Agadir,Fès,Fès-Meknès,Beurre,Camion standard,765.6,61.0,664.5,753.4,88.9,0,4.27,0.85,221.29,593.06,2843.68,0,30.44034,-9.6131,34.00318,-5.01675,34.00318,-5.01675
CPG102316,2024-09-22,Marrakech,Laâyoune,Laâyoune-Sakia El Hamra,Crème fraîche,Camion réfrigéré,799.4,52.8,867.9,908.3,40.5,0,10.93,0.79,278.87,747.38,4385.63,0,31.5881,-7.9471,27.21427,-13.17751,27.21427,-13.17751
CPG102317,2024-10-29,Casablanca,Rabat,Rabat-Salé-Kénitra,Lben,Camion réfrigéré,90.3,51.4,105.3,105.3,0.0,1,4.84,0.62,26.51,71.05,576.14,0,33.55179,-7.59203,34.03947,-6.86341,34.03947,-6.86341
CPG102318,2024-09-20,Rabat,Laâyoune,Laâyoune-Sakia El Hamra,Crème fraîche,Camion standard,1042.7,67.5,912.9,926.7,13.8,1,6.97,0.67,272.62,730.61,3689.7,0,34.04458,-6.84389,27.12327,-13.19306,27.12327,-13.19306
CPG102319,2024-01-21,Tadla (Fkih Ben Salah),Salé,Rabat-Salé-Kénitra,Lait UHT,Camion réfrigéré,212.9,58.3,190.4,219.2,28.9,0,0.41,0.85,63.36,169.8,1178.71,0,32.48719,-6.67417,34.00395,-6.76957,34.00395,-6.76957
CPG102320,2024-01-15,Tadla (Fkih Ben Salah),Tétouan,Tanger-Tétouan-Al Hoceïma,Yaourt,Camion réfrigéré,390.8,79.3,294.6,295.8,1.2,1,4.2,0.93,120.9,324.0,1861.74,0,32.48429,-6.68602,35.55485,-5.40321,35.55485,-5.40321
CPG102321,2024-05-08,Rabat,Oujda,Oriental,Lait UHT,Camion réfrigéré,482.8,65.5,393.6,442.3,48.7,0,9.78,0.8,163.0,436.84,2645.33,0,33.98141,-6.79635,34.70946,-1.94326,34.70946,-1.94326
CPG102322,2024-11-03,Tadla (Fkih Ben Salah),Béni Mellal,Béni Mellal-Khénifra,Crème fraîche,Camion réfrigéré,39.9,73.6,32.5,32.5,0.0,1,10.18,0.72,13.77,36.9,375.92,1,32.48725,-6.66615,32.33991,-6.37475,32.33991,-6.37475
CPG102323,2024-12-27,Casablanca,Oujda,Oriental,Beurre,Camion réfrigéré,678.7,66.7,596.9,610.1,13.1,1,8.73,0.69,195.67,524.4,3162.41,0,33.55835,-7.58501,34.65837,-1.87313,34.65837,-1.87313
CPG102324,2024-09-23,Tadla (Fkih Ben Salah),Agadir,Souss-Massa,Fromage frais,Camion réfrigéré,461.4,69.2,378.9,400.0,21.1,0,9.68,0.68,158.15,423.84,2184.62,0,32.5108,-6.668,30.4469,-9.63434,30.4469,-9.63434
CPG102325,2024-08-06,Marrakech,Khouribga,Béni Mellal-Khénifra,Lait UHT,Camion standard,211.8,64.9,168.1,195.7,27.6,0,10.85,0.45,62.89,168.53,974.56,0,31.6443,-7.95515,32.90178,-6.92138,32.90178,-6.92138
CPG102326,2024-02-02,Tadla (Fkih Ben Salah),Marrakech,Marrakech-Safi,Beurre,Camion réfrigéré,172.8,62.1,145.9,167.1,21.1,0,9.91,0.98,62.68,167.97,899.07,0,32.5163,-6.69374,31.60285,-7.93584,31.60285,-7.93584
CPG102327,2024-11-03,Marrakech,Casablanca,Casablanca-Settat,Fromage frais,Camion réfrigéré,234.3,60.9,212.8,231.0,18.2,1,11.54,0.75,75.55,202.47,1250.34,0,31.63351,-8.00098,33.59904,-7.60797,33.59904,-7.60797
CPG102328,2024-03-29,Tadla (Fkih Ben Salah),Khouribga,Béni Mellal-Khénifra,Lait pasteurisé,Camionnette réfrigérée,57.9,48.6,49.0,71.5,22.5,0,4.84,0.99,11.38,30.5,263.96,0,32.49901,-6.65915,32.85426,-6.91736,32.85426,-6.91736
CPG102329,2024-02-16,Casablanca,Nador,Oriental,Lait UHT,Camion réfrigéré,497.4,63.8,399.5,467.4,67.9,0,7.22,0.64,180.23,483.02,2428.04,1,33.57232,-7.55995,35.1742,-2.9321,35.1742,-2.9321
CPG102330,2024-11-03,Rabat,Essaouira,Marrakech-Safi,Beurre,Camion réfrigéré,494.2,64.8,433.6,457.8,24.1,0,11.38,0.76,168.9,452.65,2911.55,0,33.99979,-6.79001,31.51561,-9.75881,31.51561,-9.75881
CPG102331,2024-05-06,Tadla (Fkih Ben Salah),Laâyoune,Laâyoune-Sakia El Hamra,Beurre,Camion réfrigéré,1045.1,61.0,1016.9,1027.6,10.7,1,0.2,0.74,304.55,816.2,5370.54,0,32.50772,-6.64272,27.13229,-13.15209,27.13229,-13.15209
CPG102332,2024-10-23,Tadla (Fkih Ben Salah),Settat,Casablanca-Settat,Fromage frais,Camion réfrigéré,137.1,59.5,134.8,138.4,3.6,1,4.01,0.46,50.1,134.27,744.83,0,32.46723,-6.68804,32.9855,-7.6294,32.9855,-7.6294
CPG102333,2024-11-04,Casablanca,Safi,Marrakech-Safi,Crème fraîche,Camion réfrigéré,259.2,47.7,239.8,326.4,86.6,0,5.89,0.7,84.34,226.04,1244.84,0,33.56053,-7.59324,32.31161,-9.26186,32.31161,-9.26186
CPG102334,2024-11-03,Casablanca,Fès,Fès-Meknès,Lait pasteurisé,Camion standard,299.5,77.0,220.8,233.2,12.4,1,5.47,0.74,83.9,224.86,1368.46,0,33.59335,-7.58246,34.02625,-4.99752,34.02625,-4.99752
CPG102335,2024-12-20,Casablanca,Oujda,Oriental,Beurre,Camion réfrigéré,566.1,59.6,537.5,569.6,32.1,0,5.11,0.74,168.42,451.37,2586.73,0,33.59996,-7.60222,34.65181,-1.87393,34.65181,-1.87393
CPG102336,2024-04-25,Marrakech,Settat,Casablanca-Settat,Crème fraîche,Camion réfrigéré,205.0,54.6,219.2,225.2,6.0,1,11.66,0.58,71.08,190.49,1342.73,0,31.62717,-7.97851,33.02341,-7.61025,33.02341,-7.61025
CPG102337,2024-05-26,Rabat,Meknès,Fès-Meknès,Lait UHT,Camionnette réfrigérée,151.1,53.3,140.5,170.2,29.6,0,8.72,0.98,30.29,81.17,573.39,0,34.03001,-6.83724,33.90727,-5.59434,33.90727,-5.59434
CPG102338,2024-08-25,Agadir,Taroudant,Souss-Massa,Crème fraîche,Camion réfrigéré,83.9,40.8,88.4,123.4,35.0,0,4.26,0.76,28.67,76.84,426.9,0,30.4502,-9.59731,30.43054,-8.88163,30.43054,-8.88163
CPG102339,2024-12-01,Tadla (Fkih Ben Salah),Béni Mellal,Béni Mellal-Khénifra,Lait UHT,Camion standard,47.3,63.5,43.0,44.7,1.7,1,9.0,0.67,12.65,33.91,326.01,0,32.53844,-6.71805,32.31983,-6.35838,32.31983,-6.35838
CPG102340,2024-02-23,Casablanca,Settat,Casablanca-Settat,Yaourt,Camion réfrigéré,83.9,55.2,69.3,91.2,22.0,0,10.28,0.54,30.28,81.16,614.42,0,33.58481,-7.57387,32.98318,-7.69529,32.98318,-7.69529
CPG102341,2024-12-21,Marrakech,Béni Mellal,Béni Mellal-Khénifra,Yaourt,Camionnette réfrigérée,204.6,40.7,206.3,301.5,95.2,0,9.06,0.6,38.99,104.5,719.04,0,31.60061,-7.97153,32.32099,-6.40255,32.32099,-6.40255
CPG102342,2024-01-30,Agadir,Safi,Marrakech-Safi,Beurre,Camion standard,265.0,66.6,238.7,238.7,0.0,1,5.57,0.46,74.3,199.13,1122.76,0,30.45001,-9.58789,32.263,-9.23562,32.263,-9.23562
CPG102343,2024-10-29,Rabat,Kénitra,Rabat-Salé-Kénitra,Yaourt,Camion standard,41.7,60.7,41.2,41.2,0.0,1,6.91,0.65,11.54,30.94,276.93,0,34.0153,-6.81533,34.27437,-6.56434,34.27437,-6.56434
CPG102344,2024-10-25,Casablanca,Rabat,Rabat-Salé-Kénitra,Crème fraîche,Camion standard,108.3,54.4,115.6,119.5,3.9,1,6.66,0.92,32.88,88.13,524.47,0,33.55657,-7.59161,34.03837,-6.847,34.03837,-6.847
CPG102345,2024-12-11,Agadir,Essaouira,Marrakech-Safi,Yaourt,Camion standard,161.9,68.7,127.5,141.3,13.8,1,7.95,0.6,,111.6,727.5,0,30.43927,-9.62092,31.49325,-9.78884,31.49325,-9.78884
CPG102346,2024-07-07,Agadir,Nador,Oriental,Lait pasteurisé,Camion réfrigéré,1063.3,71.3,887.7,894.3,6.5,1,10.77,0.61,323.27,866.37,5353.36,0,30.42459,-9.60872,35.15384,-2.8828,35.15384,-2.8828
CPG102347,2024-09-28,Casablanca,Marrakech,Marrakech-Safi,Lait pasteurisé,Camion standard,291.7,51.2,325.7,341.7,16.0,1,4.47,0.77,81.04,217.2,1222.93,0,33.53924,-7.58518,31.65517,-7.9082,31.65517,-7.9082
CPG102348,2024-02-03,Rabat,Tétouan,Tanger-Tétouan-Al Hoceïma,Yaourt,Camion standard,282.7,67.4,228.1,251.5,23.4,0,4.89,0.83,78.04,209.15,1028.54,0,34.03298,-6.86575,35.61,-5.36759,35.61,-5.36759
CPG102349,2024-11-16,Casablanca,Marrakech,Marrakech-Safi,Lait UHT,Camion standard,274.5,66.0,245.5,249.6,4.1,1,9.04,0.45,68.73,184.19,1250.44,0,33.54757,-7.57053,31.66278,-7.97965,31.66278,-7.97965
CPG102350,2024-03-13,Agadir,El Jadida,Casablanca-Settat,Lait pasteurisé,Camion réfrigéré,353.9,52.4,376.2,405.0,28.8,0,5.67,0.68,102.46,274.58,1736.02,0,30.41018,-9.63601,33.22763,-8.55785,33.22763,-8.55785
CPG102351,2024-03-22,Marrakech,Tétouan,Tanger-Tétouan-Al Hoceïma,Lait UHT,Camion standard,562.4,74.3,422.1,454.1,32.0,0,8.01,0.8,147.03,394.04,2108.12,0,31.63905,-7.97184,35.58683,-5.33396,35.58683,-5.33396
CPG102352,2024-01-18,Marrakech,Salé,Rabat-Salé-Kénitra,Yaourt,Camion standard,380.1,69.9,320.8,326.4,5.6,1,5.76,0.65,108.41,290.55,1396.41,0,31.65416,-7.97819,34.04998,-6.76447,34.04998,-6.76447
CPG102353,2024-09-30,Tadla (Fkih Ben Salah),Oujda,Oriental,Yaourt,Camion réfrigéré,571.3,51.8,660.9,661.8,0.9,1,4.54,0.65,183.08,490.64,2587.07,0,32.50217,-6.70756,34.69761,-1.87944,34.69761,-1.87944
CPG102354,2024-08-27,Agadir,Tanger,Tanger-Tétouan-Al Hoceïma,Beurre,Camion réfrigéré,799.3,55.2,846.0,868.9,23.0,0,2.73,0.81,277.63,744.04,4582.7,0,30.44993,-9.57339,35.70807,-5.81919,35.70807,-5.81919
CPG102355,2024-05-07,Agadir,Marrakech,Marrakech-Safi,Lait UHT,Camionnette réfrigérée,216.3,60.0,206.3,216.4,10.1,1,4.54,0.52,42.95,115.1,742.84,0,30.41249,-9.57294,31.65833,-8.05032,31.65833,-8.05032
CPG102356,2024-10-19,Tadla (Fkih Ben Salah),Marrakech,Marrakech-Safi,Beurre,Camion standard,204.5,63.8,191.8,192.3,0.6,1,5.85,1.0,55.72,149.34,850.38,0,32.48377,-6.70304,31.63657,-7.95507,31.63657,-7.95507
CPG102357,2024-05-21,Agadir,Casablanca,Casablanca-Settat,Beurre,Camion standard,497.4,64.0,352.4,466.4,114.0,0,6.4,0.75,152.29,408.13,2077.36,0,30.44807,-9.59745,33.55273,-7.64976,33.55273,-7.64976
CPG102358,2024-08-24,Marrakech,Nador,Oriental,Fromage frais,Camion standard,650.3,74.1,526.2,526.2,0.0,1,4.14,0.91,194.2,520.45,2630.88,0,31.60121,-7.98169,35.15991,-2.894,35.15991,-2.894
CPG102359,2024-10-04,Rabat,Khouribga,Béni Mellal-Khénifra,Lait UHT,Camion réfrigéré,170.2,62.1,164.4,164.4,0.0,1,8.2,0.85,54.17,145.18,892.61,0,34.01884,-6.83452,32.86845,-6.90261,32.86845,-6.90261
CPG102360,2024-02-16,Tadla (Fkih Ben Salah),Meknès,Fès-Meknès,Lait pasteurisé,Camion standard,216.3,66.7,138.5,194.6,56.1,0,2.99,0.52,62.21,166.73,755.45,0,32.50774,-6.65083,33.88746,-5.57679,33.88746,-5.57679
CPG102361,2024-12-17,Rabat,Tétouan,Tanger-Tétouan-Al Hoceïma,Beurre,Camion standard,235.2,74.7,178.1,188.9,10.8,1,11.78,0.82,58.03,155.52,1167.4,0,34.02072,-6.85062,35.54075,-5.39314,35.54075,-5.39314
CPG102362,2024-06-06,Rabat,Oujda,Oriental,Lait pasteurisé,Camion réfrigéré,548.3,49.4,635.2,666.4,31.3,0,6.89,0.56,177.59,475.94,2787.25,0,34.04419,-6.86113,34.70737,-1.90068,34.70737,-1.90068
CPG102363,2024-05-26,Casablanca,Agadir,Souss-Massa,Lait pasteurisé,Camion réfrigéré,496.6,64.9,458.9,458.9,0.0,1,5.56,0.99,160.84,431.04,2414.31,1,33.57987,-7.59153,30.47255,-9.58085,30.47255,-9.58085
CPG102364,2024-03-22,Agadir,Khouribga,Béni Mellal-Khénifra,Fromage frais,Camion réfrigéré,431.2,69.1,373.6,374.1,0.5,1,7.62,0.49,139.84,374.78,2399.47,0,30.3934,-9.58084,32.93937,-6.8824,32.93937,-6.8824
CPG102365,2024-06-04,Rabat,Tétouan,Tanger-Tétouan-Al Hoceïma,Lait UHT,Camion réfrigéré,255.3,52.5,280.4,291.9,11.5,1,5.24,0.8,81.17,217.52,1521.76,0,34.01244,-6.84827,35.57881,-5.32973,35.57881,-5.32973
CPG102366,2024-07-25,Marrakech,Kénitra,Rabat-Salé-Kénitra,Yaourt,Camion standard,347.5,64.9,321.1,321.1,0.0,1,5.06,0.78,85.31,228.64,1556.42,0,31.6249,-8.00167,34.26273,-6.58761,34.26273,-6.58761
CPG102367,2024-09-21,Agadir,Kénitra,Rabat-Salé-Kénitra,Beurre,Camion réfrigéré,622.9,68.1,542.8,548.9,6.2,1,3.35,1.0,209.2,560.66,3273.06,0,30.43486,-9.59866,34.25109,-6.51566,34.25109,-6.51566
CPG102368,2024-04-24,Casablanca,Nador,Oriental,Beurre,Camion réfrigéré,532.4,69.6,454.6,458.8,4.2,1,5.05,0.55,165.37,443.19,2392.09,0,33.56403,-7.57697,35.20866,-2.92623,35.20866,-2.92623
CPG102369,2024-02-07,Marrakech,El Jadida,Casablanca-Settat,Lait pasteurisé,Camionnette réfrigérée,241.6,48.3,284.3,300.1,15.9,1,8.22,0.45,43.85,117.52,821.09,0,31.60535,-7.98725,33.23621,-8.58285,33.23621,-8.58285
CPG102370,2024-03-14,Agadir,El Jadida,Casablanca-Settat,Fromage frais,Camion standard,443.4,68.6,348.4,387.7,39.3,0,8.52,0.83,112.51,301.53,1725.26,0,30.45845,-9.62107,33.22528,-8.47567,33.22528,-8.47567
CPG102371,2024-06-09,Rabat,Rabat,Rabat-Salé-Kénitra,Beurre,Camion réfrigéré,5.0,15.2,4.3,19.7,15.4,1,4.56,0.91,1.55,4.17,96.21,0,33.99912,-6.83644,34.01117,-6.81834,34.01117,-6.81834
CPG102372,2024-04-21,Marrakech,Kénitra,Rabat-Salé-Kénitra,Lben,Camion réfrigéré,400.2,45.7,496.2,525.0,28.8,0,7.22,0.72,118.66,318.0,2225.5,1,31.62603,-7.92475,34.26641,-6.58527,34.26641,-6.58527
CPG102373,2024-11-26,Casablanca,Fès,Fès-Meknès,Lait UHT,Camion réfrigéré,326.3,65.9,297.3,297.3,0.0,1,5.97,0.98,113.01,302.86,1782.22,0,33.58245,-7.60536,34.0091,-4.96937,34.0091,-4.96937
CPG102374,2024-08-23,Agadir,Tanger,Tanger-Tétouan-Al Hoceïma,Lait pasteurisé,Camion réfrigéré,743.6,56.5,782.4,789.7,7.3,1,8.98,0.58,272.07,729.14,3971.2,0,30.40986,-9.62456,35.77262,-5.81372,35.77262,-5.81372
CPG102375,2024-04-26,Tadla (Fkih Ben Salah),Meknès,Fès-Meknès,Fromage frais,Camion standard,198.8,71.4,154.5,167.1,12.6,1,8.81,0.92,52.66,141.13,809.34,0,32.46842,-6.71591,33.93229,-5.53731,33.93229,-5.53731
CPG102376,2024-03-22,Casablanca,Marrakech,Marrakech-Safi,Lait UHT,Camion réfrigéré,291.0,49.3,240.3,354.3,114.0,0,5.28,0.65,104.08,278.93,1437.07,0,33.57152,-7.57171,31.59551,-7.91316,31.59551,-7.91316
CPG102377,2024-11-17,Agadir,Oujda,Oriental,Lait UHT,Camion réfrigéré,1063.8,61.1,1012.8,1044.2,,0,9.31,0.25,347.13,930.31,5501.89,0,30.44467,-9.58589,34.6938,-1.89877,34.6938,-1.89877
CPG102378,2024-03-29,Tadla (Fkih Ben Salah),El Jadida,Casablanca-Settat,Crème fraîche,Camion standard,226.9,61.0,223.1,223.1,0.0,1,4.05,0.93,70.35,188.54,1029.17,0,32.5035,-6.72048,33.29245,-8.47284,33.29245,-8.47284
CPG102379,2024-04-26,Agadir,Agadir,Souss-Massa,Lait pasteurisé,Camion standard,5.0,71.6,4.2,4.2,0.0,1,4.0,0.47,1.42,3.8,77.5,0,30.44613,-9.61454,30.46879,-9.57576,30.46879,-9.57576
CPG102380,2024-07-14,Marrakech,Settat,Casablanca-Settat,Lait pasteurisé,Camion standard,181.5,64.4,159.5,169.1,9.7,1,6.26,0.58,51.7,138.57,874.89,0,31.64484,-7.94732,32.9915,-7.62596,32.9915,-7.62596
CPG102381,2024-02-06,Rabat,Taroudant,Souss-Massa,Lben,Camion standard,493.9,67.3,427.2,440.3,13.1,1,10.74,0.34,137.74,369.15,1976.12,0,34.05339,-6.86326,30.45549,-8.90072,30.45549,-8.90072
CPG102382,2024-01-28,Rabat,Béni Mellal,Béni Mellal-Khénifra,Lait UHT,Camion standard,239.0,62.8,197.2,228.2,31.1,0,5.37,0.78,66.24,177.53,1103.81,0,34.02861,-6.83753,32.31704,-6.34294,32.31704,-6.34294
CPG102383,2024-09-15,Tadla (Fkih Ben Salah),Rabat,Rabat-Salé-Kénitra,Crème fraîche,Camionnette réfrigérée,183.9,57.7,179.7,191.4,11.6,1,8.73,0.61,32.19,86.26,732.23,0,32.5178,-6.72801,34.02796,-6.87622,34.02796,-6.87622
CPG102384,2024-11-22,Casablanca,Casablanca,Casablanca-Settat,Beurre,Camion réfrigéré,5.0,91.1,3.3,3.3,0.0,1,4.0,0.77,1.48,3.95,85.94,0,33.55736,-7.55342,33.55839,-7.6234,33.55839,-7.6234
CPG102385,2024-01-30,Marrakech,Marrakech,Marrakech-Safi,Lait pasteurisé,Camion réfrigéré,5.0,19.7,4.1,15.2,11.1,1,8.77,0.79,1.58,4.23,155.79,0,31.60529,-8.00206,31.60513,-7.97922,31.60513,-7.97922
CPG102386,2024-08-22,Marrakech,Laâyoune,Laâyoune-Sakia El Hamra,Lait pasteurisé,Camion réfrigéré,873.1,70.9,738.7,738.7,0.0,1,5.05,0.51,304.52,816.11,4908.01,0,31.64375,-7.97368,27.11795,-13.18556,27.11795,-13.18556
CPG102387,2024-01-07,Casablanca,Agadir,Souss-Massa,Beurre,Camion standard,447.1,72.3,362.5,370.8,8.3,1,4.9,1.0,118.8,318.4,1877.35,0,33.58496,-7.58439,30.42781,-9.5688,30.42781,-9.5688
CPG102388,2024-08-15,Marrakech,Essaouira,Marrakech-Safi,Fromage frais,Camion réfrigéré,226.5,79.1,171.9,171.9,0.0,1,4.84,0.68,73.49,196.95,1336.96,0,31.60053,-7.9715,31.50214,-9.75608,31.50214,-9.75608
CPG102389,2024-07-15,Rabat,Tétouan,Tanger-Tétouan-Al Hoceïma,Yaourt,Camion réfrigéré,289.5,51.9,272.2,334.6,62.4,0,4.82,0.58,87.82,235.34,1394.09,0,34.01164,-6.8105,35.577,-5.33603,35.577,-5.33603
CPG102390,2024-07-16,Marrakech,Tétouan,Tanger-Tétouan-Al Hoceïma,Crème fraîche,Camion standard,527.4,67.8,425.9,466.7,40.8,0,8.08,0.68,155.13,415.74,1981.7,0,31.63492,-7.95316,35.55427,-5.41248,35.55427,-5.41248
CPG102391,2024-10-19,Marrakech,Nador,Oriental,Lait UHT,Camion standard,721.8,76.2,568.7,568.7,0.0,1,8.27,1.0,206.76,554.13,2770.85,0,31.63202,-8.0003,35.17001,-2.93712,35.17001,-2.93712
CPG102392,2024-05-30,Marrakech,Tétouan,Tanger-Tétouan-Al Hoceïma,Lben,Camion réfrigéré,588.5,51.5,675.5,685.4,9.8,1,6.63,0.73,207.9,557.17,3196.2,0,31.62082,-7.97166,35.57836,-5.33876,35.57836,-5.33876
CPG102393,2024-11-07,Rabat,Marrakech,Marrakech-Safi,Lait pasteurisé,Camion réfrigéré,373.7,59.5,376.9,376.9,0.0,1,8.19,0.67,109.05,292.25,1932.57,0,33.98907,-6.86579,31.5872,-7.96135,31.5872,-7.96135
CPG102394,2024-03-14,Tadla (Fkih Ben Salah),Settat,Casablanca-Settat,Lait pasteurisé,Camion réfrigéré,120.8,55.3,131.1,131.1,0.0,1,14.16,0.68,34.98,93.76,751.42,0,32.50415,-6.71288,33.01421,-7.60109,33.01421,-7.60109
CPG102395,2024-03-27,Rabat,Salé,Rabat-Salé-Kénitra,Lait UHT,Camion réfrigéré,6.0,16.3,5.7,22.0,16.2,1,6.14,0.83,1.78,4.77,118.09,0,33.99122,-6.85245,34.05666,-6.78207,34.05666,-6.78207
CPG102396,2024-02-12,Tadla (Fkih Ben Salah),Kénitra,Rabat-Salé-Kénitra,Yaourt,Camion réfrigéré,223.8,55.4,219.3,242.3,23.0,0,7.67,0.74,71.51,191.66,1344.75,0,32.51948,-6.69594,34.25112,-6.54815,34.25112,-6.54815
CPG102397,2024-05-12,Marrakech,Essaouira,Marrakech-Safi,Yaourt,Camion réfrigéré,180.3,70.7,145.5,153.1,7.6,1,6.7,0.48,65.88,176.57,1005.6,0,31.66006,-7.98802,31.4885,-9.74716,31.4885,-9.74716
CPG102398,2024-08-24,Agadir,Meknès,Fès-Meknès,Lait pasteurisé,Camion standard,621.9,55.4,673.0,673.0,0.0,1,2.79,0.66,186.53,499.9,2685.09,0,30.42785,-9.58953,33.91233,-5.53963,33.91233,-5.53963
CPG102399,2024-11-13,Agadir,Marrakech,Marrakech-Safi,Beurre,Camion réfrigéré,229.1,42.6,258.6,322.4,63.8,0,4.33,0.73,73.5,196.97,1086.03,0,30.43023,-9.60388,31.64734,-7.97592,31.64734,-7.97592
CPG102400,2024-03-21,Agadir,Safi,Marrakech-Safi,Yaourt,Camionnette réfrigérée,223.9,74.3,180.8,180.8,0.0,1,10.02,0.93,45.15,121.01,869.05,0,30.41114,-9.60086,32.30249,-9.24301,32.30249,-9.24301
CPG102401,2024-12-12,Marrakech,Casablanca,Casablanca-Settat,Lait UHT,Camion standard,233.6,62.1,215.7,225.8,10.1,1,8.03,0.65,61.99,166.13,1019.37,0,31.62914,-7.99919,33.54549,-7.6654,33.54549,-7.6654
CPG102402,2024-07-05,Tadla (Fkih Ben Salah),Casablanca,Casablanca-Settat,Yaourt,Camion standard,192.7,49.2,148.3,234.8,86.4,0,8.45,0.58,56.51,151.45,819.77,0,32.47657,-6.74909,33.59243,-7.5767,33.59243,-7.5767
CPG102403,2024-12-22,Marrakech,Tétouan,Tanger-Tétouan-Al Hoceïma,Beurre,Camion réfrigéré,528.5,61.2,517.6,517.8,0.2,1,1.49,0.55,166.72,446.82,2693.05,0,31.63499,-7.95562,35.61749,-5.37811,35.61749,-5.37811
CPG102404,2024-06-07,Tadla (Fkih Ben Salah),Agadir,Souss-Massa,Lait UHT,Camion réfrigéré,401.1,69.9,329.3,344.6,15.2,1,6.8,0.66,123.63,331.33,2163.17,0,32.44933,-6.70173,30.45114,-9.57119,30.45114,-9.57119
CPG102405,2024-12-09,Agadir,Laâyoune,Laâyoune-Sakia El Hamra,Crème fraîche,Camion réfrigéré,532.3,52.5,504.1,608.0,103.8,0,6.8,0.55,182.26,488.45,2861.15,0,30.41812,-9.63235,27.14575,-13.15379,27.14575,-13.15379
CPG102406,2024-01-18,Tadla (Fkih Ben Salah),Settat,Casablanca-Settat,Lait UHT,Camion standard,133.2,44.1,118.4,181.4,63.0,0,6.27,0.51,34.57,92.64,603.74,0,32.51078,-6.69633,32.99245,-7.63524,32.99245,-7.63524
CPG102407,2024-12-05,Marrakech,Rabat,Rabat-Salé-Kénitra,Lait UHT,Camion réfrigéré,372.2,44.5,450.8,502.3,51.5,0,4.5,0.63,120.23,322.22,1990.65,0,31.62026,-7.98784,34.04581,-6.83897,34.04581,-6.83897
CPG102408,2024-03-21,Rabat,Tétouan,Tanger-Tétouan-Al Hoceïma,Fromage frais,Camionnette réfrigérée,289.6,67.9,236.5,256.0,19.5,1,5.88,0.49,56.06,150.24,908.89,0,34.01194,-6.83187,35.58877,-5.37058,35.58877,-5.37058
CPG102409,2024-12-26,Agadir,Khouribga,Béni Mellal-Khénifra,Lait UHT,Camion réfrigéré,394.9,73.3,323.1,323.1,0.0,1,5.66,0.33,126.28,338.44,2122.99,0,30.41532,-9.61638,32.89763,-6.92358,32.89763,-6.92358
CPG102410,2024-05-13,Marrakech,Safi,Marrakech-Safi,Lait pasteurisé,Camion réfrigéré,159.9,38.8,197.2,247.2,50.0,0,5.37,0.59,52.08,139.58,823.89,0,31.64005,-7.98339,32.29714,-9.26225,32.29714,-9.26225
CPG102411,2024-02-09,Casablanca,Nador,Oriental,Beurre,Camion réfrigéré,554.2,68.7,456.3,483.9,27.6,0,4.78,0.61,163.87,439.17,2601.51,0,33.57671,-7.57739,35.18395,-2.97324,35.18395,-2.97324
CPG102412,2024-05-19,Tadla (Fkih Ben Salah),Béni Mellal,Béni Mellal-Khénifra,Yaourt,Camionnette réfrigérée,48.2,52.9,42.7,54.7,12.0,1,4.8,1.0,9.96,26.69,220.92,0,32.50094,-6.71836,32.29573,-6.34902,32.29573,-6.34902
CPG102413,2024-01-25,Agadir,Settat,Casablanca-Settat,Beurre,Camion réfrigéré,439.2,61.1,431.5,431.5,0.0,1,5.69,0.82,130.25,349.08,2245.05,0,30.42508,-9.59279,33.0147,-7.62896,33.0147,-7.62896
CPG102414,2024-10-15,Agadir,Rabat,Rabat-Salé-Kénitra,Beurre,Camion réfrigéré,528.9,59.4,472.8,534.2,61.4,0,9.43,0.82,173.29,464.41,2927.46,0,30.41774,-9.57907,34.04595,-6.84745,34.04595,-6.84745
CPG102415,2024-06-03,Casablanca,Salé,Rabat-Salé-Kénitra,Yaourt,Camion standard,106.9,39.0,75.1,164.7,89.6,0,3.46,0.52,29.6,79.33,445.43,0,33.57827,-7.57007,34.0487,-6.81533,34.0487,-6.81533
CPG102416,2024-03-05,Rabat,Meknès,Fès-Meknès,Lait UHT,Camion réfrigéré,152.7,63.9,132.0,143.3,11.3,1,1.25,0.84,48.67,130.43,794.91,0,34.03261,-6.83123,33.9583,-5.56115,33.9583,-5.56115
CPG102417,2024-05-23,Tadla (Fkih Ben Salah),Nador,Oriental,Yaourt,Camion réfrigéré,519.0,51.9,586.3,599.6,13.3,1,3.33,0.88,149.6,400.94,2973.55,0,32.53146,-6.71843,35.13393,-2.91795,35.13393,-2.91795
CPG102418,2024-06-17,Marrakech,Agadir,Souss-Massa,Beurre,Camionnette réfrigérée,244.2,41.6,242.0,352.1,110.2,0,9.08,0.94,47.48,127.26,1027.01,0,31.64988,-7.99713,30.44671,-9.60303,30.44671,-9.60303
CPG102419,2024-12-21,Marrakech,Khouribga,Béni Mellal-Khénifra,Lben,Camion réfrigéré,194.6,60.1,173.2,194.1,20.9,0,7.24,0.79,69.84,187.16,1123.58,0,31.62399,-7.9843,32.89672,-6.90368,32.89672,-6.90368
CPG102420,2024-02-18,Rabat,El Jadida,Casablanca-Settat,Yaourt,Camion standard,215.8,64.4,179.6,201.0,21.4,0,4.44,0.57,62.79,168.27,860.52,0,34.00412,-6.82449,33.22862,-8.48768,33.22862,-8.48768
CPG102421,2024-07-23,Agadir,Tétouan,Tanger-Tétouan-Al Hoceïma,Fromage frais,Camionnette réfrigérée,909.7,56.0,970.5,974.1,3.6,1,3.32,0.75,179.94,482.25,2668.17,0,30.39397,-9.59117,35.5921,-5.3759,35.5921,-5.3759
CPG102422,2024-10-08,Agadir,Agadir,Souss-Massa,Lait UHT,Camion standard,5.0,47.0,4.1,6.4,2.3,1,10.79,0.78,1.47,3.94,181.18,0,30.41433,-9.58003,30.43195,-9.70468,30.43195,-9.70468
CPG102423,2024-06-04,Casablanca,Khouribga,Béni Mellal-Khénifra,Fromage frais,Camion standard,123.1,33.8,125.1,218.7,93.6,0,6.34,0.61,32.93,88.25,501.26,0,33.59322,-7.5704,32.90395,-6.87667,32.90395,-6.87667
CPG102424,2024-03-03,Agadir,Settat,Casablanca-Settat,Lait UHT,Camion réfrigéré,383.6,51.3,425.3,448.7,23.4,0,0.2,0.61,117.62,315.23,1757.33,0,30.41344,-9.6126,32.95114,-7.63846,32.95114,-7.63846
CPG102425,2024-08-27,Marrakech,Agadir,Souss-Massa,Lait pasteurisé,Camion standard,217.3,53.3,233.7,244.5,10.8,1,1.64,0.69,66.3,177.69,804.15,0,31.5835,-7.99223,30.40293,-9.54932,30.40293,-9.54932
CPG102426,2024-09-10,Rabat,Marrakech,Marrakech-Safi,Yaourt,Camion standard,343.8,62.2,311.6,331.7,20.1,0,8.17,0.71,85.89,230.17,1462.09,0,34.01372,-6.80737,31.6328,-7.96342,31.6328,-7.96342
CPG102427,2024-12-30,Marrakech,Settat,Casablanca-Settat,Beurre,Camion réfrigéré,165.5,49.8,183.8,199.3,15.4,1,8.84,0.69,60.42,161.93,976.87,0,31.61385,-7.99622,32.96004,-7.59439,32.96004,-7.59439
CPG102428,2024-07-07,Marrakech,Kénitra,Rabat-Salé-Kénitra,Lait pasteurisé,Camion réfrigéré,367.1,72.5,286.1,303.9,17.8,1,5.81,0.86,117.77,315.62,1732.67,1,31.61534,-8.00951,34.31912,-6.63119,34.31912,-6.63119
CPG102429,2024-12-23,Tadla (Fkih Ben Salah),Safi,Marrakech-Safi,Crème fraîche,Camion standard,259.7,59.1,261.5,263.6,2.0,1,4.57,0.89,71.15,190.67,979.42,0,32.52785,-6.71728,32.29569,-9.26341,32.29569,-9.26341
CPG102430,2024-08-30,Tadla (Fkih Ben Salah),Khouribga,Béni Mellal-Khénifra,Lait pasteurisé,Camion réfrigéré,51.6,36.6,55.4,84.6,29.2,0,5.34,0.7,17.26,46.26,362.6,1,32.49069,-6.70721,32.94147,-6.89529,32.94147,-6.89529
CPG102431,2024-04-20,Tadla (Fkih Ben Salah),Laâyoune,Laâyoune-Sakia El Hamra,Yaourt,Camion réfrigéré,966.2,57.9,894.1,1001.7,107.6,0,6.84,0.63,334.58,896.68,5339.39,0,32.49155,-6.70678,27.09422,-13.13977,27.09422,-13.13977
CPG102432,2024-02-27,Marrakech,Laâyoune,Laâyoune-Sakia El Hamra,Lben,Camionnette réfrigérée,750.8,54.4,809.1,827.9,18.8,1,3.52,0.79,140.64,376.93,2357.97,0,31.58804,-7.98893,27.12261,-13.13282,27.12261,-13.13282
CPG102433,2024-11-21,Marrakech,Marrakech,Marrakech-Safi,Lait pasteurisé,Camion réfrigéré,5.0,6.4,5.4,47.0,41.6,0,10.85,0.66,1.68,4.51,184.62,1,31.6154,-8.00453,31.66983,-7.99725,31.66983,-7.99725
CPG102434,2024-10-25,Agadir,Salé,Rabat-Salé-Kénitra,Fromage frais,Camionnette réfrigérée,605.8,67.8,535.9,535.9,0.0,1,5.93,0.49,109.42,293.25,2252.29,0,30.41356,-9.61664,34.04668,-6.78078,34.04668,-6.78078
CPG102435,2024-04-02,Marrakech,Safi,Marrakech-Safi,Yaourt,Camion réfrigéré,177.3,45.4,207.9,234.3,26.5,0,6.64,0.66,51.53,138.09,952.44,0,31.63205,-8.02679,32.32675,-9.24634,32.32675,-9.24634
CPG102436,2024-03-30,Marrakech,El Jadida,Casablanca-Settat,Lait UHT,Camion réfrigéré,211.2,73.9,171.5,171.5,0.0,1,8.01,0.94,66.68,178.7,1050.42,0,31.62706,-7.96172,33.26245,-8.48076,33.26245,-8.48076
CPG102437,2024-01-26,Agadir,Khouribga,Béni Mellal-Khénifra,Crème fraîche,Camion standard,417.2,65.6,359.1,381.8,22.7,0,5.82,0.81,107.42,287.89,1653.13,0,30.4084,-9.56912,32.8807,-6.89673,32.8807,-6.89673
CPG102438,2024-06-11,Casablanca,Safi,Marrakech-Safi,Yaourt,Camion réfrigéré,222.8,61.7,215.8,216.6,0.8,1,7.81,0.69,69.89,187.31,1264.18,0,33.55902,-7.5725,32.23359,-9.27823,32.23359,-9.27823
CPG102439,2024-08-03,Casablanca,Agadir,Souss-Massa,Yaourt,Camion standard,459.2,74.6,341.6,369.2,27.6,0,6.67,1.0,130.21,348.95,2024.76,0,33.5516,-7.58781,30.39045,-9.63266,30.39045,-9.63266
CPG102440,2024-12-07,Rabat,Meknès,Fès-Meknès,Lait UHT,Camion réfrigéré,151.9,66.4,127.1,137.2,10.2,1,4.08,0.61,44.63,119.62,866.07,0,34.01451,-6.84588,33.88958,-5.55035,33.88958,-5.55035
CPG102441,2024-06-26,Casablanca,Essaouira,Marrakech-Safi,Lait pasteurisé,Camion réfrigéré,393.3,67.0,350.8,352.1,1.2,1,11.72,0.45,128.67,344.83,2120.59,1,33.53719,-7.61176,31.49577,-9.78083,31.49577,-9.78083
CPG102442,2024-06-01,Tadla (Fkih Ben Salah),Fès,Fès-Meknès,Crème fraîche,Camion réfrigéré,276.3,71.8,201.6,230.8,29.2,0,2.84,0.7,82.8,221.9,1554.87,0,32.47079,-6.70046,33.9982,-5.00775,33.9982,-5.00775
CPG102443,2024-02-29,Marrakech,Casablanca,Casablanca-Settat,Fromage frais,Camion standard,257.4,54.7,224.0,282.1,58.1,0,4.82,0.49,73.52,197.02,1163.07,0,31.58048,-7.97887,33.54716,-7.55289,33.54716,-7.55289
CPG102444,2024-11-08,Marrakech,Marrakech,Marrakech-Safi,Crème fraîche,Camion standard,5.0,10.4,3.9,28.9,24.9,0,2.84,0.5,1.52,4.08,61.77,0,31.67976,-7.96738,31.61645,-7.9719,31.61645,-7.9719
CPG102445,2024-04-10,Tadla (Fkih Ben Salah),Laâyoune,Laâyoune-Sakia El Hamra,Lben,Camion standard,986.0,58.6,904.6,1010.4,105.8,0,4.24,0.61,274.55,735.8,4133.34,0,32.50052,-6.68854,27.16164,-13.15473,27.16164,-13.15473
CPG102446,2024-08-21,Agadir,Fès,Fès-Meknès,Yaourt,Camion réfrigéré,617.6,67.6,528.1,548.4,20.3,0,8.73,0.62,196.88,527.64,3199.5,0,30.42511,-9.55848,34.00384,-5.00959,34.00384,-5.00959
CPG102447,2024-12-07,Tadla (Fkih Ben Salah),Agadir,Souss-Massa,Crème fraîche,Camion standard,479.6,70.8,385.4,406.5,21.1,0,5.21,0.66,144.74,387.91,1790.64,0,32.51031,-6.72348,30.42375,-9.55074,30.42375,-9.55074
CPG102448,2024-04-02,Tadla (Fkih Ben Salah),Essaouira,Marrakech-Safi,Fromage frais,Camionnette réfrigérée,373.7,51.8,432.6,432.6,0.0,1,1.69,0.89,72.95,195.51,1133.47,0,32.51496,-6.68632,31.51737,-9.73633,31.51737,-9.73633
CPG102449,2024-11-02,Tadla (Fkih Ben Salah),Marrakech,Marrakech-Safi,Yaourt,Camion réfrigéré,198.9,57.0,188.8,209.4,20.6,0,4.49,0.81,62.46,167.38,1048.87,0,32.55415,-6.69033,31.64715,-7.98808,31.64715,-7.98808
CPG102450,2024-03-22,Casablanca,Agadir,Souss-Massa,Lait UHT,Camion réfrigéré,427.3,55.5,456.4,461.7,5.3,1,6.46,0.68,151.2,405.22,2129.74,0,33.56073,-7.57762,30.44397,-9.57191,30.44397,-9.57191
CPG102451,2024-10-26,Rabat,Essaouira,Marrakech-Safi,Lait UHT,Camion standard,453.9,75.0,363.1,363.1,0.0,1,1.03,0.57,131.01,351.12,1539.39,0,34.03536,-6.8456,31.48871,-9.76299,31.48871,-9.76299
CPG102452,2024-05-29,Marrakech,Agadir,Souss-Massa,Lait UHT,Camion réfrigéré,249.4,55.5,252.3,269.4,17.1,1,4.49,0.54,75.75,203.02,1293.5,0,31.64794,-8.01505,30.45877,-9.6063,30.45877,-9.6063
CPG102453,2024-05-26,Tadla (Fkih Ben Salah),Nador,Oriental,Lait UHT,Camion standard,576.6,75.4,458.6,458.6,0.0,1,6.72,0.49,144.96,388.5,2183.54,0,32.49193,-6.67334,35.18615,-2.92035,35.18615,-2.92035
CPG102454,2024-10-24,Tadla (Fkih Ben Salah),Kénitra,Rabat-Salé-Kénitra,Lait UHT,Camion réfrigéré,238.7,54.7,218.1,262.1,44.0,0,7.71,0.78,86.99,233.13,1478.24,0,32.50626,-6.68428,34.22591,-6.61588,34.22591,-6.61588
CPG102455,2024-10-30,Agadir,Khouribga,Béni Mellal-Khénifra,Fromage frais,Camionnette réfrigérée,418.3,47.2,522.1,531.8,9.8,1,9.3,0.47,70.43,188.76,1331.85,0,30.42587,-9.60515,32.91308,-6.90497,32.91308,-6.90497
CPG102456,2024-11-17,Tadla (Fkih Ben Salah),Tanger,Tanger-Tétouan-Al Hoceïma,Lait UHT,Camion réfrigéré,488.6,55.0,455.8,532.9,77.1,0,12.22,0.81,170.83,457.83,2502.78,0,32.5165,-6.68245,35.73767,-5.86695,35.73767,-5.86695
CPG102457,2024-06-07,Casablanca,Nador,Oriental,Yaourt,Camion standard,501.7,61.7,449.1,487.9,38.8,0,8.59,0.75,155.6,417.0,1967.3,0,33.55921,-7.55435,35.15019,-2.95137,35.15019,-2.95137
CPG102458,2024-08-18,Rabat,Rabat,Rabat-Salé-Kénitra,Beurre,Camion réfrigéré,5.0,12.3,4.1,24.5,20.4,0,9.55,0.61,1.66,4.45,170.11,0,34.03716,-6.85557,33.99844,-6.85876,33.99844,-6.85876
CPG102459,2024-03-12,Tadla (Fkih Ben Salah),Safi,Marrakech-Safi,Beurre,Camion réfrigéré,277.8,66.4,246.7,250.9,4.3,1,9.8,0.68,92.6,248.18,1387.67,0,32.4865,-6.68946,32.28066,-9.24991,32.28066,-9.24991
CPG102460,2024-01-06,Tadla (Fkih Ben Salah),Fès,Fès-Meknès,Lait UHT,Camion standard,268.1,67.8,237.1,237.1,0.0,1,8.65,0.56,71.68,192.09,1118.59,0,32.51222,-6.67079,33.95718,-5.00967,33.95718,-5.00967
CPG102461,2024-12-26,Agadir,Safi,Marrakech-Safi,Yaourt,Camion réfrigéré,244.0,66.2,221.0,221.0,0.0,1,3.67,0.59,73.41,196.75,1109.52,0,30.43243,-9.59275,32.31778,-9.24208,32.31778,-9.24208
CPG102462,2024-10-18,Tadla (Fkih Ben Salah),Béni Mellal,Béni Mellal-Khénifra,Fromage frais,Camionnette réfrigérée,45.1,28.4,55.5,95.1,39.6,0,4.92,0.75,7.82,20.96,232.36,0,32.46986,-6.71183,32.32992,-6.34822,32.32992,-6.34822
CPG102463,2024-12-24,Marrakech,Oujda,Oriental,Fromage frais,Camion standard,734.2,76.9,552.9,572.5,19.7,1,4.83,0.46,209.0,560.12,3095.25,0,31.62425,-7.97545,34.72461,-1.92633,34.72461,-1.92633
CPG102464,2024-04-17,Agadir,Béni Mellal,Béni Mellal-Khénifra,Beurre,Camion standard,426.8,62.1,375.3,412.6,37.4,0,9.1,0.72,113.61,304.47,1834.6,0,30.43707,-9.58862,32.32218,-6.37158,32.32218,-6.37158
CPG102465,2024-07-09,Agadir,Nador,Oriental,Yaourt,Camion réfrigéré,962.4,57.2,987.4,1009.8,22.4,0,8.05,0.66,339.03,908.59,4411.83,0,30.42354,-9.61635,35.13311,-2.92148,35.13311,-2.92148
CPG102466,2024-11-06,Tadla (Fkih Ben Salah),Fès,Fès-Meknès,Beurre,Camion réfrigéré,284.5,70.0,228.2,243.8,15.6,1,6.92,0.58,90.44,242.37,1739.59,0,32.50882,-6.68526,34.04586,-5.00882,34.04586,-5.00882
CPG102467,2024-09-29,Agadir,Nador,Oriental,Lait UHT,Camion réfrigéré,962.5,61.3,942.5,942.5,0.0,1,1.75,0.73,321.02,860.34,5540.91,0,30.44591,-9.61956,35.16061,-2.91673,35.16061,-2.91673
CPG102468,2024-03-15,Marrakech,Marrakech,Marrakech-Safi,Lait UHT,Camion standard,5.0,6.2,4.9,48.3,43.4,0,7.99,0.3,1.5,4.02,139.34,0,31.6501,-7.96244,31.62865,-7.96001,31.62865,-7.96001
CPG102469,2024-12-29,Agadir,Rabat,Rabat-Salé-Kénitra,Fromage frais,Camion standard,642.2,61.8,614.9,623.1,8.3,1,5.76,0.45,171.25,458.95,2365.7,0,30.40252,-9.58832,34.01138,-6.83361,34.01138,-6.83361
CPG102470,2024-06-14,Tadla (Fkih Ben Salah),Safi,Marrakech-Safi,Fromage frais,Camion réfrigéré,306.3,47.4,373.2,387.4,14.1,1,3.87,0.8,103.84,278.28,1599.36,0,32.47965,-6.65914,32.29088,-9.25541,32.29088,-9.25541
CPG102471,2024-04-28,Tadla (Fkih Ben Salah),Safi,Marrakech-Safi,Lait UHT,Camion réfrigéré,265.0,71.8,199.6,221.3,21.8,0,4.06,0.49,90.69,243.04,1535.21,0,32.49159,-6.71505,32.34016,-9.20541,32.34016,-9.20541
CPG102472,2024-06-14,Tadla (Fkih Ben Salah),Rabat,Rabat-Salé-Kénitra,Lait pasteurisé,Camion réfrigéré,186.9,56.1,195.7,199.7,4.0,1,7.99,0.7,67.38,180.57,1026.45,0,32.49558,-6.66527,34.00935,-6.83909,34.00935,-6.83909
CPG102473,2024-07-26,Agadir,Safi,Marrakech-Safi,Lait UHT,Camion réfrigéré,270.0,69.5,224.1,233.2,9.1,1,1.81,0.63,98.71,264.54,1308.44,0,30.41679,-9.59891,32.30022,-9.20279,32.30022,-9.20279
CPG102474,2024-01-03,Tadla (Fkih Ben Salah),Khouribga,Béni Mellal-Khénifra,Lben,Camion réfrigéré,49.6,51.4,52.4,58.0,5.5,1,5.15,0.63,16.34,43.78,314.94,0,32.52397,-6.69579,32.87732,-6.93132,32.87732,-6.93132
CPG102475,2024-08-15,Tadla (Fkih Ben Salah),Meknès,Fès-Meknès,Fromage frais,Camion réfrigéré,242.8,73.5,193.8,198.3,4.5,1,10.3,0.79,76.82,205.89,1420.09,0,32.52389,-6.69312,33.89564,-5.5485,33.89564,-5.5485
CPG102476,2024-10-26,Tadla (Fkih Ben Salah),El Jadida,Casablanca-Settat,Yaourt,Camion standard,204.4,52.4,220.1,233.9,13.8,1,8.86,0.34,58.12,155.77,813.87,0,32.50416,-6.68841,33.20775,-8.46271,33.20775,-8.46271
CPG102477,2024-02-15,Agadir,Khouribga,Béni Mellal-Khénifra,Fromage frais,Camion réfrigéré,473.9,86.0,327.4,330.6,3.1,1,5.77,0.87,174.03,466.39,2753.2,0,30.40204,-9.60142,32.87399,-6.93967,32.87399,-6.93967
CPG102478,2024-08-22,Agadir,Khouribga,Béni Mellal-Khénifra,Fromage frais,Camion réfrigéré,416.8,60.8,400.5,411.1,10.6,1,6.83,0.72,124.65,334.06,2159.39,0,30.41682,-9.5753,32.92203,-6.88177,32.92203,-6.88177
CPG102479,2024-06-25,Agadir,Meknès,Fès-Meknès,Lait UHT,Camion standard,578.8,73.2,473.2,474.2,1.0,1,5.29,0.74,150.82,404.2,2060.01,0,30.44313,-9.60494,33.89553,-5.55957,33.89553,-5.55957
CPG102480,2024-09-16,Casablanca,Meknès,Fès-Meknès,Fromage frais,Camion réfrigéré,216.8,74.6,161.7,174.4,12.7,1,5.77,0.85,78.94,211.57,1312.22,0,33.5573,-7.59062,33.94164,-5.5396,33.94164,-5.5396
CPG102481,2024-06-25,Tadla (Fkih Ben Salah),Laâyoune,Laâyoune-Sakia El Hamra,Lait pasteurisé,Camion standard,1104.0,66.4,941.5,997.8,56.2,0,7.51,0.51,327.9,878.79,4276.07,0,32.48728,-6.69239,27.15675,-13.13642,27.15675,-13.13642
CPG102482,2024-07-29,Agadir,El Jadida,Casablanca-Settat,Yaourt,Camion réfrigéré,372.5,69.5,299.5,321.5,22.0,0,4.56,0.86,121.26,324.97,2201.38,0,30.45103,-9.56804,33.26421,-8.5416,33.26421,-8.5416
CPG102483,2024-10-18,Casablanca,Tanger,Tanger-Tétouan-Al Hoceïma,Crème fraîche,Camion réfrigéré,336.5,58.2,346.7,347.0,0.2,1,10.76,0.74,111.16,297.9,1796.47,1,33.61327,-7.6003,35.78464,-5.82822,35.78464,-5.82822
CPG102484,2024-12-24,Rabat,Kénitra,Rabat-Salé-Kénitra,Lait UHT,Camion standard,44.3,60.8,31.8,43.7,11.9,1,7.59,0.99,11.91,31.93,294.55,0,34.0193,-6.87445,34.2241,-6.61999,34.2241,-6.61999
CPG102485,2024-07-19,Agadir,Agadir,Souss-Massa,Fromage frais,Camionnette réfrigérée,5.0,8.4,5.2,35.9,30.7,0,1.97,0.52,0.94,2.51,47.64,0,30.43916,-9.59122,30.40489,-9.58591,30.40489,-9.58591
CPG102486,2024-03-03,Marrakech,Settat,Casablanca-Settat,Fromage frais,Camion réfrigéré,169.4,66.0,154.1,154.1,0.0,1,8.14,0.99,58.59,157.03,974.4,0,31.60695,-7.96855,32.99645,-7.65245,32.99645,-7.65245
CPG102487,2024-05-17,Rabat,Essaouira,Marrakech-Safi,Yaourt,Camion réfrigéré,414.5,51.0,347.1,487.6,140.5,0,9.76,0.62,149.17,399.77,2353.33,0,34.02351,-6.83028,31.51885,-9.80961,31.51885,-9.80961
CPG102488,2024-05-08,Tadla (Fkih Ben Salah),Marrakech,Marrakech-Safi,Yaourt,Camion standard,201.0,81.2,143.6,148.6,5.0,1,9.72,0.79,51.93,139.16,986.88,0,32.47338,-6.67363,31.63077,-7.96731,31.63077,-7.96731
CPG102489,2024-11-16,Casablanca,Meknès,Fès-Meknès,Yaourt,Camionnette réfrigérée,208.7,62.1,194.0,201.5,7.5,1,5.77,0.78,35.77,95.88,692.2,1,33.55579,-7.62011,33.89571,-5.5482,33.89571,-5.5482
CPG102490,2024-09-10,Tadla (Fkih Ben Salah),Khouribga,Béni Mellal-Khénifra,Lait pasteurisé,Camion réfrigéré,61.7,39.7,69.7,93.4,23.6,0,8.32,0.57,19.98,53.56,393.25,1,32.50493,-6.67428,32.90961,-6.91162,32.90961,-6.91162
CPG102491,2024-06-28,Tadla (Fkih Ben Salah),Agadir,Souss-Massa,Lben,Camion standard,407.6,74.0,298.5,330.5,32.0,0,4.83,0.97,111.71,299.39,1436.45,0,32.48109,-6.65335,30.45298,-9.60166,30.45298,-9.60166
CPG102492,2024-05-12,Agadir,Settat,Casablanca-Settat,Beurre,Camion réfrigéré,374.6,54.2,410.3,414.3,3.9,1,0.7,0.49,134.07,359.31,1946.67,0,30.43853,-9.58989,32.98166,-7.61219,32.98166,-7.61219
CPG102493,2024-01-07,Agadir,Khouribga,Béni Mellal-Khénifra,Lait UHT,Camion réfrigéré,411.2,74.0,315.9,333.4,17.5,1,7.77,0.35,120.78,323.7,2215.54,0,30.42951,-9.59753,32.85618,-6.93313,32.85618,-6.93313
CPG102494,2024-02-15,Casablanca,Meknès,Fès-Meknès,Lait UHT,Camion standard,236.8,66.2,203.0,214.5,11.5,1,5.59,0.9,69.06,185.09,895.81,0,33.57592,-7.61365,33.88559,-5.55061,33.88559,-5.55061
CPG102495,2024-05-31,Marrakech,Tanger,Tanger-Tétouan-Al Hoceïma,Lait UHT,Camion réfrigéré,555.2,54.8,601.3,608.2,6.9,1,10.11,1.0,171.3,459.08,2676.17,0,31.63664,-8.04201,35.76492,-5.84006,35.76492,-5.84006
CPG102496,2024-08-09,Rabat,Nador,Oriental,Beurre,Camionnette réfrigérée,454.2,43.8,621.2,622.5,1.3,1,6.41,0.85,91.72,245.81,1405.78,0,34.02022,-6.88294,35.13912,-2.93972,35.13912,-2.93972
CPG102497,2024-07-30,Agadir,Khouribga,Béni Mellal-Khénifra,Beurre,Camion standard,497.5,60.3,384.5,494.8,110.4,0,9.13,0.55,130.38,349.43,1822.5,0,30.44162,-9.6209,32.82455,-6.90359,32.82455,-6.90359
CPG102498,2024-09-17,Marrakech,Meknès,Fès-Meknès,Fromage frais,Camion réfrigéré,390.4,59.5,382.7,393.8,11.0,1,6.36,0.89,127.78,342.44,2224.57,0,31.63768,-8.01966,33.88905,-5.51914,33.88905,-5.51914
CPG102499,2024-01-31,Marrakech,Khouribga,Béni Mellal-Khénifra,Yaourt,Camion standard,220.5,58.0,196.9,228.3,,0,10.64,0.86,64.94,174.05,897.12,0,31.58115,-7.96182,32.89228,-6.9076,32.89228,-6.9076
CPG102500,2024-12-07,Marrakech,Agadir,Souss-Massa,Crème fraîche,Camion réfrigéré,256.0,58.7,244.5,261.6,17.1,1,7.31,0.58,83.53,223.85,1478.83,0,31.60298,-7.98753,30.45547,-9.62629,30.45547,-9.62629
CPG102501,2024-11-03,Tadla (Fkih Ben Salah),Nador,Oriental,Beurre,Camion réfrigéré,557.6,57.8,569.2,578.8,9.5,1,3.15,0.79,186.8,500.62,3211.35,0,32.51015,-6.71778,35.18392,-2.92158,35.18392,-2.92158
CPG102502,2024-03-11,Agadir,Tanger,Tanger-Tétouan-Al Hoceïma,Lait pasteurisé,Camion standard,824.6,69.9,699.5,707.9,8.4,1,5.36,0.82,202.55,542.83,3057.85,0,30.40889,-9.6058,35.73425,-5.88733,35.73425,-5.88733
CPG102503,2024-03-02,Agadir,Laâyoune,Laâyoune-Sakia El Hamra,Lait UHT,Camion réfrigéré,610.7,52.6,658.8,696.1,37.4,0,3.82,0.91,206.96,554.66,3241.27,0,30.41443,-9.61368,27.08335,-13.16922,27.08335,-13.16922
CPG102504,2024-01-23,Rabat,Meknès,Fès-Meknès,Lait pasteurisé,Camion réfrigéré,154.6,58.6,121.6,158.4,36.8,0,6.61,0.58,55.15,147.8,989.4,1,34.01212,-6.81361,33.91862,-5.50272,33.91862,-5.50272
CPG102505,2024-01-20,Casablanca,Casablanca,Casablanca-Settat,Lait UHT,Camion standard,5.0,45.5,3.7,6.6,2.9,1,7.21,0.84,1.39,3.73,129.56,0,33.58186,-7.57777,33.53153,-7.60967,33.53153,-7.60967
CPG102506,2024-03-16,Agadir,Salé,Rabat-Salé-Kénitra,Crème fraîche,Camion standard,582.2,47.6,625.4,733.6,108.3,0,6.78,0.97,164.49,440.84,2098.47,0,30.43717,-9.61384,34.07945,-6.792,34.07945,-6.792
CPG102507,2024-06-16,Casablanca,Salé,Rabat-Salé-Kénitra,Lait pasteurisé,Camionnette réfrigérée,99.8,55.6,94.1,107.7,13.6,1,7.17,0.9,19.35,51.86,447.16,1,33.55514,-7.57999,34.08576,-6.78965,34.08576,-6.78965
CPG102508,2024-11-30,Rabat,Marrakech,Marrakech-Safi,Lben,Camion standard,377.3,85.0,261.5,266.3,4.9,1,1.38,0.75,107.22,287.35,1631.04,0,34.04371,-6.85246,31.65198,-7.97655,31.65198,-7.97655
CPG102509,2024-08-21,Agadir,Fès,Fès-Meknès,Lait pasteurisé,Camion réfrigéré,782.9,59.3,755.6,792.2,36.6,0,7.8,0.68,244.44,655.11,3770.07,0,30.42768,-9.5835,34.03235,-4.99238,34.03235,-4.99238
CPG102510,2024-05-20,Tadla (Fkih Ben Salah),Marrakech,Marrakech-Safi,Lait UHT,Camion réfrigéré,168.8,58.0,174.7,174.7,0.0,1,5.86,0.64,56.11,150.36,1048.3,0,32.51602,-6.69509,31.66209,-7.98732,31.66209,-7.98732
CPG102511,2024-03-25,Tadla (Fkih Ben Salah),Safi,Marrakech-Safi,Lait pasteurisé,Camion standard,295.5,71.7,219.4,247.2,27.8,0,1.69,0.72,78.12,209.36,1122.14,0,32.50347,-6.68016,32.33765,-9.22463,32.33765,-9.22463
CPG102512,2024-07-24,Casablanca,Khouribga,Béni Mellal-Khénifra,Lait UHT,Camion réfrigéré,127.0,56.8,113.9,134.2,20.3,0,4.32,0.74,36.93,98.97,631.59,0,33.56873,-7.59547,32.81616,-6.89617,32.81616,-6.89617
CPG102513,2024-12-16,Tadla (Fkih Ben Salah),Oujda,Oriental,Lait pasteurisé,Camion standard,556.1,77.4,427.8,430.9,3.1,1,3.51,0.98,168.16,450.67,2211.86,1,32.50904,-6.65979,34.75976,-1.87971,34.75976,-1.87971
CPG102514,2024-11-17,Rabat,Agadir,Souss-Massa,Lait pasteurisé,Camion réfrigéré,609.3,72.4,505.1,505.1,0.0,1,4.42,0.76,207.72,556.69,3218.24,0,34.01592,-6.83239,30.49184,-9.60925,30.49184,-9.60925
CPG102515,2024-06-11,Tadla (Fkih Ben Salah),Laâyoune,Laâyoune-Sakia El Hamra,Fromage frais,Camionnette réfrigérée,1065.3,61.4,943.0,1040.3,97.2,0,10.56,0.75,216.85,581.15,3582.85,0,32.51228,-6.68669,27.1101,-13.1745,27.1101,-13.1745
CPG102516,2024-08-15,Casablanca,Tétouan,Tanger-Tétouan-Al Hoceïma,Fromage frais,Camion réfrigéré,348.5,80.4,260.1,260.1,0.0,1,10.4,0.77,128.09,343.29,1734.03,0,33.55093,-7.61387,35.56638,-5.33451,35.56638,-5.33451
CPG102517,2024-01-17,Tadla (Fkih Ben Salah),El Jadida,Casablanca-Settat,Lait pasteurisé,Camion standard,207.2,45.1,236.4,275.6,39.2,0,6.54,0.66,51.03,136.76,804.21,0,32.50499,-6.67957,33.25675,-8.54496,33.25675,-8.54496
CPG102518,2024-03-09,Marrakech,Marrakech,Marrakech-Safi,Lait UHT,Camion réfrigéré,5.0,2.7,4.4,111.5,107.1,0,4.15,0.66,1.71,4.59,90.6,0,31.63693,-8.02001,31.63314,-7.99494,31.63314,-7.99494
CPG102519,2024-08-10,Casablanca,Settat,Casablanca-Settat,Lait UHT,Camion réfrigéré,81.4,51.2,84.3,95.3,11.0,1,8.09,0.68,24.05,64.46,542.51,0,33.57138,-7.58248,32.98662,-7.59781,32.98662,-7.59781
CPG102520,2024-01-31,Marrakech,Safi,Marrakech-Safi,Lait UHT,Camionnette réfrigérée,185.7,52.0,200.0,214.1,14.1,1,9.98,0.88,37.81,101.34,793.93,0,31.61455,-7.95511,32.33579,-9.25642,32.33579,-9.25642
CPG102521,2024-09-05,Marrakech,Khouribga,Béni Mellal-Khénifra,Fromage frais,Camion réfrigéré,189.3,39.8,160.0,285.3,125.3,0,9.41,0.66,57.76,154.79,1225.07,0,31.64967,-7.99009,32.92767,-6.92288,32.92767,-6.92288
CPG102522,2024-08-01,Rabat,Settat,Casablanca-Settat,Yaourt,Camion standard,158.7,70.8,124.3,134.6,10.3,1,4.44,0.82,49.17,131.78,685.27,0,34.02494,-6.91063,33.03215,-7.59891,33.03215,-7.59891
CPG102523,2024-11-17,Agadir,El Jadida,Casablanca-Settat,Lait UHT,Camion standard,365.9,72.0,304.9,304.9,0.0,1,3.31,0.64,92.41,247.66,1539.81,0,30.41702,-9.57712,33.25019,-8.43809,33.25019,-8.43809
CPG102524,2024-11-01,Marrakech,Taroudant,Souss-Massa,Crème fraîche,Camionnette réfrigérée,170.9,63.3,150.1,162.1,12.0,1,6.4,0.93,33.38,89.46,651.6,0,31.64532,-7.99082,30.44723,-8.86423,30.44723,-8.86423
CPG102525,2024-05-17,Tadla (Fkih Ben Salah),Agadir,Souss-Massa,Yaourt,Camion réfrigéré,457.4,51.2,428.1,536.0,107.9,0,8.63,0.88,142.4,381.64,2759.49,0,32.49474,-6.65666,30.4533,-9.62178,30.4533,-9.62178
CPG102526,2024-04-30,Marrakech,Settat,Casablanca-Settat,Lait pasteurisé,Camion standard,175.3,41.5,127.5,253.7,126.3,0,4.07,0.73,44.93,120.41,806.39,0,31.6341,-7.93416,32.99378,-7.64971,32.99378,-7.64971
CPG102527,2024-04-22,Agadir,Laâyoune,Laâyoune-Sakia El Hamra,Lait UHT,Camion réfrigéré,545.8,58.2,552.3,562.7,10.5,1,5.82,0.73,186.81,500.65,2667.52,0,30.41885,-9.61703,27.11626,-13.2135,27.11626,-13.2135
CPG102528,2024-08-25,Casablanca,Taroudant,Souss-Massa,Yaourt,Camion réfrigéré,438.6,58.0,436.3,453.9,17.6,1,6.91,0.81,150.97,404.61,2265.2,0,33.57961,-7.61337,30.50872,-8.93991,30.50872,-8.93991
CPG102529,2024-07-13,Rabat,Khouribga,Béni Mellal-Khénifra,Lben,Camion réfrigéré,138.3,64.7,120.7,128.2,7.5,1,8.52,0.66,45.52,122.0,918.62,0,33.96475,-6.84869,32.88643,-6.89606,32.88643,-6.89606
CPG102530,2024-09-06,Agadir,Tanger,Tanger-Tétouan-Al Hoceïma,Lben,Camion réfrigéré,896.8,67.5,762.1,797.1,35.0,0,4.2,0.7,269.74,722.9,4876.99,0,30.44581,-9.60496,35.76105,-5.83208,35.76105,-5.83208
CPG102531,2024-05-15,Tadla (Fkih Ben Salah),Fès,Fès-Meknès,Lait UHT,Camion réfrigéré,243.4,51.6,234.2,282.9,48.7,0,2.12,0.82,79.46,212.96,1340.89,0,32.54146,-6.6959,33.98539,-4.99447,33.98539,-4.99447
CPG102532,2024-09-06,Casablanca,Meknès,Fès-Meknès,Yaourt,Camion standard,235.4,61.2,217.6,230.8,13.2,1,6.7,0.77,64.57,173.04,998.22,0,33.56576,-7.60096,33.86672,-5.55299,33.86672,-5.55299
CPG102533,2024-04-06,Casablanca,El Jadida,Casablanca-Settat,Yaourt,Camion réfrigéré,113.5,39.7,83.4,171.6,88.2,0,5.79,0.85,39.57,106.06,620.3,0,33.55372,-7.58114,33.27773,-8.53194,33.27773,-8.53194
CPG102534,2024-05-19,Casablanca,Kénitra,Rabat-Salé-Kénitra,Lait UHT,Camionnette réfrigérée,153.2,67.1,132.4,137.0,4.6,1,3.5,0.86,25.7,68.88,603.24,0,33.54905,-7.56626,34.33173,-6.63046,34.33173,-6.63046
CPG102535,2024-10-06,Rabat,Agadir,Souss-Massa,Yaourt,Camion réfrigéré,515.1,39.4,781.0,784.0,3.0,1,6.8,0.65,176.59,473.25,2705.54,0,33.98581,-6.82666,30.44623,-9.5984,30.44623,-9.5984
CPG102536,2024-09-19,Rabat,Meknès,Fès-Meknès,Crème fraîche,Camion standard,136.7,54.2,125.6,151.3,25.7,0,10.21,0.49,34.09,91.35,733.79,0,33.98707,-6.84263,33.89898,-5.534,33.89898,-5.534
CPG102537,2024-07-07,Marrakech,Fès,Fès-Meknès,Lait pasteurisé,Camion standard,415.2,66.0,343.0,377.6,34.6,0,7.51,0.53,105.11,281.7,1491.4,0,31.61663,-7.97744,33.98414,-4.99951,33.98414,-4.99951
CPG102538,2024-12-09,Marrakech,Laâyoune,Laâyoune-Sakia El Hamra,Lait pasteurisé,Camion réfrigéré,835.7,60.9,705.5,823.9,118.4,0,10.85,0.84,285.32,764.67,4723.84,0,31.60878,-7.97811,27.10893,-13.16134,27.10893,-13.16134
CPG102539,2024-07-21,Casablanca,Rabat,Rabat-Salé-Kénitra,Lait UHT,Camionnette réfrigérée,97.7,54.5,90.7,107.6,16.8,1,4.31,0.79,19.93,53.41,404.72,0,33.5508,-7.57947,34.07344,-6.8385,34.07344,-6.8385
CPG102540,2024-12-30,Marrakech,Laâyoune,Laâyoune-Sakia El Hamra,Lait UHT,Camionnette réfrigérée,768.0,55.4,807.2,831.1,23.9,0,9.51,0.78,155.79,417.52,2860.52,0,31.59461,-7.98889,27.06839,-13.12323,27.06839,-13.12323
CPG102541,2024-06-06,Marrakech,Khouribga,Béni Mellal-Khénifra,Yaourt,Camion réfrigéré,201.7,59.1,163.5,204.7,41.2,0,6.16,0.65,64.1,171.79,1139.9,0,31.63627,-7.9836,32.86489,-6.84533,32.86489,-6.84533
CPG102542,2024-06-15,Agadir,Béni Mellal,Béni Mellal-Khénifra,Lait pasteurisé,Camion réfrigéré,418.4,60.5,386.8,415.1,28.2,0,0.2,0.72,124.94,334.84,2044.41,0,30.40919,-9.59743,32.30346,-6.2705,32.30346,-6.2705
CPG102543,2024-10-06,Tadla (Fkih Ben Salah),Settat,Casablanca-Settat,Lben,Camion réfrigéré,112.9,59.0,114.8,114.8,0.0,1,7.45,0.76,37.76,101.2,677.43,0,32.51306,-6.71067,33.05396,-7.61786,33.05396,-7.61786
CPG102544,2024-08-05,Casablanca,Rabat,Rabat-Salé-Kénitra,Yaourt,Camion standard,95.9,42.6,87.1,135.0,47.8,0,7.64,0.75,24.05,64.44,467.82,0,33.55204,-7.61431,34.00161,-6.85434,34.00161,-6.85434
CPG102545,2024-03-05,Marrakech,Settat,Casablanca-Settat,Beurre,Camion réfrigéré,196.3,69.4,153.3,169.7,16.4,1,5.59,0.68,60.44,161.98,1160.69,0,31.6193,-7.99833,32.95857,-7.61371,32.95857,-7.61371
CPG102546,2024-11-05,Tadla (Fkih Ben Salah),Kénitra,Rabat-Salé-Kénitra,Yaourt,Camion réfrigéré,256.7,54.2,279.5,284.4,4.9,1,12.33,0.59,83.17,222.89,1528.59,0,32.49701,-6.70615,34.27161,-6.53399,34.27161,-6.53399
CPG102547,2024-01-02,Marrakech,Meknès,Fès-Meknès,Lait UHT,Camion réfrigéré,442.2,65.5,405.4,405.4,0.0,1,5.21,0.77,148.05,396.76,2246.98,0,31.63308,-7.98896,33.89857,-5.57744,33.89857,-5.57744
CPG102548,2024-03-04,Rabat,Meknès,Fès-Meknès,Beurre,Camion réfrigéré,145.4,60.6,143.9,143.9,0.0,1,5.51,0.6,42.38,113.58,816.2,0,34.05312,-6.81441,33.91571,-5.58057,33.91571,-5.58057
CPG102549,2024-03-28,Agadir,Safi,Marrakech-Safi,Lait pasteurisé,Camion réfrigéré,274.1,62.1,243.8,265.0,21.2,0,7.75,0.49,99.17,265.78,1556.05,0,30.39663,-9.59672,32.30767,-9.29138,32.30767,-9.29138
CPG102550,2024-04-05,Tadla (Fkih Ben Salah),Béni Mellal,Béni Mellal-Khénifra,Beurre,Camionnette réfrigérée,47.7,39.5,53.6,72.3,18.8,1,1.6,0.89,8.96,24.01,172.11,0,32.50068,-6.68622,32.34575,-6.30728,32.34575,-6.30728
CPG102551,2024-02-28,Tadla (Fkih Ben Salah),Tanger,Tanger-Tétouan-Al Hoceïma,Lait UHT,Camion réfrigéré,494.1,62.6,462.3,473.3,11.0,1,2.99,0.74,178.69,478.9,2803.13,0,32.49295,-6.69119,35.7897,-5.87045,35.7897,-5.87045
CPG102552,2024-08-01,Casablanca,Agadir,Souss-Massa,Fromage frais,Camion réfrigéré,474.5,79.3,358.9,359.1,0.1,1,6.79,0.9,161.19,431.99,2548.94,0,33.58051,-7.55785,30.43887,-9.58805,30.43887,-9.58805
CPG102553,2024-11-04,Marrakech,Nador,Oriental,Yaourt,Camion réfrigéré,672.0,66.1,591.7,610.0,18.4,1,12.47,0.88,213.22,571.43,3294.5,0,31.62949,-7.97835,35.17957,-2.91075,35.17957,-2.91075
CPG102554,2024-09-30,Casablanca,Agadir,Souss-Massa,Lait UHT,Camion réfrigéré,449.4,78.1,341.6,345.5,3.8,1,2.39,0.49,150.67,403.79,2505.17,0,33.56656,-7.5961,30.41405,-9.62719,30.41405,-9.62719
CPG102555,2024-06-07,Tadla (Fkih Ben Salah),Safi,Marrakech-Safi,Lait UHT,Camionnette réfrigérée,319.3,50.8,377.2,377.2,0.0,1,9.03,0.76,52.42,140.48,1033.04,0,32.51237,-6.68693,32.3055,-9.21134,32.3055,-9.21134
CPG102556,2024-07-28,Tadla (Fkih Ben Salah),Marrakech,Marrakech-Safi,Beurre,Camion réfrigéré,174.5,81.3,127.1,128.8,1.7,1,9.42,0.73,51.77,138.74,996.61,0,32.52237,-6.70156,31.61386,-7.96211,31.61386,-7.96211
CPG102557,2024-10-19,Casablanca,Oujda,Oriental,Crème fraîche,Camion standard,612.5,50.7,583.3,725.4,142.1,0,9.37,0.8,168.6,451.84,2759.68,0,33.56122,-7.59217,34.66184,-1.95292,34.66184,-1.95292
CPG102558,2024-05-10,Agadir,Salé,Rabat-Salé-Kénitra,Lait UHT,Camion standard,562.3,71.7,466.9,470.5,3.7,1,4.12,0.68,153.22,410.63,1920.28,0,30.4058,-9.61405,34.01461,-6.80269,34.01461,-6.80269
CPG102559,2024-02-21,Casablanca,Taroudant,Souss-Massa,Beurre,Camion réfrigéré,400.4,60.9,383.0,394.7,11.7,1,4.41,0.25,142.84,382.81,2217.09,0,33.58792,-7.54925,30.48483,-8.8827,30.48483,-8.8827
CPG102560,2024-05-31,Tadla (Fkih Ben Salah),Meknès,Fès-Meknès,Lait UHT,Camion réfrigéré,205.8,54.1,202.2,228.4,26.2,0,8.76,0.7,66.04,176.99,1174.34,0,32.51278,-6.66469,33.8556,-5.59424,33.8556,-5.59424
CPG102561,2024-10-20,Casablanca,Tétouan,Tanger-Tétouan-Al Hoceïma,Beurre,Camion réfrigéré,357.0,79.4,265.0,269.9,4.9,1,5.89,0.58,107.55,288.23,1765.98,0,33.56952,-7.59204,35.59547,-5.4032,35.59547,-5.4032
CPG102562,2024-02-21,Rabat,Laâyoune,Laâyoune-Sakia El Hamra,Lait UHT,Camion standard,1306.9,68.0,1113.8,1153.4,39.6,0,3.55,0.78,357.61,958.39,4842.42,0,34.00201,-6.79872,27.07732,-13.17779,27.07732,-13.17779
CPG102563,2024-06-23,Tadla (Fkih Ben Salah),Khouribga,Béni Mellal-Khénifra,Beurre,Camionnette réfrigérée,58.6,37.5,74.4,93.9,19.5,1,6.5,0.9,10.25,27.46,266.67,0,32.43529,-6.65876,32.88171,-6.91302,32.88171,-6.91302
CPG102564,2024-06-29,Marrakech,Casablanca,Casablanca-Settat,Lait pasteurisé,Camion standard,277.0,69.5,222.3,239.1,16.8,1,8.0,0.93,75.17,201.47,1293.33,0,31.62353,-8.00684,33.58281,-7.61604,33.58281,-7.61604
CPG102565,2024-04-08,Marrakech,Salé,Rabat-Salé-Kénitra,Crème fraîche,Camionnette réfrigérée,358.8,49.1,392.3,438.0,45.7,0,2.8,0.63,66.57,178.42,1242.39,0,31.6556,-7.97439,33.9932,-6.80774,33.9932,-6.80774
CPG102566,2024-09-21,Casablanca,Tétouan,Tanger-Tétouan-Al Hoceïma,Yaourt,Camion standard,407.4,71.9,340.2,340.2,0.0,1,2.73,0.8,112.59,301.73,1679.09,0,33.58686,-7.61208,35.5818,-5.3145,35.5818,-5.3145
CPG102567,2024-06-14,Agadir,Nador,Oriental,Yaourt,Camion réfrigéré,901.3,78.7,680.0,686.7,6.7,1,4.09,0.9,290.32,778.05,4585.42,0,30.43879,-9.60229,35.13532,-2.95397,35.13532,-2.95397
CPG102568,2024-10-28,Marrakech,Nador,Oriental,Lait pasteurisé,Camion réfrigéré,756.3,62.4,716.3,727.5,11.2,1,11.61,0.52,217.84,583.8,4125.79,0,31.64949,-7.95475,35.18464,-2.93691,35.18464,-2.93691
CPG102569,2024-01-07,Tadla (Fkih Ben Salah),Casablanca,Casablanca-Settat,Lait pasteurisé,Camion réfrigéré,184.7,56.0,169.7,197.8,28.1,0,8.17,0.55,61.03,163.57,1110.46,0,32.52325,-6.7194,33.55523,-7.65736,33.55523,-7.65736
CPG102570,2024-12-26,Marrakech,Marrakech,Marrakech-Safi,Lait UHT,Camion standard,5.0,12.6,4.4,23.7,19.4,1,5.13,0.65,1.35,3.61,97.29,0,31.64794,-7.98508,31.6206,-7.93315,31.6206,-7.93315
CPG102571,2024-12-21,Tadla (Fkih Ben Salah),Marrakech,Marrakech-Safi,Crème fraîche,Camion réfrigéré,166.0,46.9,133.7,212.3,78.7,0,5.27,0.83,54.51,146.09,1008.78,0,32.5288,-6.71118,31.62965,-7.93719,31.62965,-7.93719
CPG102572,2024-08-12,Casablanca,Taroudant,Souss-Massa,Fromage frais,Camion réfrigéré,412.7,60.9,274.8,406.5,131.7,0,7.73,0.67,144.06,386.07,2090.68,0,33.6027,-7.57992,30.47945,-8.89167,30.47945,-8.89167
CPG102573,2024-10-01,Marrakech,Kénitra,Rabat-Salé-Kénitra,Yaourt,Camion réfrigéré,371.1,54.9,405.4,405.4,0.0,1,7.4,0.8,123.52,331.04,2027.4,0,31.63079,-8.00227,34.29821,-6.57778,34.29821,-6.57778
CPG102574,2024-05-30,Casablanca,Tétouan,Tanger-Tétouan-Al Hoceïma,Beurre,Camion réfrigéré,350.8,66.9,296.5,314.5,18.0,1,11.07,0.77,125.9,337.42,1835.45,0,33.55262,-7.58993,35.57123,-5.36081,35.57123,-5.36081
CPG102575,2024-04-02,Rabat,Salé,Rabat-Salé-Kénitra,Lait pasteurisé,Camion réfrigéré,6.9,9.4,6.5,43.7,37.2,0,9.7,0.66,2.52,6.75,181.75,0,34.01877,-6.82704,34.12016,-6.74884,34.12016,-6.74884
CPG102576,2024-02-18,Casablanca,Nador,Oriental,Lait UHT,Camion réfrigéré,487.3,59.0,483.8,495.3,11.5,1,5.01,0.56,150.46,403.24,2753.93,0,33.55779,-7.55037,35.16402,-2.94522,35.16402,-2.94522
CPG102577,2024-02-16,Rabat,Taroudant,Souss-Massa,Lait pasteurisé,Camion réfrigéré,488.6,75.1,382.7,390.3,7.5,1,10.52,0.76,163.87,439.17,2606.65,0,34.02213,-6.83161,30.50657,-8.84205,30.50657,-8.84205
CPG102578,2024-10-18,Rabat,Agadir,Souss-Massa,Yaourt,Camion réfrigéré,548.5,55.5,570.3,593.3,23.0,0,6.46,0.68,160.43,429.95,3164.48,0,34.04168,-6.82285,30.44396,-9.56089,30.44396,-9.56089
CPG102579,2024-05-19,Tadla (Fkih Ben Salah),Salé,Rabat-Salé-Kénitra,Fromage frais,Camion réfrigéré,211.8,59.5,198.6,213.6,15.0,1,5.47,0.59,71.8,192.43,1170.57,0,32.50571,-6.69663,34.0455,-6.81318,34.0455,-6.81318
CPG102580,2024-01-25,Marrakech,Oujda,Oriental,Lait pasteurisé,Camion réfrigéré,882.6,61.0,846.6,868.2,21.6,0,4.93,0.61,320.95,860.15,4793.04,0,31.63158,-7.96418,34.7029,-1.89404,34.7029,-1.89404
CPG102581,2024-09-25,Marrakech,Rabat,Rabat-Salé-Kénitra,Lait UHT,Camion standard,332.9,61.4,322.7,325.5,2.8,1,7.33,0.87,98.76,264.67,1294.0,0,31.63581,-7.97765,33.94915,-6.82706,33.94915,-6.82706
CPG102582,2024-04-23,Marrakech,Taroudant,Souss-Massa,Lait UHT,Camion standard,184.6,66.0,160.1,167.9,7.8,1,7.8,0.86,54.28,145.47,813.99,0,31.6373,-7.97641,30.4244,-8.97233,30.4244,-8.97233
CPG102583,2024-04-10,Marrakech,Marrakech,Marrakech-Safi,Yaourt,Camion standard,5.0,9.9,3.8,30.2,26.4,0,3.21,0.7,1.34,3.6,66.66,0,31.62013,-7.9863,31.64618,-7.96607,31.64618,-7.96607
CPG102584,2024-02-13,Tadla (Fkih Ben Salah),Rabat,Rabat-Salé-Kénitra,Yaourt,Camion réfrigéré,197.3,61.4,192.1,192.9,0.8,1,6.63,0.87,69.04,185.01,1150.77,0,32.49817,-6.68041,33.96045,-6.86554,33.96045,-6.86554
CPG102585,2024-11-04,Rabat,Laâyoune,Laâyoune-Sakia El Hamra,Fromage frais,Camionnette réfrigérée,1246.2,68.6,1085.6,1090.5,4.9,1,4.06,0.69,213.95,573.39,3807.77,0,34.02548,-6.85716,27.16943,-13.21035,27.16943,-13.21035
CPG102586,2024-03-24,Rabat,Khouribga,Béni Mellal-Khénifra,Crème fraîche,Camion réfrigéré,158.9,49.1,161.2,194.2,33.0,0,3.52,0.51,50.01,134.02,946.76,0,34.01023,-6.84283,32.82839,-6.92122,32.82839,-6.92122
CPG102587,2024-07-19,Rabat,Khouribga,Béni Mellal-Khénifra,Lait pasteurisé,Camion réfrigéré,133.3,69.0,115.9,115.9,,1,10.67,0.71,42.76,114.61,817.67,0,34.02991,-6.81554,32.88247,-6.89455,32.88247,-6.89455
CPG102588,2024-01-05,Tadla (Fkih Ben Salah),Casablanca,Casablanca-Settat,Lait pasteurisé,Camion standard,163.9,81.5,120.0,120.7,0.7,1,1.62,0.69,48.64,130.36,569.84,0,32.51043,-6.67975,33.56659,-7.60629,33.56659,-7.60629
CPG102589,2024-05-08,Tadla (Fkih Ben Salah),Laâyoune,Laâyoune-Sakia El Hamra,Beurre,Camion réfrigéré,1060.2,59.6,1067.2,1067.2,0.0,1,1.83,0.47,361.18,967.97,4720.99,0,32.49526,-6.65643,27.06725,-13.11949,27.06725,-13.11949
CPG102590,2024-11-06,Agadir,Taroudant,Souss-Massa,Crème fraîche,Camion réfrigéré,80.7,53.8,80.7,89.9,9.2,1,3.43,0.95,26.6,71.29,410.23,0,30.44067,-9.59962,30.47908,-8.9091,30.47908,-8.9091
CPG102591,2024-05-21,Casablanca,Essaouira,Marrakech-Safi,Lben,Camion réfrigéré,395.4,47.9,387.8,495.2,107.4,0,13.9,0.6,138.56,371.34,2292.43,0,33.56543,-7.57348,31.50041,-9.71479,31.50041,-9.71479
CPG102592,2024-04-24,Casablanca,Rabat,Rabat-Salé-Kénitra,Lait pasteurisé,Camion standard,90.7,29.6,76.6,183.9,107.3,0,7.99,0.95,27.1,72.62,439.35,0,33.60779,-7.60073,34.08681,-6.85953,34.08681,-6.85953
CPG102593,2024-06-15,Tadla (Fkih Ben Salah),Essaouira,Marrakech-Safi,Fromage frais,Camionnette réfrigérée,378.9,54.7,383.7,415.8,32.1,0,7.54,0.94,74.85,200.59,1198.62,0,32.50225,-6.66882,31.51996,-9.73954,31.51996,-9.73954
CPG102594,2024-06-22,Tadla (Fkih Ben Salah),Safi,Marrakech-Safi,Fromage frais,Camion réfrigéré,282.6,66.4,225.8,255.5,29.7,0,8.76,0.69,99.51,266.69,1425.85,0,32.49568,-6.65398,32.27764,-9.22286,32.27764,-9.22286
CPG102595,2024-09-27,Rabat,Salé,Rabat-Salé-Kénitra,Lait UHT,Camion standard,6.9,11.6,5.3,35.7,30.4,0,2.96,0.92,1.79,4.8,69.45,0,33.98919,-6.81694,34.05766,-6.82402,34.05766,-6.82402
CPG102596,2024-07-04,Tadla (Fkih Ben Salah),Marrakech,Marrakech-Safi,Lait UHT,Camion standard,208.5,41.8,177.2,299.5,122.3,0,6.54,0.92,58.09,155.67,920.9,0,32.51127,-6.67046,31.62276,-8.02662,31.62276,-8.02662
CPG102597,2024-06-11,Rabat,Marrakech,Marrakech-Safi,Lben,Camion standard,308.7,62.6,278.5,296.0,17.5,1,3.83,0.93,76.07,203.87,1268.73,0,34.04527,-6.86213,31.60201,-7.96842,31.60201,-7.96842
CPG102598,2024-05-20,Agadir,Taroudant,Souss-Massa,Beurre,Camion réfrigéré,91.6,68.3,80.5,80.5,0.0,1,7.98,0.75,27.28,73.11,609.55,0,30.45672,-9.61933,30.45432,-8.86061,30.45432,-8.86061
CPG102599,2024-02-08,Tadla (Fkih Ben Salah),Casablanca,Casablanca-Settat,Beurre,Camion standard,162.1,58.4,107.9,166.5,58.6,0,5.51,0.8,49.44,132.49,662.29,0,32.52628,-6.67392,33.55818,-7.54819,33.55818,-7.54819
CPG100199,2024-08-10,Marrakech,Settat,Casablanca-Settat,Lait UHT,Camion réfrigéré,204.8,59.1,179.2,207.8,28.6,0,5.32,0.87,59.79,160.24,969.54,0,31.6315,-7.98678,33.01679,-7.63614,33.01679,-7.63614
CPG102200,2024-04-06,Rabat,Safi,Marrakech-Safi,Fromage frais,Camionnette réfrigérée,388.4,46.1,505.0,505.8,0.7,1,10.35,0.85,73.5,196.97,1340.85,0,34.02498,-6.86706,32.28529,-9.25286,32.28529,-9.25286
CPG102258,2024-09-16,Rabat,Khouribga,Béni Mellal-Khénifra,Fromage frais,Camion standard,168.4,75.8,133.4,133.4,0.0,1,6.86,0.76,43.19,115.76,667.11,0,34.04146,-6.85487,32.86113,-6.89854,32.86113,-6.89854
CPG100248,2024-08-11,Tadla (Fkih Ben Salah),Casablanca,Casablanca-Settat,Crème fraîche,Camion réfrigéré,190.0,63.8,177.3,178.6,1.3,1,6.13,0.78,64.65,173.26,1011.08,0,32.48083,-6.66183,33.56592,-7.60115,33.56592,-7.60115
CPG100602,2024-07-10,Marrakech,Laâyoune,Laâyoune-Sakia El Hamra,Beurre,Camionnette réfrigérée,921.6,58.6,943.4,943.4,0.0,1,5.74,0.5,179.37,480.71,3038.48,0,31.61549,-7.97036,27.11938,-13.14582,27.11938,-13.14582
CPG100249,2024-10-03,Casablanca,Meknès,Fès-Meknès,Lait pasteurisé,Camion réfrigéré,202.9,38.2,198.0,318.9,120.9,0,7.23,1.0,59.29,158.91,1202.05,0,33.55991,-7.55625,33.90703,-5.55514,33.90703,-5.55514
CPG101124,2024-10-01,Agadir,Agadir,Souss-Massa,Fromage frais,Camion réfrigéré,5.0,25.2,4.6,11.9,7.3,1,10.47,0.86,1.48,3.96,180.91,0,30.39993,-9.55812,30.42045,-9.63403,30.42045,-9.63403
CPG100456,2024-03-13,Marrakech,Settat,Casablanca-Settat,Fromage frais,Camion réfrigéré,205.5,64.7,162.5,190.4,27.9,0,6.43,0.64,61.24,164.13,1274.22,0,31.62229,-8.00567,32.96977,-7.64733,32.96977,-7.64733
CPG101291,2024-08-31,Tadla (Fkih Ben Salah),Kénitra,Rabat-Salé-Kénitra,Lait UHT,Camion réfrigéré,238.5,71.8,199.3,199.3,0.0,1,7.67,0.82,71.58,191.84,1147.71,0,32.52114,-6.73563,34.24175,-6.58881,34.24175,-6.58881
CPG101334,2024-04-08,Tadla (Fkih Ben Salah),Essaouira,Marrakech-Safi,Lait pasteurisé,Camion réfrigéré,380.7,74.3,289.2,307.3,18.1,1,8.52,0.88,125.84,337.25,2017.75,0,32.48202,-6.67152,31.54478,-9.76037,31.54478,-9.76037
